934 9276 149 137
855849 598149 543944 709490 618707 668882 190441 725089 754540 487635 767562 494663 992748 423642 165353 865560 716867 316502 285814 885608 571742 6288 836226 819288 116787 737176 488388 306174 68065 241245 113745 394554 959060 548283 99793 777875 607614 401735 528920 385358 827625 219334 437146 930452 261194 715684 325349 232743 387245 835292 681877 650149 598856 955829 550472 295842 115901 452021 495435 356706 81908 254883 635850 616564 995612 541228 197356 119085 425552 342690 554861 285260 732059 953437 868288 132386 310039 417106 669344 899070 552215 150685 436934 941731 427354 127320 891398 223631 132583 674968 672598 730948 273562 768198 114239 631600 550472 461387 323623 712371 2326 617374 278245 736034 70299 463378 787823 720661 907169 63292 954228 720895 1757 299484 963773 206808 640831 107962 770891 354510 63948 873624 533122 662183 235908 316690 893304 332352 781043 471854 156611 863866 264908 631090 263029 656462 725564 361778 192897 455665 766276 479887 918436 902069 511394 469170 419275 98990 629823 141775 536073 385888 700850 330903 829479 477955 742377 784942 861067 129685 647356 769636 980497 294607 841186 176401 420082 324357 514585 493766 901819 288146 318095 48339 988482 960457 506914 142710 180765 976330 878869 610885 493288 742329 531583 391719 221068 694920 589735 367097 265060 151769 883003 17300 289353 671383 223563 988629 602194 701609 896949 672335 969600 665655 185241 168484 82308 88992 711045 317878 767522 409236 313477 647741 245056 294597 609083 27639 894875 184487 622781 539242 887787 598160 828628 580735 959086 640695 368434 10221 378454 347764 500710 426153 481781 56489 177732 757497 469018 969262 867402 846669 368443 706454 747847 913772 108579 546804 841361 353618 778717 103740 905600 330139 399412 358108 697309 517448 775736 457782 549041 849821 947087 826949 659747 846618 965899 370590 462589 906038 3548 771666 54689 661772 599475 756090 502676 124263 109997 595508 335112 796917 224171 270763 420565 242140 350574 161980 232821 557999 53600 511568 541723 130010 916794 498726 676169 376870 12836 783069 328789 596896 586301 970894 964276 865110 956751 796632 460495 910773 268146 6065 873413 315276 320595 596860 417615 663539 897941 277279 774190 280730 294241 467004 344437 46014 144453 856310 805362 419985 190773 264365 371754 729907 165792 23129 38271 672461 644740 61278 208464 234146 119192 849518 575103 892434 628726 952464 26015 219775 22623 337822 936310 963585 790542 425748 728766 697062 220677 737110 763336 620551 33647 126359 211413 540 789157 929091 255433 465374 721172 732359 546908 383413 760585 336626 51608 16889 652835 293615 729214 681602 870263 631129 542644 476061 610267 113579 298197 136475 747257 231059 983304 535388 559300 17425 509767 225046 620885 385224 993375 190999 767055 327714 209681 682349 217116 330612 864639 164990 953551 732227 171009 603845 457419 203713 635717 977623 830072 189550 779825 371034 53867 154341 398996 673187 907087 476135 472546 313156 665847 721495 177465 814189 378124 766975 542333 855298 157560 213511 800496 76319 594237 676255 637414 119851 676997 19237 965390 439878 77001 40471 201272 787094 783248 89318 782752 449913 648277 522969 807493 229721 570624 339592 291486 460913 566418 652153 129465 413123 176977 669998 760131 989140 111445 590131 59649 749823 312995 144064 553518 275389 428763 150230 852186 34983 745355 489629 184878 535582 781043 969258 718367 133659 242723 355277 828940 421991 145198 17085 537942 689941 71162 423528 660212 324375 328476 524010 37345 327375 929136 68333 758367 120890 721571 881627 217442 780572 263022 172818 223955 135506 474579 804715 527884 330611 108793 88996 974588 713994 805247 627181 362214 914339 463663 817614 877766 273191 523860 748047 390170 910990 471039 413685 212783 383663 41493 859763 280311 985391 560169 737588 880878 135832 787872 428288 963617 291188 681091 349837 878408 950990 406678 181059 154136 26698 145350 58302 21244 125606 772153 1910 883626 962734 834586 522867 511163 38406 349472 922586 65809 337696 283326 263771 676402 928243 943890 912217 147954 304330 318952 133520 686329 843374 591031 86585 478994 547241 901898 844390 169982 335139 260620 239995 489098 790541 82041 401262 60393 993288 705481 214728 302132 598553 834781 993324 412150 54988 953461 875025 777848 894355 312330 251025 45872 93812 65358 352661 765610 276329 740860 763434 575107 254632 113350 732988 820628 747477 987717 848560 374112 408573 115216 524254 954940 606644 801454 641743 369557 103960 190722 252389 987264 116579 1182 577763 674715 499387 719948 110670 839528 274808 398494 253077 57805 534432 116777 938709 683034 237218 934070 459694 827708 415018 637535 738537 643998 610562 725086 415924 73132 540489 166342 462423 174212 795475 98518 519374 470361 981184 192255 700106 787801 765031 375180 307005 503104 939166 707427 502853 255601 47808 116800 471310 196273 501885 33303 303935 960072 524876 305695 163832 649409 126466 950300 145605 621199 169540 932849 359312 537544 939348 380348 682949 769942 492017 217259 659020 229766 17673 11247 643758 487622 532863 643644 387856 375802 430984 386589 367490 357385 300923 326025 464107 312158 188077 165866 446459 548626 953434 658300 519221 110994 311794 591029 896024 563936 640929 920670 203455 22904 252483 290479 758108 621121 473584 62914 247886 242810 505755 789999 844424 11357 580347 909425 2626 544144 410108 651990 514732 415024 362921 306378 673739 731747 920844 326723 860414 243438 414240 277967 900593 853478 969897 439233 777109 353188 315701 224343 50784 619343 383824 269259 891478 369572 504557 908825 760362 137321 847300 502128 41018 818444 151701 897060 942150 771406 390782 448932 204763 522147 882830 765048 486408 882878 238710 245533 119422 441171 814862 791817 686094 876821 136929 949565 489100 976116 607870 353235 356848 150675 243310 915700 633887 660143 76739 441405 264828 125699 27794 522291 372212 444979 361070 745024 549349 70063 799952 857331 424135 740671 706938 306761 139247 791065 429187 414474 642370 430620 391678 353963 617452 956595 99505 297923 495687 32099 955371 30002 443950 901068 797240 441103 182419 818904 58148 980845 471689 364471 460075 814731 224724 478504 877443 41280 680557 664775 937090 561829 145270 635709 428264 729709 890429 234490 859190 878066 880150 781259 41006 745453 486248 402719 747022 675117 733500 978018 508901 403317 517934 382892 311939 885267 629730 306592 953746 455169 226776 403912 50141 407562 246200 655188 514901
13 915 28
369 560 20
455 624 28
869 693 10
156 868 5
289 52 8
643 510 21
558 514 26
545 17 11
541 807 21
928 598 28
788 78 19
548 7 27
713 459 21
658 219 25
18 139 24
116 114 27
485 596 22
886 803 18
631 687 6
311 85 3
929 764 16
57 65 10
719 167 10
872 631 21
599 157 13
121 457 8
722 260 3
391 826 7
890 609 20
197 728 18
303 806 23
253 566 14
240 99 5
193 221 22
784 703 15
42 181 21
886 560 11
206 414 24
894 49 25
370 528 21
429 198 7
370 97 28
134 789 28
308 765 22
523 731 28
56 124 27
74 419 2
613 509 10
647 876 4
50 827 17
877 120 15
50 541 19
104 212 13
750 204 22
786 474 15
487 302 25
461 778 5
103 391 8
449 388 24
189 663 20
101 366 1
386 821 21
502 274 12
626 339 5
547 732 2
859 380 10
784 519 4
259 885 17
344 341 4
112 822 17
188 600 9
430 893 27
617 473 2
607 618 29
803 637 8
307 452 23
641 678 11
37 63 4
867 457 26
294 25 10
912 163 19
22 552 10
268 929 8
312 660 23
727 174 5
99 757 24
149 60 12
426 509 18
292 683 29
915 316 12
903 294 14
887 844 20
201 870 9
45 611 1
152 368 24
424 18 19
809 208 16
152 638 2
460 122 14
155 825 2
307 704 27
804 3 3
287 610 16
458 769 23
886 22 24
472 136 20
726 242 1
3 10 25
721 723 29
167 156 6
789 439 16
666 243 7
773 135 26
39 515 12
443 22 14
267 934 23
626 162 17
351 66 18
96 383 13
578 101 17
50 241 2
862 11 17
425 862 8
17 289 22
36 856 18
445 848 28
184 433 29
328 864 4
458 566 7
509 79 2
593 315 22
169 376 11
810 55 8
269 140 6
831 573 13
733 306 8
257 818 17
326 573 14
11 208 28
584 25 11
549 56 3
656 16 27
540 332 3
241 383 20
152 740 22
707 382 27
544 243 23
854 768 26
2 175 7
686 748 7
115 626 23
250 14 28
319 201 7
333 197 4
345 62 21
119 694 15
285 158 21
430 654 17
280 402 3
428 888 24
792 540 8
467 176 24
549 721 7
349 315 18
494 334 10
258 209 25
677 328 12
70 536 19
69 57 28
422 459 14
490 512 27
662 931 5
718 123 24
680 155 18
552 743 27
655 546 2
527 157 4
651 884 7
476 397 3
655 276 19
24 14 18
801 559 15
813 340 25
925 347 3
368 500 24
268 803 26
279 819 4
207 386 27
30 629 26
741 838 23
36 24 3
447 669 1
582 495 21
554 35 23
105 548 1
580 41 3
289 695 26
684 109 5
216 602 25
40 623 1
722 555 13
357 7 6
608 840 15
118 743 8
515 679 23
190 745 1
469 759 28
333 751 14
412 403 8
740 844 15
280 834 21
837 851 19
858 760 24
283 726 7
293 199 16
388 62 22
572 252 3
75 611 2
558 644 12
442 627 2
39 299 26
229 155 3
855 203 15
908 411 4
796 446 12
402 233 16
79 464 16
259 742 7
909 147 18
249 511 3
80 870 21
773 216 17
864 829 16
453 302 13
519 301 21
58 924 16
55 215 23
452 862 14
366 919 10
879 60 20
170 427 15
425 716 3
371 890 12
666 203 8
161 185 27
844 366 8
430 474 24
804 590 16
540 702 12
607 466 13
497 855 23
701 671 29
512 738 4
475 809 15
639 624 2
808 837 18
217 758 16
142 738 2
371 306 2
797 813 10
243 302 5
98 823 27
502 931 12
887 217 26
709 37 4
388 817 6
181 782 24
397 631 28
817 538 23
346 221 19
76 341 5
559 745 13
34 869 10
103 423 5
727 812 21
897 833 23
307 202 22
410 107 23
243 251 16
198 148 15
80 436 16
644 708 29
923 324 6
201 909 3
366 16 12
907 642 14
616 199 7
258 810 6
91 759 8
340 80 18
324 165 17
798 378 6
80 718 25
827 510 7
261 209 6
531 401 2
428 643 6
524 92 20
83 872 10
25 173 14
571 207 4
793 323 14
320 913 21
747 23 18
99 543 17
778 551 8
323 772 19
332 2 18
878 400 20
64 751 14
55 860 11
824 817 20
396 821 6
575 818 16
165 152 6
462 205 22
118 499 15
9 711 6
611 550 6
118 695 29
190 791 9
276 569 23
315 198 3
465 833 4
360 445 5
321 416 28
150 555 28
472 860 5
199 485 19
334 623 26
149 450 12
932 617 25
475 831 2
494 377 5
485 346 24
74 829 6
546 71 4
878 66 5
254 558 5
310 583 21
466 537 25
429 881 26
912 257 8
138 891 21
247 828 4
129 928 22
331 790 12
67 446 11
169 64 13
784 559 1
538 865 28
561 23 12
458 918 2
51 388 16
558 435 5
604 423 13
489 896 11
535 326 13
841 877 26
294 360 2
184 502 26
911 443 29
221 609 4
201 264 19
164 609 3
19 292 20
521 406 22
170 521 10
47 646 3
56 104 5
701 737 15
355 783 3
352 439 7
92 761 18
789 175 18
223 100 21
629 301 27
237 39 23
239 95 6
773 632 2
592 877 10
574 651 28
85 835 8
461 901 16
187 286 15
183 659 29
862 416 7
379 821 21
136 315 27
505 641 9
184 768 24
112 770 15
415 217 13
681 771 9
498 771 6
470 125 27
732 516 5
668 362 11
690 720 11
469 96 23
889 516 20
339 113 8
402 818 8
117 330 29
164 545 13
720 893 20
540 700 2
452 717 1
555 568 8
287 55 8
176 612 11
241 648 24
27 825 1
241 594 9
117 375 15
167 361 27
241 245 17
377 516 11
669 264 22
721 181 4
246 302 7
56 176 19
562 558 18
51 783 1
131 274 23
827 35 15
678 345 27
795 807 11
524 1 3
462 676 26
464 60 19
59 423 28
455 893 9
229 605 15
448 883 1
51 367 23
436 599 8
8 38 20
490 736 10
447 759 29
506 167 5
480 528 2
161 866 22
597 820 8
133 823 4
837 507 14
243 899 15
326 42 27
145 243 3
142 507 20
255 295 17
589 829 29
14 174 1
358 195 12
43 306 22
51 615 27
701 758 14
529 332 26
429 218 12
78 610 2
145 34 12
642 902 2
703 275 6
853 204 18
872 73 21
565 617 24
781 642 2
613 883 1
387 820 14
246 258 1
313 625 27
511 363 17
207 644 25
531 466 20
226 257 10
386 933 4
276 148 9
369 251 18
867 338 4
322 894 20
425 615 2
881 18 7
519 155 17
537 467 18
475 23 14
580 827 8
922 460 21
36 613 5
179 862 19
905 284 16
638 778 21
891 712 4
243 168 3
138 780 22
23 895 19
213 243 22
249 813 11
745 377 10
66 432 20
229 9 21
659 285 17
395 645 17
301 169 4
343 255 22
406 151 13
834 538 6
413 457 26
790 153 14
613 735 12
315 105 14
413 506 23
550 451 9
815 404 1
413 89 7
804 192 8
437 757 26
660 701 10
415 432 23
258 315 29
547 298 22
842 934 19
789 359 7
120 861 14
797 589 4
398 386 1
922 815 3
646 533 17
81 763 7
784 256 9
757 12 21
144 761 19
272 478 27
237 812 13
926 831 11
709 895 16
214 874 26
270 776 26
5 473 2
874 928 9
263 56 4
517 706 17
890 700 5
495 765 9
687 23 10
270 146 9
808 825 3
160 439 22
767 557 23
300 559 12
69 934 10
385 149 22
349 782 16
724 501 27
806 383 26
82 102 9
839 877 11
677 819 24
323 465 12
708 832 21
178 485 28
28 639 10
778 133 11
252 106 26
664 737 5
241 162 15
753 729 27
423 376 1
49 367 28
259 855 4
124 76 9
158 230 26
484 479 23
243 69 9
379 359 25
168 647 13
508 79 28
127 73 19
123 251 1
545 668 21
13 115 14
743 546 19
116 756 11
786 733 19
95 855 17
618 675 7
535 198 6
631 703 5
794 175 13
296 930 22
742 463 21
228 262 23
619 657 5
730 479 23
304 560 10
34 592 22
798 882 7
798 379 27
858 632 8
361 923 27
70 687 24
798 382 17
592 68 29
327 674 3
467 415 22
150 419 11
706 484 6
572 240 1
555 540 11
668 899 5
274 154 17
663 41 10
699 682 20
26 149 2
143 109 22
408 258 4
404 667 25
406 675 16
547 572 12
584 400 28
608 173 2
573 73 28
56 407 1
574 248 16
515 244 5
613 392 7
251 411 15
446 464 24
333 79 23
223 107 9
269 54 22
336 75 8
453 885 21
324 211 12
488 602 24
234 585 23
66 587 11
404 440 18
446 641 14
299 204 6
598 581 19
814 278 3
747 19 26
690 350 5
77 877 18
274 818 8
338 825 29
770 634 29
538 911 26
780 50 21
199 468 15
862 881 22
296 267 18
161 7 12
531 510 1
390 312 6
104 359 16
556 207 13
191 89 11
256 533 19
789 217 25
522 708 15
452 648 29
548 720 23
798 380 19
251 201 9
201 772 7
191 432 23
873 528 9
558 122 22
379 861 8
461 469 16
369 300 13
545 22 6
25 345 1
378 393 26
498 723 25
302 561 8
612 114 17
833 170 24
885 473 16
312 263 11
117 165 6
582 399 24
296 345 22
726 231 25
537 882 11
103 102 3
693 439 17
346 176 26
235 216 11
311 406 27
930 608 9
747 232 28
710 8 19
375 290 29
495 52 18
422 358 4
490 920 17
909 191 22
191 319 26
304 497 13
366 344 16
148 830 3
401 761 2
468 654 17
172 640 25
509 627 13
492 704 26
209 187 17
43 521 13
244 464 23
409 472 28
407 159 11
482 76 20
627 543 3
96 360 28
286 741 10
771 94 2
512 726 11
425 313 14
504 910 25
376 347 21
687 728 15
877 648 20
289 157 19
306 547 4
182 928 11
428 711 26
574 51 5
508 787 24
284 454 3
126 821 15
152 37 6
886 90 27
143 719 4
558 733 18
225 892 16
490 330 4
193 783 8
573 699 2
932 314 17
237 462 1
168 466 28
839 242 23
378 254 23
270 489 24
651 643 21
685 837 13
8 315 26
877 358 16
102 404 23
924 840 3
647 328 8
644 183 16
23 84 6
161 738 11
383 39 25
76 444 2
246 10 25
30 722 22
132 788 4
80 108 10
783 526 29
742 518 25
827 350 16
133 362 28
691 37 11
20 580 1
877 825 28
312 133 9
380 600 26
890 49 14
619 410 10
405 92 2
57 299 8
494 483 4
523 535 23
40 39 8
92 287 3
486 111 19
824 890 5
319 741 7
33 204 19
158 228 14
193 492 29
717 422 10
754 607 20
315 880 15
928 467 26
773 505 19
136 652 29
358 398 23
699 12 1
65 918 18
37 23 1
655 746 21
287 721 27
791 253 27
257 64 20
278 859 19
563 144 11
664 655 6
65 772 29
51 61 18
509 315 2
162 718 25
90 805 26
120 713 13
256 86 23
299 734 3
575 672 13
216 828 3
290 86 27
714 374 13
685 761 6
315 827 7
697 771 29
901 498 5
639 908 22
523 247 26
1 667 24
865 573 16
467 560 26
50 14 13
718 884 22
151 689 14
389 824 23
774 775 12
613 354 3
778 698 15
471 691 20
857 430 25
928 276 21
666 668 6
832 432 21
708 141 25
733 271 17
620 618 11
24 36 16
709 701 18
210 533 8
352 412 4
879 95 2
758 603 9
114 478 12
146 722 11
769 612 9
279 434 1
604 642 4
259 41 26
427 221 8
774 65 25
22 545 25
860 291 27
201 205 17
69 98 17
661 753 21
657 310 23
4 676 16
609 53 2
188 640 6
753 301 10
909 183 20
435 65 18
514 888 21
734 524 8
231 504 18
238 184 14
557 92 28
494 528 11
771 457 10
123 729 7
627 820 18
426 536 10
752 115 26
532 508 26
623 685 29
120 444 5
153 832 28
159 350 26
97 8 6
930 417 14
425 3 15
237 904 29
663 693 26
90 886 13
836 739 3
135 393 20
397 551 17
72 790 12
877 925 1
104 447 2
686 304 20
288 816 20
876 340 12
409 587 24
640 839 10
553 490 23
106 839 4
212 921 3
470 387 7
858 644 22
339 599 21
505 597 5
441 152 7
841 930 2
755 189 2
194 594 28
144 461 17
723 618 24
309 880 2
516 907 24
139 195 3
396 746 7
239 468 26
866 604 22
598 3 24
294 584 28
257 272 19
802 908 7
86 822 14
402 634 21
305 306 7
477 483 2
886 13 15
567 677 18
615 577 19
814 843 2
2 511 28
664 164 21
655 708 3
106 782 3
413 237 18
759 792 2
256 71 14
454 779 20
199 736 7
579 342 25
98 540 19
896 345 23
413 379 9
433 759 15
40 761 16
102 74 8
444 380 7
443 766 20
864 445 24
487 733 12
216 875 3
108 460 12
260 245 2
858 823 15
237 792 8
417 14 8
183 337 22
407 182 18
251 519 14
930 457 11
289 812 27
373 130 7
449 890 28
160 41 6
610 897 14
358 184 20
245 358 4
323 252 7
672 607 26
173 785 2
691 133 14
292 884 5
427 257 21
132 778 25
266 213 25
169 99 5
458 836 15
439 550 1
549 480 6
258 852 28
345 529 1
671 675 29
536 351 12
927 678 27
531 213 20
722 700 11
18 698 3
104 44 16
863 75 8
824 71 29
434 581 21
702 608 4
443 417 20
419 249 2
434 799 19
553 401 27
522 119 18
70 323 27
843 864 20
247 281 24
578 838 9
87 585 4
658 784 15
626 851 10
411 192 9
563 804 18
931 584 22
672 542 3
910 291 9
192 545 21
233 492 2
115 504 2
578 488 15
11 199 14
207 422 21
28 548 18
306 619 20
63 564 13
757 410 29
728 55 16
531 189 20
378 822 29
338 604 17
373 132 14
355 109 23
800 787 11
178 649 6
459 881 19
253 708 1
260 763 7
623 685 7
193 435 1
245 776 13
69 604 5
679 909 23
10 652 20
302 634 1
540 821 11
109 459 11
141 114 18
680 617 29
516 571 17
415 14 28
140 1 9
352 239 4
822 258 29
284 825 15
703 659 21
875 573 10
747 406 29
734 818 27
680 757 12
124 558 28
354 748 23
464 585 28
90 198 28
692 740 4
919 508 17
741 436 3
510 488 21
871 569 14
116 293 25
671 913 21
915 335 25
579 472 19
296 630 23
3 607 12
221 686 7
679 56 23
73 204 24
583 391 2
13 603 22
315 390 18
626 252 11
588 391 10
395 544 14
867 566 3
745 592 5
918 786 3
392 666 26
897 312 20
134 290 27
134 767 2
566 783 4
591 768 12
893 324 17
245 345 21
858 782 26
308 654 2
361 829 3
851 282 1
24 222 9
358 199 4
696 642 15
149 362 8
289 857 20
423 341 27
292 933 27
914 714 28
873 828 24
32 177 25
754 641 12
367 2 12
718 675 10
195 223 2
494 760 23
848 606 20
226 365 13
567 294 7
809 170 18
934 788 18
911 790 20
807 741 4
629 910 4
660 306 23
551 286 19
680 559 28
385 493 16
415 889 12
343 197 24
520 658 12
932 921 9
376 820 17
839 302 17
497 178 1
825 727 7
892 725 29
186 747 28
614 597 12
161 186 24
285 653 4
398 323 9
338 529 23
513 327 23
323 126 15
922 19 22
804 456 27
8 463 23
376 199 16
8 66 22
267 442 14
918 225 25
401 350 29
93 651 5
685 147 17
298 756 8
54 36 2
839 335 5
25 636 7
170 120 23
523 769 3
132 847 3
674 592 19
460 789 9
152 86 16
155 538 19
725 921 29
79 198 19
934 702 11
919 106 27
329 671 14
563 435 23
680 850 20
816 571 15
676 196 2
757 852 6
625 445 3
266 373 16
244 299 12
689 579 14
517 709 6
567 730 7
476 146 21
363 633 20
720 53 3
647 269 11
636 120 9
744 556 28
514 321 26
862 833 9
618 552 13
87 632 24
260 135 28
241 515 15
70 926 4
196 235 6
909 457 17
623 101 4
616 373 18
910 390 13
889 566 25
308 19 21
914 760 25
3 545 24
472 911 14
11 730 19
39 694 22
826 454 26
694 201 21
49 238 21
774 570 22
447 582 24
768 754 28
359 38 17
836 309 23
391 244 11
156 349 18
68 869 25
95 271 11
560 680 19
738 41 20
768 632 14
176 845 14
316 437 29
491 408 11
916 711 5
431 585 7
358 598 16
462 386 26
612 40 14
784 561 6
368 496 4
207 745 1
385 801 25
817 385 17
864 789 16
814 471 17
581 555 7
268 260 9
541 472 16
44 896 18
261 872 18
298 777 16
508 323 29
731 675 3
424 560 9
207 257 23
353 23 7
109 61 5
139 50 12
741 833 9
205 535 27
779 200 10
304 281 20
460 109 21
467 208 18
35 633 22
740 757 2
422 56 16
572 72 23
1 720 10
125 157 14
496 235 19
106 325 21
833 116 21
568 571 1
180 710 26
117 686 25
910 360 21
903 618 22
450 683 20
294 408 14
885 407 22
522 380 29
226 674 6
608 924 14
273 485 3
110 227 22
460 28 4
618 474 11
800 741 18
141 738 8
820 104 22
7 449 19
813 432 22
211 233 3
467 648 3
122 668 13
863 620 1
330 124 28
475 560 23
93 134 12
145 364 15
296 851 3
700 488 15
32 759 6
740 286 10
456 158 5
812 113 26
284 623 22
485 742 25
381 595 27
931 566 9
601 153 27
456 56 14
499 533 25
60 615 8
724 93 12
861 238 15
641 690 16
742 532 2
561 755 24
350 49 9
922 906 5
759 498 29
675 9 3
665 8 19
435 778 23
322 122 10
178 559 4
573 369 23
924 305 22
505 158 12
680 385 18
231 927 5
733 346 14
588 866 16
370 480 19
361 853 9
662 713 11
909 564 23
22 365 17
53 797 29
146 545 13
652 4 16
814 88 7
93 816 24
928 555 2
430 352 18
660 806 18
740 81 15
512 808 9
407 243 15
319 686 7
491 506 19
104 925 15
448 127 15
285 825 10
83 317 7
174 181 12
685 208 13
585 392 14
377 690 1
359 289 28
144 405 15
128 856 27
801 492 16
479 926 19
291 53 25
414 881 6
350 704 6
23 24 19
110 745 1
451 568 19
555 288 20
491 910 19
157 764 27
313 552 5
502 502 3
149 252 25
584 716 14
103 13 14
392 880 19
503 281 24
104 23 11
726 819 16
192 878 21
516 784 19
846 748 3
165 119 19
924 8 2
590 65 18
250 88 24
829 724 25
53 312 7
378 910 10
204 136 28
200 685 17
710 584 7
509 826 26
905 525 10
257 245 4
541 877 20
287 665 4
119 162 7
124 721 18
144 920 9
833 14 7
657 75 5
804 667 8
762 337 10
474 642 15
205 717 20
884 456 26
857 197 28
558 733 11
274 455 5
90 905 24
912 172 6
248 675 15
120 128 2
845 451 20
926 292 6
206 906 22
214 918 26
269 77 28
293 212 4
415 522 1
26 376 7
360 618 28
681 166 17
127 210 13
720 844 23
476 18 8
424 417 17
603 254 23
473 668 12
922 484 18
821 87 2
151 656 10
704 366 18
459 480 23
406 718 19
926 862 18
761 370 28
270 688 20
141 593 9
922 602 13
532 897 17
547 137 29
674 272 1
109 261 23
63 411 28
868 575 17
886 236 21
107 684 12
599 618 3
304 5 12
833 30 20
69 795 24
454 725 9
557 754 29
576 575 24
491 522 11
567 820 29
916 52 27
902 287 11
923 373 24
204 900 23
891 469 27
36 254 1
826 425 1
146 60 14
739 501 15
575 824 7
439 549 2
547 536 21
528 775 8
119 533 19
165 842 2
888 819 28
841 705 14
19 758 5
733 194 9
77 642 21
600 775 18
685 927 24
299 400 29
650 631 9
61 301 23
398 287 1
380 597 19
107 303 9
184 108 18
371 439 19
324 813 1
688 393 13
638 86 12
142 819 5
470 104 6
771 404 24
78 81 24
433 475 26
6 46 22
869 470 9
136 230 11
679 75 2
420 881 6
801 43 4
32 788 24
526 495 16
469 291 29
687 203 5
435 664 17
274 175 10
888 216 6
758 794 2
187 765 9
56 49 12
276 688 14
206 762 28
659 127 6
822 371 1
559 466 29
215 741 3
375 838 12
485 454 23
521 482 10
478 670 22
21 546 14
646 563 22
392 876 3
371 509 13
375 91 8
8 116 2
636 532 13
699 671 21
560 724 11
631 196 17
397 396 20
668 186 21
392 751 11
505 278 11
283 745 13
458 401 18
525 911 27
456 519 2
501 827 22
444 630 6
66 115 26
821 723 3
204 149 4
129 436 14
763 910 20
356 251 28
564 259 5
498 278 22
275 820 25
205 706 20
197 71 5
802 338 9
868 608 21
721 185 10
328 919 17
407 747 23
771 518 16
796 402 8
401 35 25
55 585 25
465 474 29
149 33 16
76 765 8
588 312 13
210 659 11
579 868 22
174 5 17
180 287 29
49 914 14
305 754 6
367 72 27
607 839 12
597 85 16
596 459 23
824 119 16
380 701 25
888 531 24
925 712 28
725 393 24
915 211 25
598 79 10
752 767 20
906 461 26
245 707 25
58 77 8
602 410 22
711 278 3
456 206 12
10 523 29
528 562 10
57 444 20
474 260 16
194 584 26
555 901 14
248 444 25
622 794 17
601 782 5
158 741 7
507 40 24
352 265 10
436 816 28
760 734 21
146 404 16
260 852 2
413 7 3
833 810 24
678 381 3
845 516 12
926 179 28
191 650 3
681 352 28
754 39 18
930 403 10
469 633 26
462 582 1
786 780 8
201 906 15
277 455 16
799 917 4
791 303 22
13 371 26
323 823 14
326 857 11
24 6 13
781 621 13
408 831 2
901 393 2
616 130 23
398 699 11
774 115 1
794 195 29
100 388 25
480 24 6
623 536 8
444 115 13
431 297 23
116 42 26
43 576 26
231 677 11
233 447 5
96 482 5
695 98 24
55 888 25
651 557 14
233 230 27
355 368 19
262 458 15
844 771 17
278 782 5
704 140 7
918 167 27
533 518 26
769 895 24
377 261 9
913 781 3
822 83 5
67 429 18
560 272 10
139 158 28
576 595 1
407 188 25
861 51 5
501 838 11
53 918 10
590 332 7
906 17 20
593 646 13
585 874 26
23 606 21
714 372 22
737 426 15
131 284 23
259 81 16
173 618 18
654 581 10
770 186 14
917 359 23
22 525 11
752 293 26
663 499 25
162 122 12
461 700 21
68 769 27
789 615 23
934 599 17
651 168 23
577 155 9
568 391 9
761 494 19
395 889 28
854 516 20
592 275 7
517 104 25
156 808 29
286 859 20
685 41 3
198 51 24
449 397 2
561 530 14
419 594 26
131 649 23
823 607 19
776 602 16
805 423 21
201 479 14
219 153 7
376 235 5
34 391 3
210 802 11
197 509 21
274 304 6
314 924 24
33 252 16
262 574 21
452 540 23
510 676 17
362 94 2
615 404 22
425 127 19
879 699 17
467 208 27
38 119 9
292 399 27
472 784 25
424 315 18
657 700 15
801 179 22
784 832 18
350 322 29
631 133 2
556 12 15
62 305 15
104 49 4
245 922 27
36 212 8
573 291 16
661 236 7
296 406 23
620 189 25
794 119 28
652 272 6
184 569 20
714 849 6
839 708 11
724 153 17
219 710 19
866 553 18
383 161 5
896 744 21
557 483 15
921 867 11
337 424 23
911 167 11
293 746 25
924 349 16
214 367 7
779 577 29
878 573 9
594 856 16
30 418 6
69 313 9
621 151 7
188 790 19
759 348 16
854 361 14
586 110 20
28 197 27
809 663 19
199 489 6
720 243 7
787 184 4
476 278 13
534 422 25
654 275 18
86 142 9
48 820 23
218 70 5
465 70 14
497 69 29
640 918 13
283 274 19
76 879 6
431 265 24
907 673 5
552 512 17
475 671 1
749 368 19
749 396 17
559 612 28
500 37 13
230 830 28
360 67 21
914 380 1
279 217 13
619 895 26
913 381 10
741 186 23
185 329 11
825 304 10
333 555 21
436 765 29
172 149 11
505 922 4
750 589 21
550 471 27
185 166 27
270 122 5
55 850 25
644 534 20
369 768 12
663 366 12
170 300 21
535 758 2
37 210 4
634 614 16
418 648 22
392 484 6
130 455 6
421 391 8
326 338 24
521 793 5
123 229 11
813 469 1
537 57 19
881 140 8
912 609 27
20 506 26
749 328 8
351 680 1
137 360 27
523 804 18
198 307 24
588 813 4
184 312 2
760 518 18
474 854 8
340 412 18
646 300 9
420 337 1
875 567 1
655 717 6
111 63 18
205 494 18
293 351 8
744 51 29
23 555 13
605 502 24
731 41 18
362 926 10
81 147 18
772 234 29
670 664 16
461 603 13
824 560 29
288 733 15
903 468 13
182 162 21
295 747 16
796 685 18
353 419 12
803 444 8
244 786 6
288 344 6
71 544 16
1 506 21
922 892 21
728 627 29
365 798 26
148 845 3
237 575 28
288 236 18
155 598 19
68 549 14
755 436 17
380 49 11
638 583 29
141 771 17
466 163 27
607 142 6
465 326 2
861 378 29
1 410 26
877 465 17
194 544 9
287 259 13
305 821 3
342 862 26
680 603 28
538 826 5
7 297 8
838 835 4
304 362 19
207 691 19
822 457 25
384 274 9
404 634 16
695 34 24
51 121 15
880 892 10
13 188 23
205 155 17
592 3 2
875 486 26
72 776 17
21 39 8
417 323 2
89 687 26
445 182 13
611 53 8
6 844 19
353 418 18
780 604 11
321 256 19
841 861 23
923 862 20
679 312 8
495 889 1
110 242 9
642 409 6
857 831 26
331 361 11
930 429 23
186 667 29
37 582 13
151 296 24
250 717 6
162 825 25
42 867 12
290 426 7
105 270 9
595 55 15
483 223 22
119 566 23
815 721 10
392 427 25
284 582 4
224 449 16
86 825 6
443 837 4
874 718 2
901 395 12
367 501 28
771 509 20
814 105 8
100 916 20
246 93 20
928 441 24
415 570 2
115 304 27
750 701 24
787 567 24
694 625 10
4 207 8
893 284 21
908 270 23
914 105 15
284 686 19
349 171 18
451 724 15
546 447 5
11 597 8
203 902 21
103 928 3
882 573 15
93 721 5
451 558 29
85 42 5
602 734 2
368 445 27
419 557 17
866 685 10
9 298 2
669 222 17
532 772 1
640 669 7
758 515 3
728 331 9
223 28 25
711 768 17
856 911 22
415 743 27
379 241 17
481 614 21
625 266 19
874 506 11
385 99 10
137 699 10
835 870 22
234 103 23
629 727 14
615 479 6
884 506 5
462 692 10
696 511 8
810 705 18
29 196 26
278 430 8
179 115 16
592 84 5
614 185 9
579 794 6
178 726 21
381 642 4
760 805 6
734 691 7
676 320 16
193 258 29
772 694 25
190 255 18
234 748 8
456 600 1
584 276 6
287 320 18
177 417 14
477 688 1
698 895 29
156 645 7
842 188 29
44 56 14
5 561 20
217 429 4
658 540 10
681 13 26
526 83 9
337 684 8
731 363 3
456 851 23
689 70 18
274 719 26
437 494 11
36 149 1
613 861 3
180 312 8
904 302 3
461 658 5
877 285 6
46 64 2
241 215 21
124 747 13
705 466 5
891 383 23
734 913 28
250 96 28
535 359 25
540 21 24
837 908 20
465 148 29
126 799 2
223 506 17
52 32 18
319 378 5
481 361 12
746 572 1
916 761 28
816 497 23
456 507 25
444 382 23
17 538 24
324 630 8
445 475 19
608 559 19
207 26 9
514 308 27
80 460 27
707 37 1
99 553 8
220 426 8
512 371 10
503 215 15
788 598 5
176 643 29
298 163 19
387 697 7
192 787 23
861 123 12
235 262 19
905 40 10
277 257 15
38 866 16
784 467 5
215 10 21
11 849 4
516 359 1
816 250 20
316 840 20
901 839 13
612 798 19
126 637 13
814 525 1
920 610 10
802 843 17
442 890 24
296 452 8
543 359 5
213 740 29
582 922 14
681 409 25
179 631 23
190 233 6
192 209 4
115 336 24
598 270 7
819 110 17
372 453 22
869 160 20
567 534 8
635 173 24
500 528 10
565 219 18
620 913 2
144 136 20
169 756 15
133 860 18
709 275 12
86 158 1
701 485 25
313 701 19
805 738 9
874 916 3
807 554 19
492 123 28
602 748 3
418 338 22
118 450 15
78 29 3
774 376 7
23 741 3
530 699 5
833 776 19
253 595 2
658 437 7
930 560 1
147 294 12
151 41 15
255 449 11
584 111 1
237 928 8
731 926 19
385 553 26
665 535 17
782 731 22
230 308 22
69 140 2
468 411 12
78 134 22
772 289 5
121 83 19
411 846 23
158 668 28
287 19 2
759 489 6
71 551 28
429 379 12
791 797 21
841 243 6
665 213 19
466 932 10
118 860 6
855 614 27
774 338 7
223 109 25
911 483 1
265 332 15
395 222 13
705 907 20
524 676 22
337 191 29
813 628 28
523 99 13
727 860 27
895 418 27
705 753 15
623 145 8
899 765 27
78 779 10
645 764 3
342 520 26
711 60 20
712 721 10
490 109 8
438 529 12
45 637 24
656 685 28
569 826 19
370 655 17
106 926 25
407 907 3
746 823 14
317 518 19
900 133 21
854 655 16
687 766 23
107 491 28
337 545 18
521 470 10
61 624 23
359 135 9
635 324 17
397 115 9
292 678 15
177 575 17
494 577 5
103 787 26
420 574 10
31 879 1
89 234 4
833 152 19
43 273 28
793 588 13
469 344 20
202 261 2
262 80 18
568 110 10
642 254 28
909 496 13
94 675 15
856 136 22
223 194 1
315 291 6
927 925 22
648 522 2
806 558 24
491 153 18
177 204 28
373 665 21
269 813 27
744 48 12
174 447 11
190 778 9
736 92 14
708 396 4
528 837 2
258 897 11
679 39 28
167 328 28
582 733 16
218 889 15
675 885 13
61 502 13
749 707 5
42 493 1
154 928 8
352 493 16
773 492 11
244 819 28
72 83 29
722 522 23
499 929 25
676 766 19
384 106 19
765 483 1
633 338 13
271 694 17
642 338 10
423 302 23
728 746 3
640 393 20
660 148 17
292 646 22
808 589 4
928 809 10
561 551 21
16 133 22
181 297 13
73 147 5
147 426 19
59 304 2
239 841 16
885 672 8
316 81 9
918 383 24
105 365 11
934 498 23
328 36 6
784 590 1
407 896 19
502 366 18
707 746 12
842 199 4
109 907 20
83 548 22
201 879 13
868 712 4
38 345 13
149 413 23
538 156 23
373 35 9
60 932 4
778 696 12
599 855 23
744 616 3
715 234 6
928 57 5
532 404 18
697 626 10
709 358 5
470 15 22
329 561 12
558 520 24
245 288 11
854 328 1
912 488 11
425 466 16
424 709 9
675 149 8
141 111 1
259 68 28
422 242 9
904 584 13
882 260 5
594 867 14
286 681 21
424 353 1
794 413 8
797 463 2
549 221 8
714 242 2
886 547 6
394 451 13
421 691 4
481 247 1
264 932 4
852 753 3
706 487 15
295 308 16
694 481 12
878 146 11
866 840 24
284 866 16
697 241 8
612 525 2
465 222 13
138 680 16
727 877 15
266 896 7
45 523 5
310 132 11
884 537 21
176 833 28
419 452 2
458 737 13
406 275 17
821 901 3
194 46 25
491 86 29
899 326 6
546 113 19
245 284 15
533 23 9
359 843 7
391 413 9
879 270 12
852 256 3
356 378 17
359 780 12
586 568 16
330 342 3
508 893 10
834 446 2
229 90 14
69 120 5
356 542 2
810 306 29
770 408 19
574 518 20
875 799 14
191 679 6
823 493 13
328 259 2
912 161 16
332 115 13
875 133 12
246 156 28
351 335 19
55 280 24
556 267 15
857 463 18
5 755 17
354 866 19
608 435 23
811 360 12
600 678 22
770 892 16
732 308 18
302 245 26
343 270 14
26 475 27
783 607 9
582 547 6
419 701 21
371 133 23
415 821 2
121 256 25
89 302 16
734 610 3
401 76 27
11 388 9
531 194 25
792 77 15
346 354 18
381 653 14
398 486 10
333 121 10
126 93 6
647 391 26
207 776 24
59 898 18
319 473 5
552 858 24
616 112 18
802 160 23
349 832 10
242 119 26
45 88 5
141 553 16
378 13 7
512 127 29
149 521 10
316 261 29
406 139 20
138 48 20
140 225 8
498 425 14
258 439 27
36 321 5
454 675 9
767 430 7
187 202 4
728 805 1
391 21 20
429 466 22
65 217 7
829 418 17
500 697 15
722 344 28
791 433 26
637 289 17
367 95 15
79 291 3
426 833 15
497 439 19
361 93 17
387 350 21
170 817 24
294 111 18
100 782 17
658 391 29
883 21 26
31 724 16
273 740 3
749 35 16
698 614 12
647 569 24
111 274 6
909 395 27
896 71 5
610 137 22
308 350 23
49 12 2
348 182 3
875 517 18
78 48 12
345 141 4
390 598 10
423 862 4
349 302 9
647 630 6
404 575 26
44 137 28
379 63 28
696 821 26
838 195 19
88 83 5
256 333 25
771 287 14
769 692 27
424 294 22
94 366 9
147 559 27
660 667 24
160 593 2
800 668 26
69 651 29
254 426 14
765 742 19
171 298 11
702 933 1
922 389 10
139 232 13
516 865 13
80 520 28
643 580 19
29 307 28
27 828 20
636 528 12
904 726 25
349 776 5
762 99 12
721 821 16
431 695 28
889 476 12
218 492 9
362 231 20
409 11 1
194 268 15
240 400 19
464 789 18
30 768 9
422 372 16
319 190 24
431 891 28
914 389 8
417 631 21
925 278 13
801 156 29
322 473 15
123 167 3
180 737 16
209 496 26
861 98 20
109 335 22
211 86 27
894 316 8
554 833 20
127 585 10
675 404 9
358 913 27
208 933 4
513 827 2
5 502 5
291 752 7
713 236 4
573 434 27
286 204 12
434 910 16
176 735 22
145 544 25
62 403 1
559 748 3
272 199 22
235 240 2
136 303 24
77 635 9
164 154 13
898 117 1
196 486 4
496 854 8
603 880 7
544 518 24
334 700 6
36 552 26
724 676 12
608 480 11
561 810 8
594 913 26
12 773 9
538 761 1
851 23 25
493 605 17
517 47 14
644 144 3
331 494 5
497 322 15
879 214 17
564 823 3
418 648 15
218 14 24
536 621 18
170 198 12
39 92 17
796 604 10
672 133 2
54 47 19
597 804 19
396 778 23
35 598 23
800 552 26
62 251 11
927 164 28
669 721 12
461 372 26
800 277 9
807 681 10
704 805 16
415 434 18
928 60 12
414 625 15
429 733 15
93 65 18
118 564 27
194 437 27
391 506 3
246 369 12
315 833 15
106 305 1
56 883 13
389 665 13
497 242 26
606 128 16
551 489 24
448 602 27
315 205 23
732 188 4
164 578 29
820 547 28
67 868 20
497 14 13
340 172 19
604 378 15
13 549 29
527 259 19
843 764 7
889 77 19
412 254 3
860 921 15
125 716 7
875 480 2
648 267 27
241 856 23
429 124 9
252 508 15
507 443 15
876 663 2
563 629 21
460 926 3
263 244 23
52 136 19
374 801 3
456 896 20
616 654 18
696 280 16
455 698 20
426 787 5
96 461 10
248 571 8
705 564 27
592 687 14
504 337 17
113 912 18
868 781 18
55 258 12
138 227 10
199 100 29
473 816 4
660 64 8
165 701 6
103 79 15
395 277 11
53 86 24
551 80 4
66 327 17
854 670 11
820 706 1
97 640 14
503 15 18
175 827 9
732 54 29
550 90 24
4 188 14
410 62 16
791 229 17
908 791 28
471 30 18
176 510 12
615 199 12
91 469 13
894 904 25
166 358 28
594 617 2
756 525 6
784 710 4
317 298 21
716 61 10
382 723 23
860 671 13
830 693 10
618 582 21
117 286 18
407 786 3
925 287 2
810 629 20
170 30 27
121 46 5
618 24 17
412 744 5
76 26 4
896 128 27
627 498 4
103 9 17
625 741 18
7 560 2
177 895 28
327 316 11
739 511 2
269 29 21
512 108 24
190 854 22
468 151 21
421 589 4
756 624 29
149 835 26
885 319 17
899 177 22
164 345 26
49 769 15
341 390 21
135 832 10
818 516 2
887 314 25
833 793 2
289 839 12
904 554 21
142 232 21
113 157 19
366 192 29
569 445 10
387 383 28
367 733 12
905 848 12
801 542 28
407 777 22
651 915 29
411 85 15
584 46 20
124 841 3
827 832 15
479 870 18
299 45 19
553 553 2
617 316 19
254 547 16
502 351 11
175 426 14
274 807 20
439 194 25
711 488 1
919 20 13
140 571 26
436 420 27
568 63 17
502 793 14
536 218 15
43 112 18
464 166 25
224 216 23
495 38 16
771 429 9
616 850 20
150 104 26
647 54 6
498 514 21
310 642 29
57 89 6
106 773 8
374 711 7
732 481 10
643 175 6
242 804 10
770 795 13
932 717 24
234 3 22
232 399 23
763 672 5
508 28 29
883 611 6
906 142 23
175 717 19
152 45 11
369 754 17
146 34 16
389 16 3
349 471 13
274 143 16
621 774 16
834 85 24
18 164 29
347 812 20
700 604 3
343 370 23
1 648 24
364 258 27
641 41 20
593 542 1
870 753 12
29 510 23
738 498 3
246 329 23
781 710 15
268 868 29
660 888 13
560 571 20
874 315 16
399 336 1
657 569 15
932 898 14
171 499 10
800 343 10
515 215 28
539 734 11
586 606 29
402 658 18
802 545 14
329 664 15
841 241 9
281 913 16
63 856 4
665 388 21
303 785 25
802 102 14
348 749 7
152 155 14
102 729 14
877 502 23
344 229 18
623 807 26
719 893 15
475 792 24
563 312 1
136 188 2
805 444 7
622 538 10
273 824 10
137 205 2
695 113 19
369 566 27
200 171 6
677 697 10
396 863 16
658 701 24
96 191 1
219 647 11
364 799 23
700 386 26
693 895 23
116 384 10
126 902 27
27 44 25
622 465 22
272 280 8
135 618 11
519 426 16
789 93 26
817 508 1
594 398 14
88 327 18
298 715 26
337 658 17
560 17 21
920 167 12
108 552 9
391 930 12
353 107 16
243 750 1
545 702 9
135 162 23
480 795 13
456 810 7
754 63 19
550 480 25
114 919 4
528 231 4
648 243 6
235 691 19
854 820 23
397 264 1
685 301 28
137 7 5
907 861 23
676 138 22
153 275 28
753 127 28
252 797 4
293 123 6
419 673 27
88 771 6
53 113 1
392 475 21
607 224 14
297 829 8
434 225 16
271 398 6
139 371 6
577 835 21
866 645 23
420 811 4
728 884 10
95 646 23
759 36 23
109 286 4
661 810 19
653 291 22
821 600 9
539 555 21
784 310 20
207 171 19
728 182 14
325 338 12
98 97 6
484 864 22
844 340 8
117 383 8
221 419 16
142 468 9
806 403 29
310 514 8
121 378 25
275 375 14
497 298 27
928 597 12
612 555 27
25 854 8
754 370 24
727 5 9
227 238 19
836 854 17
576 772 9
236 271 25
188 719 10
893 7 7
228 749 9
672 59 25
346 263 27
796 329 12
836 263 26
818 832 17
161 473 12
311 748 2
798 186 3
243 790 21
764 74 25
504 332 18
229 490 29
55 135 27
76 497 24
724 872 28
547 228 4
475 821 24
46 607 23
857 678 24
907 684 17
653 489 22
903 168 26
617 559 16
379 650 17
874 141 24
105 606 6
528 450 3
105 276 25
171 316 26
198 742 24
577 321 15
189 479 18
149 260 23
56 264 5
227 635 16
571 588 25
15 901 23
349 400 22
918 224 9
707 748 21
316 811 21
627 766 15
550 841 10
39 242 17
600 778 11
414 388 4
223 20 26
416 470 26
80 540 12
404 205 22
31 671 10
228 927 22
520 635 13
771 195 22
63 748 26
294 490 8
622 681 3
59 124 16
233 379 10
791 673 10
767 394 6
630 331 21
588 455 21
689 673 16
345 658 8
586 130 17
566 623 23
170 456 25
459 880 3
55 905 19
560 412 29
261 402 9
432 387 7
3 303 15
22 473 6
835 116 26
342 35 4
912 342 29
221 368 24
602 333 27
836 463 13
507 445 25
364 399 13
102 902 22
167 673 1
707 891 17
417 96 18
697 78 20
772 748 7
742 519 9
66 330 22
894 119 20
126 805 26
411 905 5
808 421 24
918 648 7
57 557 27
180 571 22
550 574 8
320 650 15
627 644 18
691 844 17
406 917 15
568 430 5
185 144 27
420 196 19
734 714 17
783 694 23
570 738 8
18 773 5
563 518 13
700 713 1
809 290 27
472 343 16
693 460 2
315 266 9
458 176 26
919 130 28
645 486 4
581 494 2
363 848 1
245 846 11
35 266 11
667 700 5
708 194 15
195 309 22
461 864 4
399 150 24
535 38 16
18 340 20
400 743 18
11 666 2
752 433 10
34 139 16
485 454 6
875 490 12
57 552 22
168 53 14
526 910 20
460 698 26
270 265 3
688 895 14
277 616 22
515 531 1
910 359 17
154 41 19
918 436 24
177 546 7
730 861 8
329 897 13
244 267 7
72 802 10
581 361 10
324 278 21
394 230 17
19 229 17
846 498 2
467 554 22
239 434 22
260 783 14
652 622 26
30 360 12
615 254 26
877 157 20
834 406 17
306 160 2
810 485 29
871 190 5
905 521 21
248 326 7
259 317 9
24 195 19
839 481 25
222 388 15
51 539 7
507 641 15
371 420 29
585 462 16
790 95 8
505 932 11
723 744 12
305 28 20
385 713 10
101 465 24
38 471 12
343 663 16
301 469 6
823 751 2
630 561 15
34 689 25
773 797 24
498 105 9
342 298 2
917 373 18
482 53 28
411 552 15
280 522 2
503 647 21
28 669 5
544 656 3
910 261 24
781 327 17
688 620 4
345 283 27
663 258 10
97 878 7
477 225 20
361 511 25
17 667 18
887 68 13
219 440 10
713 437 27
408 458 28
376 875 14
189 348 14
302 756 18
759 305 17
627 754 26
816 725 7
792 548 17
392 86 25
344 252 24
757 775 22
710 131 2
676 742 14
655 678 25
130 388 19
264 373 22
74 380 29
242 703 24
189 2 27
739 734 18
868 339 20
421 64 29
791 568 21
804 264 22
820 262 15
160 225 6
489 599 2
678 84 29
49 354 5
102 706 15
744 818 24
138 685 20
527 681 23
109 776 1
810 62 15
903 532 23
482 497 17
778 755 18
513 357 14
164 135 23
11 631 15
596 293 8
681 809 8
608 374 27
824 811 10
683 776 21
427 146 27
174 805 2
160 715 6
853 806 6
774 350 1
493 369 14
317 695 10
599 54 25
152 801 7
311 428 20
280 392 11
832 144 23
453 383 26
664 500 12
522 742 8
389 207 20
439 851 1
511 845 28
396 530 13
444 230 6
934 842 5
630 148 10
260 853 16
630 563 12
761 308 13
100 610 15
560 587 16
560 59 4
477 22 23
173 30 6
299 592 7
855 908 23
130 478 9
276 158 12
336 767 15
206 870 25
919 488 22
319 227 8
197 404 14
826 843 2
546 370 27
44 915 15
22 94 9
446 372 21
9 412 10
695 460 10
566 639 11
725 846 8
512 278 17
476 410 9
518 265 21
52 269 21
409 97 20
170 406 29
883 867 26
574 874 25
421 154 2
902 715 6
759 690 10
785 741 5
58 735 13
134 188 22
430 5 2
296 123 2
811 787 5
762 924 21
43 107 22
204 171 7
72 176 16
410 445 13
8 390 2
282 436 18
76 9 6
564 507 18
279 352 4
646 252 17
76 866 11
149 127 7
393 19 6
599 198 19
276 175 22
640 90 28
66 512 22
654 473 7
454 168 1
859 769 4
246 901 29
730 644 10
702 586 3
138 929 26
198 410 23
56 81 25
190 465 23
933 871 7
476 469 4
588 634 15
734 857 15
198 482 23
456 385 26
229 526 11
424 306 6
261 919 6
70 896 11
537 657 18
538 884 20
631 198 26
197 178 4
16 777 19
247 803 3
800 529 29
780 6 7
727 118 13
686 549 2
424 6 25
338 32 23
892 46 7
649 258 12
512 253 26
66 524 8
432 525 28
43 88 12
207 735 9
756 693 4
877 173 13
857 270 19
603 168 17
763 250 10
878 792 11
496 474 15
601 506 20
149 842 8
39 205 3
856 413 25
166 37 18
921 779 2
57 874 17
66 413 6
572 350 16
40 768 16
297 710 14
31 849 3
275 768 13
828 94 21
777 485 24
870 371 8
364 456 23
133 698 29
924 592 2
131 56 13
21 358 9
189 839 3
299 585 29
551 725 26
281 424 15
858 671 24
655 535 4
705 669 17
158 809 22
831 293 4
687 210 18
56 690 17
913 529 21
386 52 20
847 230 24
819 731 9
813 404 5
807 180 10
578 314 2
521 78 16
88 428 27
802 411 22
881 852 17
595 701 19
326 162 27
893 99 9
832 364 8
427 144 20
158 643 6
261 324 22
176 96 11
633 681 9
303 378 5
607 524 19
699 926 1
820 829 27
138 801 26
291 209 29
635 899 25
122 232 29
316 349 19
465 832 8
645 344 21
482 547 9
774 85 3
299 573 7
277 366 5
763 77 2
413 466 25
878 418 29
806 436 27
886 109 12
812 804 20
201 394 8
807 862 2
905 508 21
883 558 14
247 60 27
902 645 1
439 253 15
226 111 14
5 23 19
131 777 14
612 746 4
624 639 11
263 566 12
765 177 22
59 488 29
44 196 2
763 625 9
247 840 11
781 575 13
297 906 5
361 671 28
450 281 10
443 777 4
373 802 9
610 914 12
908 409 6
884 383 8
512 240 12
918 649 21
411 459 9
174 844 4
662 640 7
680 930 5
216 428 8
264 265 21
557 125 5
225 380 7
552 737 19
576 377 27
134 641 9
139 505 29
506 297 2
26 789 28
875 929 15
366 61 18
604 619 23
629 546 20
567 67 20
85 865 12
137 80 28
402 281 5
653 116 9
460 729 13
934 313 20
290 414 13
445 674 12
95 455 10
596 690 24
519 654 24
382 218 24
360 148 26
295 352 28
763 214 26
53 7 19
552 80 2
293 722 1
801 223 9
514 459 14
225 871 5
650 756 5
314 33 16
491 668 15
253 422 18
917 10 11
137 193 9
265 19 24
863 884 24
220 142 20
534 635 18
575 488 1
208 564 11
570 346 3
574 532 7
509 816 22
348 917 18
133 470 8
495 380 3
775 80 27
436 375 14
712 385 8
289 932 24
164 431 21
119 13 13
256 623 26
698 660 22
138 452 1
823 383 18
585 520 3
679 462 5
203 175 16
854 312 23
416 125 7
433 303 15
768 771 5
230 384 6
156 222 6
160 386 9
82 585 1
165 108 11
449 667 26
728 893 18
255 393 7
412 298 8
874 875 7
802 366 2
57 928 12
1 580 18
730 312 5
73 928 4
507 25 18
359 835 27
265 184 18
456 396 12
410 147 23
332 336 17
833 408 7
491 726 3
378 443 22
683 388 12
879 324 3
543 867 22
22 217 3
822 371 4
189 66 14
67 523 12
274 411 20
383 814 14
468 76 16
439 239 7
65 349 15
411 74 29
166 847 18
858 450 27
448 178 2
421 87 21
547 811 26
857 145 2
490 60 2
382 710 24
837 578 22
197 834 22
889 349 27
119 337 1
136 376 12
344 293 24
624 695 23
6 483 1
810 217 27
611 324 14
555 704 20
49 230 8
670 537 22
852 457 2
46 94 3
477 691 18
735 669 18
573 153 21
756 608 21
274 298 12
196 332 17
365 10 9
834 629 5
438 704 5
52 36 14
482 95 28
853 72 13
292 443 27
482 443 1
230 880 5
145 209 20
757 104 11
383 413 8
777 277 4
927 470 14
251 925 20
335 882 16
704 496 19
376 61 22
314 445 16
581 357 6
189 340 6
548 803 2
602 547 1
435 256 5
526 873 9
723 763 17
864 121 18
419 861 24
796 763 3
40 415 2
97 922 5
316 228 6
875 756 5
465 398 12
772 609 7
282 471 11
36 494 14
261 821 15
193 916 14
9 512 26
908 3 10
865 551 10
799 922 7
527 904 13
855 613 27
697 346 7
364 361 11
787 140 20
623 699 21
483 653 13
174 244 24
623 600 16
617 236 13
383 123 29
230 887 16
62 379 9
517 512 23
65 349 5
517 169 24
845 624 25
749 301 2
133 599 2
681 396 5
486 472 11
496 390 27
280 888 2
726 280 23
445 845 19
570 18 12
931 888 8
911 794 8
549 475 12
390 81 17
917 83 27
559 833 21
448 662 25
614 730 21
108 687 18
513 391 15
572 100 4
851 177 16
871 582 1
47 573 3
549 709 19
882 503 1
62 669 10
254 812 25
354 382 28
597 736 11
502 315 24
857 326 9
60 90 21
192 932 24
407 230 13
238 557 22
107 364 5
338 156 13
765 39 20
926 630 16
830 540 12
106 885 3
343 155 24
157 511 14
80 537 6
241 829 6
449 752 6
479 529 24
865 899 28
739 645 14
604 569 5
249 627 22
719 256 14
903 258 16
196 427 3
305 400 24
678 898 15
850 437 20
381 701 18
517 812 10
253 668 19
420 147 26
705 752 2
919 144 16
466 888 5
81 907 8
69 683 19
615 423 21
81 10 16
68 294 7
931 604 7
712 76 10
137 479 29
172 817 20
717 58 2
923 379 8
829 713 28
237 111 15
658 152 16
308 892 7
855 320 17
488 920 3
219 736 2
815 258 3
416 81 9
324 172 25
430 856 7
906 436 27
791 328 17
386 371 3
381 128 12
378 806 21
263 498 10
744 21 14
553 814 13
79 31 9
771 153 19
414 303 19
678 537 17
488 267 26
763 603 4
366 829 2
727 356 29
349 484 22
17 532 29
650 243 20
450 563 1
279 877 8
151 247 29
185 797 25
624 229 18
558 165 13
585 695 14
52 170 1
141 752 8
364 472 16
900 801 8
662 391 23
43 612 3
730 398 26
885 76 9
281 313 3
267 846 27
882 110 12
360 559 29
637 155 26
915 243 1
160 325 7
467 825 14
866 928 5
272 213 4
780 138 27
512 472 1
230 737 27
327 297 23
505 263 1
435 469 18
141 53 2
689 567 3
865 152 5
608 695 9
754 341 28
215 257 12
18 475 15
504 483 19
920 25 19
752 147 7
485 48 22
175 73 21
877 643 5
360 733 8
549 477 14
177 382 27
422 754 11
425 739 10
238 888 2
898 77 17
746 800 27
188 827 25
144 784 25
579 858 8
91 185 15
110 917 26
140 625 9
181 913 11
121 710 1
348 636 13
772 762 14
76 27 25
187 641 18
776 43 27
135 824 14
708 728 21
249 61 6
332 220 29
118 458 12
257 168 22
724 516 13
913 471 10
218 430 9
158 615 14
76 692 3
239 571 2
297 292 13
466 721 8
335 14 19
727 213 7
855 538 11
669 647 6
131 912 26
303 863 17
628 138 25
211 741 4
900 505 9
241 673 28
446 463 2
123 369 25
129 707 8
270 120 22
331 426 6
694 678 19
322 513 25
468 460 5
161 21 2
377 120 4
540 924 11
620 147 26
287 113 13
237 763 8
866 138 14
670 883 2
122 16 21
422 929 7
173 856 8
80 66 22
472 400 12
79 900 1
319 820 5
633 765 18
918 47 18
335 763 4
489 196 6
165 557 13
659 719 1
385 627 29
767 846 20
108 831 29
355 643 21
504 171 28
885 643 15
44 882 11
223 297 20
430 892 29
713 398 24
78 171 15
666 147 7
534 166 24
735 103 11
843 5 27
663 522 21
428 459 23
101 789 9
156 696 3
516 809 28
596 744 27
109 273 21
504 852 1
532 425 20
934 244 26
683 227 1
517 54 18
623 622 15
397 519 18
275 180 16
854 85 2
328 448 22
864 97 8
62 779 24
669 217 4
421 662 3
448 927 15
13 253 2
702 433 26
70 27 5
739 8 27
705 168 20
274 340 9
299 310 14
876 521 25
18 647 25
36 245 2
225 164 2
471 69 20
483 798 20
852 498 2
252 65 28
723 721 10
471 391 11
179 8 26
281 121 26
17 543 25
732 467 8
536 587 21
604 851 4
356 838 23
869 162 25
574 273 4
547 72 7
457 888 20
737 349 10
208 642 8
240 163 27
850 445 14
305 291 25
230 577 2
632 327 18
603 491 24
232 324 15
157 345 7
66 807 13
3 671 1
235 10 24
442 102 7
664 106 12
16 373 15
319 4 13
603 452 24
148 59 5
515 390 10
448 159 10
95 348 22
475 715 20
399 393 3
283 500 6
643 621 11
723 678 10
709 421 26
193 414 10
272 380 2
70 11 24
847 178 13
29 201 7
139 723 1
207 616 21
182 934 26
234 758 5
552 782 3
19 69 1
633 7 17
767 82 22
450 712 28
829 573 19
507 123 12
47 44 13
63 236 26
141 824 14
793 335 7
298 49 5
312 642 1
316 742 10
257 696 29
774 659 21
107 471 17
160 107 6
615 897 5
821 587 11
633 544 17
770 1 5
368 913 27
53 15 15
119 123 24
812 142 2
170 589 14
148 181 3
290 138 19
729 78 10
353 324 26
586 448 14
918 347 10
584 547 6
871 537 10
220 766 2
466 266 6
633 563 29
712 192 4
215 558 21
702 411 26
175 788 6
261 596 5
745 770 9
482 857 14
150 178 6
213 17 2
620 706 2
648 619 11
934 434 23
804 499 11
193 586 22
474 715 18
173 723 21
736 237 21
207 799 20
523 12 6
803 227 2
698 90 3
437 47 28
662 435 27
463 721 16
867 832 20
507 735 9
796 810 28
332 39 1
14 51 4
191 68 5
225 125 16
869 240 27
456 466 19
802 471 27
609 773 17
149 126 14
40 552 2
831 805 4
227 353 11
889 84 16
821 822 4
658 124 25
677 637 25
117 389 21
563 809 20
149 149 29
922 670 3
478 443 21
355 564 11
787 340 9
537 742 16
10 9 24
372 100 1
825 206 19
326 123 24
709 22 16
182 29 6
285 502 21
646 403 1
647 198 28
39 548 13
580 151 2
138 471 15
154 554 22
12 728 13
788 94 17
834 175 5
3 381 13
337 194 1
150 514 25
208 205 6
894 770 25
848 897 29
363 697 2
819 110 5
359 4 1
662 11 19
341 150 24
538 11 28
770 281 23
845 842 26
354 173 24
573 922 16
564 519 24
348 476 14
206 858 13
494 333 27
700 481 1
289 491 4
718 327 22
553 928 5
681 897 18
648 433 28
427 486 3
627 95 6
774 452 5
331 827 11
281 51 5
392 759 21
166 594 28
298 631 16
441 653 22
613 865 8
161 87 27
30 871 29
605 423 8
778 274 22
279 636 14
611 838 19
33 339 6
198 544 6
662 318 16
799 148 21
250 894 16
437 742 17
773 263 2
511 275 19
848 509 28
684 368 10
71 483 20
522 414 9
844 191 22
266 492 13
683 101 22
218 469 12
198 563 2
247 759 8
90 606 19
666 126 9
886 126 17
885 82 11
590 347 12
550 652 10
511 121 15
923 158 20
826 279 12
476 154 7
558 845 3
792 674 21
858 791 2
777 117 10
178 813 10
233 231 26
84 242 27
733 674 10
429 13 29
419 413 18
848 118 16
87 32 22
179 682 2
474 581 24
468 910 10
884 232 13
760 822 22
455 290 26
614 257 9
374 259 16
419 820 20
323 288 22
21 180 21
202 425 23
337 632 25
79 893 4
690 481 26
688 227 2
708 787 2
330 874 4
182 96 19
790 729 26
285 417 22
50 262 29
685 404 16
180 23 6
280 473 12
209 888 25
558 217 21
391 145 3
725 112 10
217 756 14
533 67 2
270 35 17
492 708 2
567 317 1
9 335 5
654 606 10
784 15 19
851 902 12
746 386 23
863 326 13
813 914 27
750 726 2
200 278 1
860 32 8
762 294 3
829 251 8
128 566 8
235 652 12
153 159 5
198 836 16
330 314 28
385 725 18
572 167 3
365 167 1
678 574 9
384 525 12
834 144 20
882 359 16
179 710 3
824 326 3
526 818 17
595 924 28
375 275 10
121 875 26
508 575 10
146 318 10
737 32 2
393 729 18
100 26 20
244 314 15
572 568 6
97 492 29
775 721 29
839 767 17
608 601 11
797 181 9
165 685 9
418 96 23
271 816 6
224 888 2
572 913 23
519 298 17
785 928 15
10 171 1
218 258 28
175 410 2
322 124 8
268 530 16
733 414 11
896 108 25
84 486 6
239 43 16
273 771 25
421 773 24
588 443 8
588 824 6
128 137 17
409 525 29
532 763 13
215 871 1
107 484 19
691 143 4
195 660 25
379 730 7
183 256 25
722 5 7
377 650 27
748 408 9
556 260 16
56 116 9
308 859 5
580 533 8
235 134 27
193 283 11
143 470 15
741 401 9
699 649 11
114 170 7
565 693 20
917 687 12
632 227 5
444 102 3
216 228 16
342 291 22
220 766 7
929 438 15
166 769 17
245 757 19
294 916 19
904 212 2
702 298 28
183 637 20
12 283 22
138 737 12
735 666 17
157 623 15
306 722 23
894 461 16
319 231 7
235 30 24
698 582 27
462 368 16
378 168 1
595 301 12
214 119 12
899 178 5
889 745 10
686 722 6
544 218 4
829 137 15
353 286 10
332 768 4
627 86 25
33 787 25
507 807 29
445 285 15
288 85 5
747 386 7
404 391 23
205 127 13
759 755 18
563 424 2
58 276 17
680 354 12
547 931 4
668 381 1
746 187 9
50 184 18
640 419 29
585 501 2
399 26 21
874 796 9
129 473 15
387 901 25
397 920 7
744 217 14
864 22 3
431 858 20
449 325 10
366 584 15
126 166 26
677 615 29
597 552 8
860 5 5
816 684 2
758 693 27
60 357 24
501 760 5
481 591 22
556 234 21
83 307 9
346 109 17
896 799 3
319 14 2
80 893 3
347 220 9
217 86 8
467 538 23
396 413 4
498 828 26
284 6 29
805 185 20
925 399 22
880 101 22
396 621 11
441 657 13
228 673 23
234 870 25
304 573 5
601 631 11
111 166 17
112 546 10
397 46 7
130 906 22
98 756 28
233 688 4
30 386 3
259 804 16
627 220 6
66 556 27
33 435 19
879 604 17
741 514 17
593 476 27
781 787 21
280 266 5
763 500 16
202 425 3
825 183 18
925 925 2
179 538 24
523 529 2
750 399 2
150 2 25
892 301 7
460 905 7
298 616 4
895 853 2
271 442 2
430 342 23
807 286 11
243 142 7
263 90 17
906 98 11
173 266 7
654 594 8
676 514 6
294 811 19
531 636 1
133 60 14
105 929 10
244 307 19
167 203 8
527 433 5
347 746 24
115 575 28
676 490 25
240 358 25
349 181 17
462 493 10
348 778 2
474 787 5
278 306 26
83 102 20
501 70 4
699 153 20
636 17 20
208 686 9
245 100 26
702 224 11
16 790 3
878 575 7
322 153 29
118 680 22
66 370 10
288 68 14
918 545 24
351 845 26
751 367 18
177 332 29
432 923 23
273 453 21
707 309 22
909 508 17
193 713 12
750 381 16
710 751 4
531 456 14
904 850 16
186 674 9
725 509 25
33 465 15
579 275 11
872 459 18
558 656 22
399 219 3
773 788 12
845 933 28
151 592 9
559 242 12
113 299 23
107 601 29
82 677 11
421 532 12
144 889 18
182 694 24
841 895 29
16 101 19
256 675 12
648 702 20
64 860 13
482 255 9
438 112 10
123 257 23
378 804 12
295 750 22
500 463 26
343 459 15
302 177 7
311 300 15
200 624 2
109 662 27
72 495 23
714 394 15
276 694 15
11 592 25
903 16 4
713 495 25
436 559 21
28 817 3
143 430 14
323 660 7
319 341 28
192 892 29
482 199 16
931 758 1
860 193 6
76 629 7
539 218 4
645 870 8
745 723 23
846 1 11
806 263 6
588 835 14
388 183 21
887 578 6
808 315 25
920 534 10
158 167 19
227 799 9
304 238 1
251 613 4
393 418 2
557 442 25
779 598 16
894 310 29
191 365 22
483 282 20
605 94 25
637 621 7
731 681 20
156 640 11
76 868 5
86 31 6
338 41 24
315 571 4
132 411 14
47 684 1
139 202 17
757 270 26
550 419 13
764 569 10
584 35 23
822 784 19
528 811 25
889 696 14
272 762 20
632 454 4
391 78 8
902 123 28
199 599 27
232 738 17
724 624 8
101 514 27
540 534 2
91 852 28
22 763 28
670 72 9
23 296 14
255 383 22
869 132 25
628 140 18
283 606 4
751 542 13
167 468 8
651 88 12
526 676 6
340 413 29
301 497 12
849 183 21
445 453 15
777 421 26
12 81 19
613 435 22
644 355 17
791 632 2
549 685 25
805 908 24
412 34 22
88 177 16
225 672 12
815 459 20
101 694 29
34 708 20
85 218 11
286 675 22
313 587 26
498 103 17
243 315 15
4 689 5
504 63 1
229 10 29
651 468 1
926 405 9
411 36 13
75 916 8
55 542 12
168 570 29
917 640 20
846 614 10
812 534 28
854 174 3
882 855 8
443 460 25
137 617 28
563 802 24
187 706 21
814 437 27
209 22 13
267 89 25
694 59 15
553 285 5
244 511 25
438 109 5
112 503 2
31 525 17
26 34 12
329 482 4
51 841 9
49 454 20
23 365 6
744 120 5
908 839 9
913 133 24
866 558 6
461 705 9
197 41 5
696 419 5
40 645 19
522 813 14
234 280 24
361 345 26
619 363 7
524 908 8
417 309 26
551 674 11
110 559 28
305 444 17
398 102 22
830 160 3
480 58 22
443 228 16
101 868 26
780 255 10
847 484 12
255 769 25
496 646 26
155 290 26
472 490 2
889 3 16
789 485 15
385 892 4
911 701 2
93 167 24
681 580 28
754 467 28
33 370 19
323 247 11
96 746 10
836 161 26
490 534 13
391 549 28
387 242 19
856 909 26
754 633 8
430 588 3
100 798 7
534 765 13
336 882 27
684 545 20
323 333 4
756 905 24
644 861 19
223 744 6
453 623 19
365 846 27
585 332 14
117 119 23
46 246 1
835 37 26
622 180 5
428 419 6
221 133 4
681 646 26
655 865 23
212 296 10
731 663 24
367 126 15
480 619 25
586 189 22
798 490 9
78 166 13
555 908 13
67 699 28
646 626 25
435 524 23
493 237 21
867 879 12
852 208 13
571 241 22
603 36 22
894 121 14
203 541 29
619 536 17
728 288 24
572 368 18
377 123 29
541 163 20
395 885 21
452 772 4
243 872 23
624 29 26
115 876 22
642 442 20
901 592 14
117 505 21
909 914 20
196 579 19
293 623 29
257 767 8
929 715 14
162 376 19
9 429 8
763 92 4
102 827 25
658 104 19
811 446 19
122 337 24
321 536 3
671 760 17
568 231 26
170 703 11
344 824 25
546 720 1
749 548 6
418 118 29
278 415 22
516 243 17
499 186 13
109 598 2
229 166 2
586 200 1
314 116 11
156 364 5
654 898 16
640 553 2
33 284 8
337 649 17
332 63 25
283 231 7
150 301 24
7 740 6
62 253 15
471 150 26
237 172 26
506 145 14
93 451 27
683 96 11
444 97 9
122 89 5
303 140 3
14 804 13
464 811 5
716 265 8
588 923 4
14 360 19
138 153 8
131 703 26
152 108 22
405 15 1
190 922 4
717 914 22
683 751 25
759 496 29
663 134 19
111 903 6
912 95 1
31 491 12
249 856 13
818 409 25
39 679 17
323 59 10
927 88 3
273 609 25
874 387 12
288 788 1
726 615 2
467 845 28
806 177 6
287 578 15
926 218 19
429 350 20
70 622 27
814 854 1
127 243 27
622 91 21
414 624 8
860 529 3
34 672 5
532 790 22
878 596 25
175 133 27
802 587 25
471 807 6
614 500 7
839 790 12
934 386 7
629 128 10
306 237 16
691 202 16
571 599 14
652 271 22
128 517 27
375 172 24
81 422 5
807 117 28
587 296 24
657 664 24
850 882 22
528 836 21
229 139 25
352 392 29
392 111 11
74 528 15
443 34 7
216 394 6
208 327 27
379 309 14
466 88 4
272 682 2
537 113 2
279 307 25
501 52 28
911 654 26
371 419 2
788 546 26
319 513 10
446 309 9
570 300 20
92 759 19
546 237 16
891 206 24
200 612 5
283 384 5
483 929 29
628 484 2
289 477 11
114 459 3
201 726 17
356 832 22
873 784 5
310 424 11
911 419 28
153 202 18
210 372 3
214 819 15
336 48 26
803 121 10
629 169 6
890 259 19
619 657 2
225 817 13
204 805 16
50 335 10
769 257 8
163 774 25
522 730 21
464 182 17
498 313 20
61 670 8
664 695 18
228 523 4
436 912 22
532 355 25
446 905 24
456 710 22
236 415 29
766 208 19
608 240 9
580 175 6
385 639 7
737 61 1
844 474 27
577 129 27
657 538 8
234 914 24
240 611 22
790 855 14
594 353 27
187 457 7
749 618 13
407 130 2
642 722 11
440 883 29
419 13 10
567 614 4
808 550 17
329 932 3
494 626 24
452 125 9
811 402 10
322 51 3
357 597 2
761 319 5
745 193 12
6 401 16
365 787 22
330 639 1
266 390 8
854 276 25
54 44 12
599 189 20
830 833 6
712 239 4
61 491 11
345 653 24
158 850 25
811 896 14
518 7 15
714 918 12
679 450 10
703 725 29
492 190 6
262 559 24
299 784 10
248 383 22
395 224 13
561 519 20
18 299 26
324 208 20
886 176 11
556 391 18
287 186 14
191 16 28
146 922 22
226 55 19
492 403 22
106 230 21
336 598 12
18 443 29
7 782 10
658 547 15
40 836 13
739 354 22
832 568 12
795 268 5
880 283 27
222 856 20
341 657 19
812 87 29
691 612 5
313 515 15
545 333 20
437 496 13
393 221 5
577 697 29
278 825 20
306 669 26
715 212 13
879 851 12
905 656 14
372 472 23
752 812 5
108 36 9
36 291 12
534 517 17
100 339 26
590 603 1
366 420 3
603 860 1
225 26 27
922 537 7
338 328 9
493 7 18
541 363 4
122 425 29
919 208 5
23 513 21
520 182 15
683 307 11
773 243 11
763 590 20
451 232 16
146 488 11
377 101 21
849 336 4
574 264 10
168 598 26
837 808 16
691 553 13
648 231 9
317 358 1
213 40 16
372 669 2
174 921 6
115 528 6
772 754 4
35 850 16
717 481 4
743 805 11
79 615 20
841 752 8
891 262 28
700 477 25
638 229 4
411 812 12
33 636 19
436 273 8
588 679 10
221 47 4
841 386 1
292 561 1
154 378 22
722 842 18
234 785 8
876 113 7
160 267 6
933 672 25
371 96 2
741 101 28
344 157 29
906 115 10
914 474 14
207 583 29
432 533 12
92 691 21
802 327 3
752 580 28
439 905 6
482 247 22
381 511 4
470 4 24
285 234 5
208 712 12
348 354 20
540 462 4
133 915 1
280 708 6
46 321 21
108 785 21
826 192 15
422 915 7
476 654 16
361 639 20
104 40 16
363 62 8
65 390 9
406 543 17
25 356 24
679 527 26
284 62 20
14 701 17
612 548 19
221 872 28
333 12 17
146 48 29
287 134 26
561 648 15
380 752 3
417 642 6
879 10 29
701 605 10
149 373 17
930 735 9
619 349 28
78 660 14
780 582 11
251 283 20
666 579 20
109 405 16
817 766 28
251 167 15
900 642 21
565 9 17
753 846 3
837 220 21
234 687 24
370 489 19
817 649 12
524 840 17
172 337 11
97 409 2
169 859 9
305 716 6
289 55 7
855 480 5
827 916 27
308 234 13
487 696 29
90 796 28
205 862 6
134 770 26
581 417 15
381 781 5
879 371 20
268 301 27
250 370 6
131 865 14
729 424 11
890 862 22
448 768 1
158 664 20
929 584 25
426 747 3
338 307 22
918 194 11
426 717 19
288 647 22
621 921 15
464 446 17
26 158 14
634 837 9
112 276 14
137 323 6
584 832 8
796 60 20
443 176 10
654 809 14
684 136 15
1 744 26
688 557 8
858 342 23
813 63 22
19 232 21
526 743 7
505 555 24
588 192 27
238 280 27
486 398 7
85 279 21
921 28 28
758 247 17
902 642 2
74 294 21
593 879 10
170 810 17
673 96 15
833 466 28
507 829 12
934 331 29
446 882 17
858 397 11
279 174 21
743 507 26
662 300 9
76 598 22
415 462 1
203 121 19
850 589 26
442 554 14
725 921 15
875 21 13
51 43 2
145 471 24
650 853 17
671 845 14
485 892 5
899 681 17
384 131 11
90 310 13
148 332 9
243 819 21
774 196 11
921 450 17
518 622 23
919 245 12
82 546 13
216 860 24
749 778 16
80 582 12
185 249 9
539 388 24
1 617 14
605 236 15
105 500 13
691 674 11
557 505 8
308 243 4
105 590 10
241 401 8
496 506 1
220 11 29
44 730 29
465 916 2
786 357 7
271 298 11
413 17 26
81 805 13
709 734 13
171 393 12
609 390 17
927 459 9
502 470 16
145 384 23
371 32 25
613 811 15
20 46 1
541 619 4
614 232 26
293 833 20
928 159 18
314 581 11
626 96 16
614 876 18
381 423 28
599 845 15
737 669 15
144 872 12
149 495 28
898 215 2
196 107 23
318 774 4
633 778 24
154 513 25
440 374 13
118 133 18
27 467 24
496 386 20
133 103 20
486 793 23
433 562 9
123 850 2
616 629 9
221 704 10
621 814 3
29 865 4
603 895 12
402 372 19
905 750 23
71 531 21
585 73 14
431 358 26
123 349 10
409 383 2
547 661 29
57 769 14
160 254 20
506 558 4
157 741 17
881 890 22
379 523 26
222 410 27
773 401 1
51 384 9
806 567 20
681 334 26
694 651 3
627 758 29
222 454 21
487 587 18
560 526 20
850 57 24
81 594 2
381 125 5
90 166 14
687 926 24
277 21 21
773 435 14
593 299 6
225 452 3
915 456 16
240 197 14
362 892 25
53 455 29
406 734 14
887 256 7
646 361 8
66 150 10
890 117 2
559 195 4
785 374 7
412 901 28
871 451 23
10 250 23
751 146 18
407 848 29
477 750 3
213 418 7
510 818 6
287 214 18
599 779 21
271 46 19
539 149 10
631 829 24
96 381 25
751 324 29
507 209 22
576 535 15
213 418 15
890 341 29
148 903 20
740 534 21
328 278 3
883 136 16
85 170 9
122 332 9
436 14 10
424 291 19
494 892 3
95 571 3
297 654 13
8 113 3
82 31 6
662 717 7
267 168 3
344 233 7
864 310 13
149 34 12
212 209 3
909 169 17
302 444 13
814 612 17
482 576 28
76 77 24
246 330 10
339 877 18
661 583 7
882 453 7
558 897 17
163 334 24
881 717 25
80 423 10
622 48 9
294 899 24
877 760 13
832 55 10
914 852 27
368 656 27
593 766 20
496 767 13
196 411 9
436 260 26
50 48 24
797 914 11
42 926 22
5 558 16
471 473 11
452 83 21
202 568 18
859 908 11
445 281 28
738 229 1
73 86 12
424 48 6
384 103 18
930 485 11
584 352 1
842 361 18
277 520 16
716 452 7
804 757 26
798 283 20
61 392 9
426 386 10
362 894 1
249 107 4
351 256 10
581 735 9
829 406 5
842 715 11
646 560 6
357 463 26
279 639 3
687 324 18
473 643 26
483 197 3
844 127 12
355 423 23
864 282 21
700 409 6
521 200 10
833 821 28
809 610 17
612 66 11
471 592 8
562 143 4
490 899 8
538 488 5
591 637 10
28 823 9
711 411 12
346 550 19
394 636 22
913 378 25
568 565 4
553 561 23
723 490 4
709 628 14
69 344 22
69 281 13
861 684 5
792 729 23
708 616 17
339 410 19
185 424 28
353 746 4
701 567 27
128 71 27
128 265 1
602 99 14
749 438 4
311 143 15
623 131 3
816 144 15
757 224 27
607 704 23
615 877 14
862 332 6
244 201 15
38 724 16
386 829 19
928 95 11
924 47 19
78 875 22
505 929 2
233 309 6
583 216 4
643 9 3
201 303 22
158 599 25
233 296 26
490 566 2
454 339 19
505 133 8
399 8 20
120 622 11
317 653 27
196 82 14
471 830 19
128 616 12
417 263 26
434 651 9
22 75 11
284 683 28
598 107 1
515 663 13
384 809 6
757 853 6
731 503 1
385 894 7
837 811 15
896 137 8
745 382 20
250 392 16
113 245 5
299 831 17
103 256 15
162 27 16
19 326 21
773 343 15
87 582 15
899 228 13
24 611 21
710 483 17
275 346 14
256 65 22
592 483 20
165 357 21
305 64 25
92 298 16
124 629 7
682 608 16
627 319 15
354 281 15
421 878 1
527 720 28
49 170 28
98 692 23
769 711 18
408 402 8
530 782 23
570 555 17
279 63 6
597 685 8
740 547 10
475 68 17
532 887 3
447 71 1
3 873 15
203 201 22
578 610 26
870 547 22
384 393 10
303 646 11
872 53 11
511 74 8
547 681 22
264 386 13
153 418 28
701 677 12
360 809 13
172 794 29
464 412 29
664 260 15
290 146 1
29 604 16
895 924 1
379 612 29
708 498 19
441 629 2
353 308 10
302 76 29
354 773 10
55 455 16
25 739 8
855 482 7
132 237 3
300 210 24
371 94 6
934 707 26
785 509 27
613 596 21
220 249 15
242 132 8
435 610 3
425 212 2
694 563 15
404 295 24
784 662 24
335 54 2
9 776 18
912 545 23
716 471 1
289 671 2
462 667 17
495 907 25
723 855 28
265 7 19
833 27 20
24 226 22
33 558 18
334 136 6
456 305 6
794 328 20
615 671 8
66 659 19
720 408 7
279 147 3
460 47 24
430 588 6
428 605 3
408 213 16
617 34 17
9 796 4
40 563 15
313 271 8
779 113 15
476 853 14
775 493 8
691 244 23
211 676 7
404 842 15
728 285 19
428 110 9
278 350 27
833 157 23
566 275 18
525 54 14
75 691 17
336 622 4
318 372 5
772 549 11
270 909 26
886 532 18
126 551 21
50 786 22
758 459 2
912 430 29
270 68 7
143 515 14
711 177 10
880 486 8
244 373 19
841 241 24
170 923 14
126 363 25
412 470 7
594 140 5
437 517 11
712 633 27
232 124 27
927 826 11
912 55 3
598 681 25
924 395 20
652 422 24
226 195 2
310 653 16
916 300 13
754 338 25
189 788 7
229 240 1
467 873 17
266 933 21
661 542 11
304 465 22
542 250 25
52 597 2
533 333 11
755 866 25
663 541 21
634 663 12
357 74 12
289 350 9
232 558 19
99 593 18
888 205 26
97 736 2
477 530 23
700 327 10
704 23 18
248 892 20
488 482 1
206 631 22
353 895 13
745 116 25
570 318 8
825 201 6
575 311 12
862 105 19
838 876 16
183 905 2
351 441 5
820 459 28
803 212 4
926 934 20
198 551 9
181 919 8
653 900 13
192 634 12
750 420 24
251 270 7
273 816 3
714 377 8
902 458 2
883 530 10
328 634 20
712 431 19
910 623 8
848 467 1
926 294 3
630 871 16
413 862 28
645 166 14
892 411 15
193 93 20
790 885 16
603 59 7
369 398 5
179 489 16
577 479 6
471 41 19
302 330 4
894 490 7
648 353 28
267 556 1
59 286 26
203 128 29
160 127 28
732 655 2
568 403 4
392 194 19
84 18 24
533 559 17
803 615 19
259 186 15
768 29 27
219 428 20
740 340 20
63 836 21
432 159 8
886 311 6
284 389 29
333 919 25
800 656 16
516 77 12
497 135 18
249 560 15
850 528 22
498 890 20
618 9 16
503 333 8
225 704 13
626 410 4
884 200 14
832 79 10
467 808 21
140 443 11
831 181 17
412 893 10
913 543 3
724 754 1
263 151 29
460 194 7
863 758 19
381 526 27
317 666 7
222 660 19
772 190 17
722 75 19
855 883 22
159 233 20
734 514 10
427 749 11
18 451 1
303 143 5
137 301 15
900 709 15
889 650 18
594 669 28
596 217 27
106 698 10
76 166 16
826 211 16
54 220 3
826 8 4
196 298 28
430 149 5
218 683 11
198 542 6
165 389 23
9 555 7
482 262 5
827 20 10
593 106 16
807 455 14
244 372 4
297 882 9
307 133 27
7 930 13
165 572 20
175 430 15
9 401 7
142 845 24
704 777 10
618 135 8
374 216 22
653 863 17
149 682 12
920 113 11
422 669 25
282 451 3
233 835 5
927 716 5
802 393 25
89 433 24
41 162 28
79 696 26
860 446 28
214 684 29
743 428 29
532 59 23
143 875 6
107 842 29
270 583 1
621 781 23
269 740 18
70 794 25
194 842 28
400 502 3
429 420 13
671 479 21
543 115 20
133 415 9
772 891 6
389 108 1
363 322 29
799 929 27
677 467 27
900 639 27
783 201 21
392 580 9
428 304 19
713 284 6
770 707 22
598 493 14
455 53 22
551 629 12
777 433 20
699 804 16
460 833 20
898 655 4
555 119 1
781 146 27
424 284 26
779 496 11
790 730 29
160 441 11
907 846 27
593 98 13
645 384 25
848 64 24
643 469 14
638 253 28
104 302 8
609 610 27
405 554 2
407 301 5
510 481 13
540 703 26
817 480 12
250 863 26
173 636 13
140 412 19
677 32 25
20 54 7
899 706 18
212 904 11
99 663 12
424 12 27
365 42 26
572 47 22
612 718 25
25 155 21
216 134 8
801 323 6
784 525 26
320 529 14
904 812 28
353 501 4
160 600 19
596 579 5
670 646 1
849 638 22
934 818 26
49 63 20
769 413 27
623 882 2
17 554 26
333 440 10
716 670 9
330 504 22
260 418 26
395 267 6
401 74 29
226 90 17
486 759 10
343 853 9
496 738 3
567 777 8
555 783 5
195 38 4
833 852 21
418 19 7
379 835 21
452 176 16
528 430 26
589 724 10
619 672 6
847 471 2
620 803 11
814 546 27
476 664 5
693 665 11
107 929 23
142 460 17
886 324 19
185 427 12
593 193 6
244 597 25
449 27 9
784 236 29
825 684 8
829 58 13
820 886 13
472 486 13
27 121 14
822 95 23
753 163 20
66 237 25
739 807 29
653 205 2
20 896 21
848 244 12
841 136 14
258 477 8
286 731 19
601 447 26
750 848 27
547 341 14
475 270 13
222 703 10
363 707 9
32 780 7
424 311 22
669 497 1
926 144 8
254 641 6
33 728 8
916 800 12
522 180 19
399 304 11
62 808 24
502 66 9
227 293 2
516 205 26
540 350 20
317 536 20
643 377 4
482 723 26
686 904 24
573 428 2
582 200 18
898 570 24
524 9 13
631 516 27
400 167 5
187 419 10
422 709 8
296 92 21
844 323 8
124 72 29
790 460 20
893 874 5
185 477 11
386 814 25
201 360 25
748 560 11
316 244 9
687 64 26
242 183 24
507 682 2
616 782 6
447 69 17
352 388 2
387 294 13
671 377 1
533 745 15
691 52 9
838 130 14
198 454 21
376 55 8
136 598 4
304 110 26
464 502 19
177 527 6
78 153 14
386 416 21
821 590 8
323 6 14
1 883 9
260 450 22
893 620 9
467 888 13
733 190 1
34 697 28
595 336 22
612 310 6
118 331 5
236 107 19
51 144 9
231 608 21
383 551 10
325 603 22
720 798 27
412 823 24
326 159 21
710 800 29
395 593 8
383 196 27
219 444 12
709 325 20
504 817 28
77 766 29
34 683 6
531 157 8
232 56 21
525 441 29
207 207 9
711 914 29
92 351 15
75 567 13
206 511 1
764 694 26
858 59 5
161 775 15
162 126 27
60 822 15
444 719 7
505 22 19
726 510 7
795 863 26
133 688 26
572 605 10
919 649 27
279 314 19
630 811 8
247 860 4
381 230 2
621 172 11
68 914 27
321 815 15
558 66 26
402 453 15
807 724 24
899 333 11
419 609 14
697 734 21
632 330 29
502 588 3
536 748 25
741 207 17
729 840 28
532 503 12
231 419 27
491 508 8
501 46 27
813 365 13
331 488 11
341 880 16
146 715 25
55 119 12
408 611 18
15 374 20
394 703 8
487 432 26
26 375 16
131 671 20
806 469 16
934 856 3
731 859 5
198 270 13
747 268 7
402 733 28
606 591 12
50 49 29
624 537 3
917 65 10
221 669 22
716 743 14
579 816 22
337 828 9
214 74 23
743 897 11
493 46 8
438 831 14
547 903 2
17 910 6
117 292 6
232 539 16
367 450 1
758 740 24
164 864 6
932 838 9
461 431 3
871 773 17
222 502 26
239 400 24
289 773 8
194 569 22
162 165 10
558 892 11
489 746 14
778 852 14
805 6 6
322 124 1
252 571 15
27 559 12
686 489 12
642 54 22
68 163 2
599 2 16
464 99 10
732 87 21
236 933 17
104 380 12
57 688 29
441 824 29
419 348 7
894 419 27
518 482 24
648 843 18
133 168 2
32 50 25
921 895 19
890 840 7
263 760 5
286 792 26
645 887 15
500 130 6
915 551 14
416 72 22
177 523 27
656 369 27
72 196 23
798 655 6
440 244 8
238 482 16
857 483 22
465 456 8
669 469 11
228 398 27
119 768 3
145 275 10
422 501 20
682 636 2
110 918 28
373 573 10
919 434 11
142 609 23
655 147 16
253 298 19
295 524 5
348 727 1
271 396 1
287 367 20
687 283 25
855 779 24
855 920 24
62 76 1
371 819 5
762 99 22
351 368 27
588 548 8
10 84 2
917 857 23
194 283 12
647 474 20
296 617 21
375 276 19
475 749 23
132 546 8
506 623 11
318 896 20
8 788 10
848 4 18
893 919 23
622 699 21
272 45 21
80 778 3
552 200 13
300 857 20
104 106 14
555 868 3
416 858 1
65 509 3
481 70 8
932 886 25
884 902 1
431 429 17
237 600 8
584 68 21
229 488 18
240 33 16
215 318 28
260 340 28
792 310 24
147 816 9
126 121 1
922 878 6
876 132 26
458 378 22
846 211 18
27 321 16
335 200 28
674 512 14
726 130 4
366 170 19
270 184 4
39 342 17
761 443 18
264 785 16
710 126 27
591 430 26
467 244 28
913 464 5
257 636 17
124 691 25
486 209 28
19 597 15
177 561 26
414 99 13
638 747 15
189 903 20
118 749 8
531 6 12
104 655 4
558 379 5
373 302 8
141 286 5
556 702 29
500 408 11
53 594 19
73 321 9
536 341 7
588 927 7
480 168 26
384 751 27
811 800 24
383 427 18
924 484 3
305 819 2
247 548 7
206 751 21
243 158 22
437 894 13
205 727 8
868 105 12
544 612 18
506 306 3
643 896 18
701 784 25
41 432 1
929 363 20
836 543 23
127 608 27
622 823 26
634 532 10
426 607 24
149 328 26
525 58 16
621 103 8
211 861 6
455 405 11
499 657 24
491 726 8
929 285 8
728 24 10
367 509 12
379 155 16
538 408 25
104 39 20
264 584 24
90 570 4
836 330 7
708 9 2
760 748 19
324 593 3
436 907 21
816 713 15
173 201 17
139 701 11
477 353 18
256 211 21
505 747 5
647 923 26
894 221 23
187 59 19
925 714 10
617 71 13
126 10 6
623 407 8
489 543 28
489 284 23
826 115 29
230 311 7
178 911 25
87 741 16
893 811 15
536 292 11
631 469 28
188 89 2
230 901 9
449 360 13
30 431 26
460 807 20
110 880 1
432 751 14
388 503 18
876 548 25
870 500 4
604 261 3
370 797 18
422 767 16
442 794 10
562 910 13
513 679 11
887 717 28
554 697 15
901 808 4
449 623 3
882 919 2
467 723 5
152 673 14
796 871 1
50 883 8
751 530 2
607 204 27
878 590 9
739 585 13
112 659 1
554 784 24
874 851 15
695 397 5
818 608 20
168 696 14
248 781 25
448 854 20
251 604 6
86 839 13
451 495 22
357 447 24
913 13 11
90 315 28
93 263 7
348 31 5
74 544 23
709 136 19
333 704 4
913 85 13
519 788 15
887 882 23
332 265 9
175 572 19
330 423 26
912 266 6
770 170 15
840 66 11
187 814 23
691 860 20
427 177 2
934 664 21
125 786 10
610 699 10
746 744 6
616 169 3
618 80 8
899 43 14
14 73 21
731 524 2
646 640 2
462 11 19
165 153 29
732 505 5
28 805 28
691 634 27
617 626 7
760 891 29
612 763 7
867 239 19
277 623 26
400 928 8
232 850 13
599 903 20
33 761 22
917 486 16
29 760 19
59 693 25
746 743 2
435 586 5
364 87 18
142 150 6
108 799 1
240 489 7
823 301 17
656 77 18
171 406 2
482 198 27
871 829 26
915 207 1
921 151 1
913 158 17
441 478 4
685 363 10
147 160 27
318 845 12
20 425 29
497 156 1
526 133 10
643 30 1
368 223 2
716 59 3
415 112 7
93 7 3
193 208 6
571 282 1
176 707 23
237 455 13
470 510 14
175 14 2
46 227 12
353 250 13
72 479 20
629 827 12
892 502 15
408 119 10
832 395 11
549 619 10
577 68 24
192 712 3
633 737 24
626 382 17
828 919 1
57 578 6
764 55 15
95 703 7
918 157 23
875 223 16
904 445 11
471 61 13
266 651 4
488 121 21
454 6 15
745 749 20
785 347 29
211 687 4
379 747 12
391 476 26
168 708 29
698 609 10
873 123 11
197 379 15
636 520 9
497 312 24
764 872 1
415 135 26
562 302 1
382 701 8
143 73 19
160 887 29
331 586 2
340 501 12
419 252 6
381 317 3
44 827 12
223 447 1
341 239 1
809 242 7
505 66 6
693 370 24
589 202 18
43 256 19
20 391 25
746 98 24
9 555 25
702 590 2
403 615 27
876 905 25
384 138 7
482 316 20
82 656 5
807 817 10
707 842 25
216 729 11
854 115 1
875 853 23
361 23 3
626 816 28
439 731 5
623 40 15
618 375 10
493 687 29
565 530 18
645 549 20
344 398 29
14 208 17
817 693 17
469 510 1
326 864 26
345 498 6
229 732 19
467 883 16
53 15 22
880 803 12
689 685 18
316 712 4
199 917 13
119 755 21
567 747 17
773 927 25
448 824 5
333 601 21
549 863 2
597 637 15
619 315 20
832 49 27
525 398 19
268 142 11
190 778 3
383 664 12
354 341 3
370 895 22
572 425 15
602 393 16
334 814 5
46 467 27
213 662 12
758 64 21
820 735 7
256 784 9
44 644 9
195 211 16
612 517 12
175 113 13
114 846 28
716 409 10
934 658 2
381 124 10
431 215 20
695 609 13
877 431 4
905 509 19
248 792 2
389 523 11
108 161 25
480 318 9
225 683 17
844 555 6
518 857 1
458 909 9
168 247 23
907 445 27
317 931 3
849 203 25
910 782 5
455 878 10
710 540 2
310 78 10
846 152 16
579 766 25
21 514 27
683 426 13
568 591 22
528 352 3
453 393 8
194 736 13
720 603 5
120 740 21
335 354 21
795 45 27
381 212 29
111 620 13
243 344 24
623 154 3
210 169 6
695 582 28
501 66 6
564 854 1
123 446 13
234 645 17
550 499 3
858 609 7
110 765 4
821 696 14
875 388 10
799 589 13
618 820 2
468 15 12
207 906 1
293 107 1
555 226 18
552 525 21
265 777 23
820 610 15
668 400 28
151 715 26
759 752 2
130 226 29
389 36 9
370 405 25
357 395 26
105 212 23
225 876 18
415 557 4
640 496 22
757 51 13
45 261 10
445 249 2
11 33 29
537 319 5
413 840 21
908 694 26
151 529 21
791 444 6
363 581 2
403 255 8
279 214 23
329 850 24
83 463 3
521 777 18
478 112 2
388 176 29
148 718 17
870 552 8
868 302 17
175 824 5
104 850 28
565 108 24
116 285 18
734 713 23
607 806 25
376 691 9
701 453 8
649 527 10
680 341 21
470 25 21
434 880 29
32 248 5
48 701 19
811 411 17
464 790 15
485 533 29
49 90 29
188 599 20
535 493 19
452 132 16
691 646 18
589 883 9
764 345 9
932 570 12
421 77 5
23 18 21
305 895 29
13 725 24
286 524 11
881 92 1
160 874 13
790 718 9
249 302 25
263 562 5
678 923 22
406 932 23
358 411 23
127 325 5
236 216 12
914 559 10
871 798 16
65 326 20
117 298 19
115 357 17
557 332 24
448 882 13
263 173 9
736 714 2
742 682 4
591 231 13
299 371 25
905 789 9
676 603 14
130 28 18
719 364 24
498 843 2
74 329 21
640 766 25
267 429 21
101 653 16
733 850 10
319 309 19
601 409 19
218 543 23
73 638 14
193 58 14
750 102 19
664 450 26
498 820 11
524 228 1
476 810 22
583 519 8
351 9 24
553 274 26
41 229 22
411 820 19
642 931 10
43 101 16
352 697 17
568 788 27
654 637 13
39 5 16
510 769 22
89 199 24
643 278 24
301 420 24
690 283 8
647 531 19
670 540 8
534 5 22
679 497 19
256 665 28
319 877 8
713 209 27
394 141 11
801 320 14
265 718 17
898 492 9
656 896 23
892 457 13
679 656 25
230 910 18
695 442 24
547 194 11
836 934 24
230 433 9
133 126 16
532 912 21
816 612 24
691 740 14
461 802 13
576 847 27
879 46 21
460 408 9
420 457 4
601 894 21
215 288 4
756 139 5
677 679 16
829 434 1
75 769 29
539 180 11
175 892 1
664 803 13
362 178 24
193 862 20
381 499 15
794 299 12
734 169 14
319 189 14
646 97 20
831 599 16
508 802 22
837 55 14
431 54 5
683 99 24
702 582 1
826 121 16
825 238 11
324 884 17
920 214 10
905 765 13
754 397 29
435 285 25
811 320 5
326 104 12
505 114 20
400 79 7
248 767 7
232 562 3
262 7 11
60 452 6
372 869 22
872 925 9
10 616 14
386 51 22
227 311 23
212 646 6
911 341 10
65 783 14
293 499 11
572 375 6
124 465 25
751 151 18
338 714 5
832 863 14
81 224 28
784 736 14
762 118 8
770 60 25
284 420 24
503 865 6
331 49 13
281 571 15
481 862 20
110 902 27
127 223 7
473 173 22
147 586 24
113 495 16
238 479 10
627 622 6
632 52 7
448 135 22
282 9 26
799 207 17
165 38 18
236 310 7
648 350 4
130 709 14
541 389 5
872 596 22
616 710 3
417 830 19
348 822 23
58 147 4
537 179 22
598 89 1
160 572 10
699 565 28
347 159 17
660 678 10
242 199 1
928 559 14
787 410 18
803 808 10
278 569 24
119 704 10
337 631 23
521 555 18
240 183 4
593 518 25
560 923 8
404 376 25
377 307 3
726 269 27
773 414 8
779 509 16
633 499 21
832 373 29
77 119 13
74 650 6
772 803 12
407 843 29
517 546 29
536 128 21
324 212 5
299 725 25
386 577 12
799 556 16
321 176 4
356 727 8
469 556 29
555 216 22
788 113 16
398 837 28
224 239 5
762 263 26
842 381 1
537 180 18
36 729 11
60 85 5
933 206 25
336 88 26
792 214 23
122 474 27
292 496 14
301 315 9
370 10 25
383 697 6
760 917 26
848 382 14
281 154 18
347 923 19
599 569 7
371 828 28
793 843 12
61 792 22
718 461 27
687 930 27
404 43 11
275 543 13
810 798 11
169 38 1
878 287 1
104 757 25
190 666 3
405 496 9
451 648 1
900 94 19
788 576 2
441 602 7
74 232 22
807 661 2
1 875 4
72 275 22
416 550 10
251 369 20
386 190 12
674 95 22
80 793 14
693 789 22
791 438 9
929 295 29
194 496 22
363 869 19
91 259 21
571 192 20
794 908 10
782 758 17
843 798 1
655 384 24
755 420 8
837 23 18
432 528 15
456 288 13
483 122 2
697 63 2
199 186 24
653 175 7
296 306 23
780 296 21
901 96 17
444 916 28
552 200 27
457 783 20
325 915 20
305 344 11
397 357 7
203 774 18
827 812 1
778 547 7
769 364 2
567 827 24
845 23 1
464 309 29
622 486 27
178 515 17
736 691 5
469 583 29
210 723 17
844 522 27
57 503 5
610 841 14
7 494 8
98 239 26
871 910 13
872 726 29
928 419 27
269 776 24
812 639 13
80 757 29
304 129 17
924 654 5
458 507 13
931 399 5
452 130 25
318 619 22
696 745 5
261 322 16
16 394 20
416 77 6
37 151 6
858 882 2
913 222 19
292 818 28
463 645 18
383 816 23
165 929 13
56 415 24
465 783 8
96 313 21
327 713 9
580 591 10
214 823 4
45 385 21
274 510 12
683 247 25
850 767 10
719 437 21
579 147 5
552 739 15
487 52 7
902 3 22
157 238 9
532 602 4
660 805 22
68 495 1
3 578 8
11 853 20
307 282 24
252 277 21
645 457 16
305 284 18
307 438 5
457 845 2
649 239 5
611 225 14
910 325 5
366 135 14
431 898 15
79 284 15
351 86 21
166 295 25
179 597 2
830 87 2
126 601 14
734 583 26
307 247 24
908 427 15
107 714 21
907 755 19
62 40 12
672 201 25
842 228 16
533 791 1
785 774 29
530 451 3
762 324 10
806 479 4
487 684 27
91 100 29
182 21 28
119 843 26
118 600 3
166 437 14
803 69 23
68 281 1
906 634 9
732 359 14
593 184 2
49 636 27
343 215 11
628 427 2
152 246 18
771 472 20
856 920 11
744 464 10
646 741 28
871 597 26
584 810 4
193 455 8
247 889 20
454 756 11
59 887 12
635 138 11
244 23 18
663 204 2
691 28 9
497 570 15
577 907 10
308 710 16
537 735 25
539 500 4
459 132 1
642 743 14
632 107 6
428 368 9
583 180 5
599 819 9
526 215 17
307 581 7
351 559 28
190 401 8
380 381 29
568 455 28
19 161 23
471 439 5
626 118 12
498 498 10
386 704 12
185 322 5
281 785 12
115 889 5
535 752 26
378 884 6
390 633 25
336 296 16
296 819 21
521 447 21
634 589 5
93 340 20
756 637 16
129 66 19
758 627 20
672 690 23
565 830 9
60 907 16
118 68 22
552 531 1
506 824 11
908 347 8
840 534 1
829 63 22
865 350 27
604 454 24
510 88 6
438 911 13
162 223 14
305 556 27
135 251 7
514 599 23
122 67 6
740 441 11
668 931 7
753 167 17
222 244 14
776 63 16
318 834 3
537 386 24
356 804 19
391 70 12
526 581 17
456 20 23
604 631 19
427 598 14
787 460 1
163 141 21
667 648 22
405 397 8
18 609 25
587 382 12
777 905 3
931 743 22
893 812 13
917 162 25
620 407 15
305 431 4
674 425 7
881 645 5
554 712 2
646 12 10
268 627 8
682 473 22
538 671 22
219 770 26
552 924 27
753 566 4
466 77 19
131 81 14
282 933 29
555 527 20
793 910 1
143 105 22
124 723 1
161 532 17
506 183 7
598 575 4
241 821 6
196 579 26
509 236 11
722 856 23
855 98 16
447 106 19
8 634 18
76 508 19
404 223 1
160 17 15
746 599 11
365 755 11
831 640 17
202 764 28
862 574 5
454 123 18
390 67 16
381 151 26
80 344 17
322 340 1
838 570 12
361 469 21
497 539 6
400 573 9
673 511 16
795 201 4
368 667 1
401 101 26
370 533 29
221 397 2
455 736 8
732 506 23
151 726 4
890 845 24
227 397 9
398 187 11
564 595 12
654 241 12
841 799 9
42 786 7
673 906 4
231 719 23
468 366 14
268 364 20
565 303 11
545 629 3
487 394 20
137 880 28
837 780 3
925 236 15
803 118 14
145 823 8
814 835 2
833 128 13
96 204 27
502 134 24
898 207 29
264 545 19
125 252 2
594 600 12
44 164 6
261 337 26
747 693 26
185 154 27
685 228 14
486 359 14
430 809 18
719 396 13
271 472 8
630 420 18
60 260 25
787 249 24
745 52 14
457 492 7
500 248 5
933 531 25
257 620 19
781 563 27
581 518 23
43 227 29
256 213 13
358 596 21
12 902 21
179 516 24
109 155 22
772 905 22
821 828 3
147 750 16
546 54 9
138 365 16
584 875 23
694 251 15
61 482 10
132 801 29
915 476 7
341 84 6
386 585 12
237 538 21
810 793 10
257 100 21
474 557 16
860 436 25
701 198 23
389 384 12
676 912 2
704 847 17
885 389 1
118 403 26
89 350 21
186 445 11
474 153 29
203 531 28
746 754 12
862 751 3
844 358 18
609 300 29
669 595 27
486 24 19
571 934 2
335 756 22
115 83 21
685 276 22
182 235 10
656 110 11
646 259 10
738 688 27
573 123 16
266 402 4
388 579 11
99 323 11
836 123 11
755 153 5
786 724 6
385 598 2
373 307 14
104 469 19
677 28 8
367 462 21
567 30 3
733 114 21
30 341 5
12 111 9
20 151 10
117 662 19
784 127 18
448 117 11
745 230 15
359 533 29
716 674 19
331 64 23
495 23 3
201 831 21
592 661 16
336 915 28
289 478 24
45 576 17
816 464 3
213 463 16
728 768 27
200 27 5
494 502 6
256 405 29
157 530 5
718 114 15
389 401 5
520 802 9
444 862 28
78 643 29
60 382 20
689 391 23
111 48 7
870 528 8
916 896 2
491 557 7
756 186 17
195 891 26
642 166 19
104 364 11
328 203 17
241 232 12
717 516 16
278 631 4
335 302 4
773 635 7
123 808 15
877 141 29
385 119 18
313 521 18
553 173 14
145 808 24
32 207 20
14 211 15
398 289 28
461 570 16
461 649 5
176 175 16
327 640 4
916 86 27
105 355 29
242 795 22
164 755 9
919 546 23
231 466 7
208 263 2
750 632 9
502 455 18
869 295 13
64 466 23
334 361 21
83 184 26
233 613 20
297 75 22
106 172 4
106 645 20
314 199 12
274 801 27
45 61 16
431 206 4
813 335 25
210 97 27
889 175 25
388 380 25
153 680 22
493 239 22
377 20 25
186 270 10
635 530 5
78 439 12
443 110 12
24 811 23
541 281 2
757 677 22
700 291 16
743 451 15
159 501 17
237 581 2
348 251 12
856 210 8
252 272 25
115 662 13
428 383 2
111 326 15
101 263 20
923 414 15
767 899 16
758 759 7
858 22 24
679 775 28
16 921 18
75 151 3
527 77 7
549 901 7
125 467 17
444 712 11
533 424 14
460 86 13
97 587 18
51 930 3
213 557 28
783 400 5
383 375 29
582 253 2
114 885 11
244 198 3
429 464 17
135 381 16
590 496 7
621 477 6
541 446 17
723 603 6
294 147 10
334 248 15
247 609 16
677 178 17
851 422 22
764 610 21
859 504 13
564 826 29
841 615 3
467 27 4
170 139 9
171 754 1
8 430 1
39 833 15
229 896 13
72 224 27
680 594 24
651 88 27
428 473 15
487 706 8
529 927 15
743 40 2
770 401 18
565 683 1
258 850 15
362 752 21
789 647 15
721 551 7
661 813 11
586 542 9
850 424 11
367 176 3
421 861 2
402 4 23
639 165 12
151 683 7
642 809 24
324 607 21
126 736 4
892 639 14
903 883 9
506 588 2
342 622 23
316 302 13
795 632 3
3 174 1
860 224 15
790 537 25
246 820 23
265 295 5
188 520 25
778 505 1
92 553 19
360 879 17
337 502 13
810 442 7
41 289 15
555 699 1
823 304 26
446 603 6
161 737 1
262 113 6
771 168 19
863 660 1
178 405 3
784 153 22
555 919 26
35 34 2
743 277 12
911 152 10
168 155 20
709 86 22
871 332 7
28 822 26
351 66 19
665 582 28
747 285 4
394 517 1
728 418 9
627 220 26
175 820 1
632 477 21
801 61 7
783 230 23
339 112 22
158 220 21
403 575 12
747 48 28
611 425 11
368 723 11
293 455 11
329 647 5
63 769 2
511 318 22
412 532 6
146 507 25
375 198 3
639 360 3
377 919 13
405 376 2
706 927 26
318 472 7
864 904 12
81 199 1
808 919 26
248 853 9
428 578 23
508 550 9
19 477 17
560 654 22
664 208 4
30 587 19
288 738 16
388 219 4
866 764 5
418 797 29
82 251 18
158 754 7
814 256 26
6 260 15
918 609 25
487 103 28
458 12 25
363 236 3
881 451 15
396 725 1
635 126 23
773 860 7
279 240 14
547 200 21
756 79 24
138 928 8
507 11 20
259 660 22
320 38 25
46 799 11
664 135 25
273 260 10
150 607 9
35 579 26
739 98 28
578 222 19
406 590 13
475 239 15
812 386 10
116 68 22
79 560 26
719 525 15
84 34 15
749 553 17
78 513 7
771 637 18
318 492 25
528 184 3
528 532 14
880 894 11
552 372 27
882 685 26
517 192 5
785 615 5
801 420 2
804 475 12
394 767 10
120 196 15
359 613 16
362 809 19
90 626 25
542 140 7
866 349 22
590 88 3
684 687 16
81 710 12
260 814 25
824 157 21
804 239 7
443 332 14
421 767 26
823 12 20
567 394 3
97 366 14
424 532 13
377 594 23
37 739 24
238 1 16
129 720 16
61 873 16
834 730 14
565 469 7
795 763 26
470 336 26
690 451 3
805 310 28
231 930 4
767 276 10
733 519 18
591 769 3
665 799 8
141 271 9
916 396 14
207 523 12
441 720 27
311 88 20
164 304 8
825 723 24
267 104 27
752 929 5
446 506 20
316 534 15
301 353 9
518 359 28
287 372 23
731 821 27
667 775 14
604 130 19
583 594 10
841 238 11
753 584 4
634 105 6
733 501 1
156 305 24
635 440 17
473 434 26
675 223 1
229 287 18
162 682 3
889 763 18
149 607 18
578 556 21
384 629 19
380 827 13
650 766 10
726 456 27
413 451 18
816 554 11
232 237 13
517 420 15
322 40 7
351 749 7
227 899 28
610 883 19
76 768 15
785 646 4
604 495 7
316 625 17
105 872 4
222 351 29
17 767 28
834 841 3
709 847 4
566 649 22
57 38 26
328 599 21
351 588 19
916 741 7
910 732 22
538 98 20
586 516 21
833 692 15
480 394 9
166 325 3
396 838 24
468 556 7
144 610 28
832 829 20
417 474 24
217 679 12
145 284 21
367 143 16
928 724 21
791 607 8
305 738 28
245 893 7
264 925 7
294 280 18
375 197 20
690 123 4
499 64 8
617 390 17
208 436 8
233 671 16
901 610 29
100 885 13
427 570 26
898 137 13
506 310 22
498 104 20
357 754 24
670 420 21
82 781 27
245 656 5
890 886 9
263 455 28
313 926 7
330 51 21
647 79 12
909 613 28
207 747 29
687 471 5
483 71 3
386 98 26
656 152 17
155 15 13
931 744 4
291 488 15
622 523 3
47 893 15
228 66 29
780 433 16
388 379 14
538 657 24
373 532 20
134 869 25
887 245 18
731 882 5
501 773 11
611 651 3
640 600 15
367 385 10
418 814 13
534 818 7
366 856 22
474 248 21
766 439 1
853 197 6
720 109 14
414 820 17
736 816 7
193 529 18
833 661 2
20 235 1
162 543 2
774 252 12
651 257 29
736 414 4
596 467 26
237 581 13
786 639 17
678 21 26
294 196 2
47 153 21
422 69 19
350 637 1
146 313 3
378 87 13
245 658 29
932 15 18
554 806 17
194 54 6
568 639 23
126 725 22
519 831 21
17 428 13
493 299 20
676 482 17
35 671 16
460 800 25
37 364 25
317 268 25
658 732 20
374 835 6
52 203 14
308 823 21
70 583 18
470 851 3
623 118 11
349 862 12
871 898 13
762 432 15
931 657 4
505 45 14
720 45 17
837 726 15
11 148 16
685 580 4
366 889 10
337 775 22
328 760 29
711 558 20
575 165 22
397 83 23
48 521 22
304 749 13
834 305 27
706 48 20
359 292 11
279 382 15
504 133 3
338 460 11
613 789 20
239 505 19
419 214 20
873 467 1
483 657 25
471 263 15
302 90 8
166 151 19
880 357 24
250 522 29
846 116 27
412 879 2
771 733 26
420 76 25
203 2 7
725 767 22
688 353 4
248 239 4
718 104 17
839 616 5
912 570 27
362 847 13
144 448 1
693 88 18
896 131 27
20 135 21
542 212 5
479 284 19
298 52 13
673 776 23
725 746 3
83 914 25
336 844 12
827 620 24
359 186 14
388 56 19
550 839 23
716 885 28
840 581 8
236 257 22
659 673 25
620 238 14
482 891 29
342 884 11
302 894 15
821 100 3
609 878 11
177 454 26
847 484 27
464 704 12
235 119 28
385 405 5
343 871 2
617 148 22
707 232 25
924 9 29
234 757 17
668 840 24
153 646 1
306 83 6
744 600 28
738 610 9
129 359 7
199 590 4
197 829 25
499 111 21
433 640 21
526 391 24
148 261 4
381 433 17
480 668 14
348 185 2
615 161 9
445 934 17
246 206 15
683 263 27
749 599 21
707 187 9
760 510 4
538 33 23
600 267 13
496 256 9
715 75 28
360 558 10
60 792 3
861 237 2
359 583 20
513 393 1
855 779 24
910 211 4
366 679 12
299 360 27
846 408 25
701 38 29
343 70 24
881 855 18
44 908 21
130 16 11
203 220 12
905 466 27
149 652 1
576 877 29
362 205 5
788 843 11
444 262 26
253 887 11
383 45 27
308 742 5
68 669 21
860 66 21
564 91 21
648 663 7
716 136 22
578 13 26
340 534 16
394 303 4
279 219 15
545 425 9
743 707 2
592 766 25
932 414 20
825 329 5
211 705 19
724 105 29
274 516 15
60 230 17
151 791 14
35 198 25
386 641 26
874 707 21
842 409 7
699 905 23
605 529 13
291 479 25
377 308 9
21 738 16
4 180 21
803 107 1
851 575 6
14 642 19
260 185 6
469 785 14
362 717 28
373 488 25
364 609 25
441 172 28
850 325 27
650 767 6
816 434 4
519 210 16
299 848 14
359 583 24
818 610 1
370 192 7
201 297 10
153 446 23
299 247 8
562 59 9
721 803 6
633 503 3
263 782 17
801 707 21
762 771 28
118 28 25
15 569 22
151 515 4
329 706 4
665 254 25
366 338 26
809 780 28
659 722 13
479 786 23
129 510 20
14 550 26
629 704 14
150 889 21
305 107 7
86 719 2
357 585 5
442 469 9
288 867 1
519 589 27
84 883 2
593 430 1
559 470 6
355 202 7
897 327 22
48 14 22
529 331 11
918 1 6
473 353 29
720 461 7
471 117 7
590 261 4
433 60 23
333 826 8
704 412 23
133 553 15
885 213 25
327 807 11
42 769 8
145 431 10
539 629 2
107 531 3
784 370 16
879 772 21
797 912 27
175 289 14
1 590 14
488 155 26
499 737 11
721 395 16
733 542 25
587 811 14
92 681 9
835 708 26
221 24 28
504 625 11
691 181 15
832 754 17
367 418 8
234 810 11
347 95 25
141 852 24
441 180 21
327 22 23
743 823 9
781 294 5
480 655 18
536 897 9
761 272 7
784 50 23
505 921 19
624 294 4
142 171 25
913 16 20
180 823 28
902 853 14
55 895 27
780 394 13
417 885 13
454 198 21
373 344 8
662 390 20
189 549 24
145 691 10
455 299 9
795 266 21
823 483 17
899 568 16
193 179 14
367 573 2
78 115 14
748 373 8
878 877 4
929 395 17
102 216 4
651 634 3
130 313 2
709 381 24
7 760 4
607 746 19
684 224 25
821 646 19
528 440 13
26 693 15
823 650 18
647 405 26
7 753 16
267 701 27
43 381 4
385 900 25
634 693 11
332 721 18
253 293 14
580 257 6
510 96 4
568 137 18
466 96 20
734 240 14
530 740 25
305 41 6
844 345 29
10 193 28
410 766 24
700 115 25
810 725 20
467 597 2
468 431 28
607 701 21
137 759 14
682 897 11
198 184 8
486 82 14
433 726 18
303 509 9
156 842 6
8 892 28
368 916 8
186 546 5
8 428 17
438 272 3
462 423 12
801 247 28
854 842 7
689 575 2
219 196 29
56 529 18
400 793 2
727 832 23
828 156 12
20 136 1
145 706 23
701 45 28
104 623 11
455 404 23
834 559 1
850 175 7
466 573 11
210 125 10
848 316 29
290 852 4
206 713 10
9 866 19
894 428 23
786 677 1
886 74 11
189 551 27
260 113 20
847 125 12
564 724 6
917 98 12
771 340 28
120 118 23
253 8 29
678 195 5
221 56 18
409 219 28
382 814 3
490 620 11
655 478 8
448 373 27
99 106 20
299 79 23
528 448 26
688 830 29
282 249 6
485 627 3
706 111 1
322 728 22
25 493 27
785 219 6
61 114 19
693 91 2
472 85 15
146 675 7
591 223 5
639 448 19
684 578 22
787 574 26
63 483 2
617 104 15
679 316 28
332 302 7
173 711 20
207 311 7
886 311 23
228 836 5
885 407 2
134 572 5
905 877 29
156 183 1
336 587 6
100 476 21
441 464 6
480 54 20
489 287 3
572 69 27
749 837 28
435 240 20
124 203 16
712 667 28
711 146 17
731 347 29
585 169 10
719 11 8
499 69 11
106 170 25
854 184 7
273 469 19
378 796 10
858 668 7
15 560 2
663 609 4
427 325 9
864 658 21
29 94 17
267 100 15
710 71 22
493 283 20
819 786 21
772 4 22
884 56 25
355 439 21
138 777 28
360 242 27
129 535 3
107 269 3
70 902 5
459 55 15
533 717 17
747 163 18
757 593 4
516 1 15
105 794 27
914 258 19
135 587 19
189 919 6
588 262 4
733 758 2
898 57 24
15 630 19
217 378 3
725 737 3
465 456 6
625 720 6
733 38 26
827 535 29
557 406 1
784 285 6
493 814 26
848 442 23
632 358 3
543 772 14
872 868 9
737 277 28
549 330 29
699 755 27
773 641 6
879 318 24
25 675 6
249 204 10
557 808 24
877 19 22
25 605 27
734 64 21
731 836 16
58 68 23
745 104 22
366 370 6
367 4 5
764 293 17
305 853 11
633 624 6
172 671 24
458 211 4
365 806 26
598 271 9
785 51 6
315 646 12
864 768 11
164 300 25
893 365 23
792 302 16
444 275 7
735 317 6
633 466 8
48 5 25
593 486 10
473 229 5
210 837 15
627 58 11
513 915 4
483 822 29
762 51 27
820 359 12
277 534 29
509 360 10
623 709 21
264 915 6
596 452 17
733 341 28
304 76 6
390 75 20
498 816 12
610 243 17
804 520 10
280 925 10
606 301 29
747 280 3
123 760 17
519 637 29
441 696 23
430 898 26
309 310 28
192 637 26
492 200 17
675 539 11
454 445 23
491 84 10
889 558 28
539 705 23
540 619 1
427 401 17
13 870 12
756 391 6
167 367 28
697 805 6
831 612 15
897 126 13
629 243 21
902 375 24
499 99 1
407 367 21
89 545 27
812 839 4
182 73 23
817 570 24
9 640 14
391 129 26
270 626 11
107 175 16
508 426 17
924 413 6
863 556 21
784 746 12
847 712 29
455 518 4
437 810 4
676 17 7
48 250 11
351 858 9
680 602 9
120 322 6
557 511 21
435 378 8
532 906 20
236 519 1
543 399 9
436 618 12
194 153 1
172 671 11
615 237 22
80 798 29
464 578 14
129 924 2
731 805 6
916 108 6
95 918 16
45 658 6
786 204 17
330 33 15
795 641 5
476 629 3
443 532 10
590 546 13
219 667 10
78 693 21
736 368 11
787 336 22
808 635 5
104 163 24
843 747 22
454 776 15
727 339 5
224 732 28
721 834 25
233 500 4
85 61 11
782 695 26
699 246 29
709 743 5
757 90 9
72 889 26
472 933 11
287 529 29
37 783 9
344 395 26
860 902 18
528 356 16
572 256 21
551 825 10
639 198 18
760 27 13
837 253 25
204 88 3
383 897 9
275 658 20
343 688 24
861 44 8
69 444 27
216 737 13
641 787 13
265 243 26
625 627 22
588 616 8
435 392 26
211 771 4
898 145 6
302 192 9
344 63 28
194 271 9
568 6 13
723 261 20
358 357 18
331 4 19
386 576 1
498 434 22
785 727 15
567 550 1
634 912 3
691 764 10
127 807 21
117 479 17
699 161 21
398 578 10
509 931 29
173 271 17
244 430 10
96 6 6
656 201 9
553 178 10
707 579 20
400 880 22
80 34 9
174 485 10
458 922 1
630 923 8
560 241 4
257 195 27
266 596 4
647 271 13
202 400 18
722 677 6
47 616 15
259 160 23
613 609 6
648 878 1
249 858 19
72 17 14
680 569 21
547 687 7
837 485 25
600 494 8
419 215 5
803 78 21
155 120 20
754 24 22
324 2 19
500 421 13
481 402 20
368 727 25
796 659 24
485 588 8
698 392 4
509 221 12
495 911 20
598 83 21
459 216 8
643 762 28
80 71 20
807 448 28
31 385 6
804 155 3
247 800 24
567 514 1
44 645 2
487 825 2
379 736 8
921 553 22
931 140 15
865 655 14
535 705 26
885 762 27
800 891 14
406 848 7
517 114 16
892 358 4
331 752 23
350 278 18
541 39 8
447 934 26
383 872 3
925 691 26
204 55 24
104 71 19
395 894 27
833 698 2
458 534 13
581 181 8
351 50 3
205 621 26
779 98 6
669 923 8
508 829 28
183 257 8
335 639 7
809 384 23
532 163 13
617 144 17
55 276 26
602 376 16
47 409 23
470 343 8
631 117 4
399 326 6
213 219 19
9 794 19
627 206 13
288 527 13
543 863 11
456 238 18
344 805 5
905 809 8
642 205 10
61 352 7
61 768 1
888 814 5
216 230 28
330 693 14
561 880 27
382 594 17
578 52 11
258 737 9
188 202 6
746 685 9
295 409 19
600 910 3
67 247 9
537 481 9
663 423 7
465 20 28
133 873 3
786 929 17
783 861 4
874 362 2
868 443 21
680 510 29
900 433 10
656 271 13
221 799 28
363 689 7
687 146 24
626 70 19
383 292 22
803 916 18
475 343 4
325 910 20
568 155 22
511 903 16
252 166 18
223 429 8
9 3 18
390 226 2
519 464 20
152 475 27
549 375 28
698 176 17
95 868 28
157 418 17
49 539 27
541 801 20
601 219 2
764 417 6
218 613 21
545 446 25
171 341 25
852 873 1
683 410 27
553 728 19
139 889 17
702 580 25
573 675 18
342 784 9
482 257 25
855 448 6
541 327 2
388 44 24
873 461 20
876 705 25
361 235 17
763 716 22
272 275 6
627 427 19
861 232 1
876 642 12
543 371 1
168 738 13
652 195 24
571 778 16
789 528 8
933 281 25
796 337 15
360 586 12
133 924 15
534 723 24
290 919 25
619 622 15
853 112 10
905 702 17
875 112 3
430 319 29
792 845 15
555 179 20
805 440 19
305 444 28
27 164 14
488 569 2
791 470 3
53 77 3
388 291 26
476 105 13
451 595 2
670 283 8
115 623 23
5 622 14
86 406 18
85 605 27
717 409 17
441 888 21
773 550 23
423 411 17
204 912 12
643 382 10
782 685 4
146 631 25
219 741 29
393 169 9
784 676 29
795 80 19
377 203 26
515 304 24
393 293 14
434 155 26
136 412 6
592 185 13
342 357 19
301 776 18
168 926 11
420 929 8
787 146 14
846 790 19
187 150 2
513 718 19
441 852 12
849 626 13
120 441 10
355 764 11
683 379 6
739 898 12
58 904 5
884 803 4
53 234 5
536 594 23
35 146 23
906 565 24
127 757 6
390 290 3
134 376 19
45 569 15
159 71 4
318 100 24
605 431 17
605 384 16
323 308 21
615 685 29
443 814 5
110 388 2
46 125 29
380 832 21
380 148 24
915 240 7
583 644 17
278 389 1
876 447 26
826 931 29
437 169 3
924 882 7
509 527 16
690 640 1
626 144 11
830 365 9
716 341 4
492 410 5
56 413 4
354 372 15
593 615 2
533 294 27
839 321 2
279 14 24
25 616 26
556 636 29
585 896 3
472 337 23
876 220 20
173 75 15
792 45 20
114 422 3
58 782 11
731 648 6
205 63 6
430 58 28
764 464 12
271 54 10
164 352 12
329 76 29
668 195 8
375 241 13
860 543 9
316 485 3
354 739 13
144 855 3
866 19 14
444 466 15
107 6 28
547 68 29
281 348 10
277 790 5
810 88 16
257 319 11
832 169 10
171 833 5
773 431 5
753 113 2
258 715 10
24 475 21
371 534 7
606 715 26
129 888 27
507 135 24
255 225 24
885 557 25
62 542 2
692 129 25
807 476 7
871 102 9
692 284 25
289 277 13
771 364 28
8 415 18
549 278 12
32 581 14
721 885 19
920 87 12
887 183 2
578 683 19
46 122 21
715 252 16
210 123 4
34 490 25
144 532 25
516 720 24
771 773 9
455 764 18
291 624 21
822 436 18
446 608 19
473 869 23
25 736 15
336 899 12
429 495 17
868 656 19
61 633 24
234 113 10
275 862 29
760 396 21
104 176 23
877 921 5
755 335 13
656 408 8
222 421 13
161 730 7
386 506 5
148 556 18
7 795 29
619 254 23
108 524 12
934 932 24
259 35 25
117 364 29
711 783 28
55 388 24
92 597 25
470 355 12
109 627 24
585 239 21
164 776 29
280 769 4
780 824 6
204 71 12
382 599 20
189 477 22
277 162 29
890 690 17
930 653 12
17 57 21
644 330 5
690 237 18
417 218 13
639 770 1
425 506 3
132 427 18
216 338 13
266 404 22
890 186 18
135 561 20
69 849 18
789 402 27
250 415 4
355 720 8
889 848 17
820 621 18
797 324 11
638 25 10
419 846 6
236 78 12
916 743 2
372 895 26
564 395 4
579 401 26
429 816 20
856 14 17
305 234 29
471 540 17
617 928 18
343 496 8
437 176 2
87 794 11
871 279 27
451 61 6
38 537 29
62 73 12
203 1 15
764 907 1
922 263 13
416 890 29
183 440 16
818 119 2
724 235 1
357 715 6
289 311 5
716 83 14
156 313 17
584 661 21
877 800 24
503 706 10
469 211 1
173 481 22
296 280 2
384 126 24
144 549 7
857 684 26
595 622 27
888 6 23
926 14 18
637 513 27
9 530 3
191 712 29
450 196 1
760 27 15
176 490 6
647 897 8
872 463 19
637 492 12
552 632 11
498 33 13
17 275 26
183 594 26
326 647 18
132 445 28
715 705 16
103 930 17
281 794 21
499 226 5
475 642 16
812 618 2
819 729 18
861 153 20
63 32 22
211 884 24
786 582 17
454 483 18
930 762 14
370 569 27
159 31 29
840 733 4
529 511 7
636 709 25
11 431 15
62 721 21
575 565 10
913 930 15
227 213 3
132 481 8
904 797 25
803 297 28
359 307 1
320 392 22
857 245 29
880 92 10
602 409 14
285 840 25
920 93 9
489 129 13
893 269 25
597 648 11
817 629 23
135 223 7
331 280 2
556 381 27
131 492 23
400 618 29
814 386 15
260 921 1
151 404 28
759 704 27
497 833 4
855 549 21
578 387 13
103 826 17
453 490 10
396 39 7
590 98 13
579 394 14
488 851 27
646 822 11
180 690 2
821 157 17
15 933 10
22 779 26
376 369 25
352 613 22
605 283 2
307 41 16
571 493 22
364 126 13
756 932 26
907 338 5
921 480 22
757 742 18
919 530 29
731 686 26
536 800 9
366 707 12
911 377 16
117 838 7
445 224 4
321 245 5
689 810 24
244 896 17
689 185 21
210 10 1
178 183 22
799 553 8
688 260 29
651 701 21
934 760 16
710 748 7
779 792 11
789 726 21
134 245 12
227 52 6
456 777 5
234 265 19
813 853 2
199 48 20
910 741 7
637 16 22
517 790 1
167 845 25
95 236 4
777 518 12
447 868 16
605 126 10
679 736 17
29 337 23
494 281 28
222 262 12
127 103 15
759 122 8
228 541 6
68 258 19
179 883 10
318 489 8
455 291 4
858 655 14
528 425 10
764 129 27
632 392 15
727 508 25
358 371 11
417 581 15
25 404 8
189 26 23
434 209 22
274 93 6
232 165 29
806 907 16
375 895 15
570 78 13
695 156 9
502 257 19
659 873 7
619 630 7
902 679 22
677 457 21
329 885 11
637 481 22
48 15 21
778 409 13
595 80 5
9 281 18
573 476 3
754 203 10
909 197 17
493 557 24
400 352 18
819 406 15
254 363 11
244 364 16
814 277 9
878 137 24
537 289 15
206 927 5
798 557 28
783 398 20
143 819 23
11 811 21
664 140 25
14 716 5
901 837 2
351 156 9
394 243 29
679 659 2
403 341 15
684 393 15
188 442 5
909 494 13
58 304 4
7 586 23
876 356 13
796 74 16
46 758 9
638 181 29
95 810 6
900 555 23
40 288 7
40 515 17
752 108 24
12 49 26
559 927 20
708 325 24
238 488 13
344 33 29
923 367 29
242 451 22
729 807 15
446 603 15
413 246 6
464 311 9
931 159 24
611 568 7
701 441 4
231 616 5
900 222 25
740 720 23
95 333 6
679 89 27
131 757 23
184 802 28
392 32 1
86 8 26
838 278 16
231 83 22
331 161 11
554 861 26
115 879 14
827 800 3
553 656 3
652 563 29
706 570 12
420 745 28
346 254 2
423 517 14
499 471 7
445 654 23
766 219 13
326 317 27
27 68 6
339 530 20
369 845 11
278 366 17
731 455 26
580 745 12
661 901 25
124 500 26
147 359 13
182 934 15
621 251 23
731 88 2
319 844 20
839 859 27
877 844 12
173 110 29
173 707 21
571 706 4
268 856 28
834 337 19
784 113 2
264 504 27
800 473 9
595 133 7
240 588 16
441 888 21
834 28 2
260 853 12
222 158 23
851 235 14
661 917 18
370 81 17
492 423 23
89 423 26
437 738 29
348 250 10
230 174 10
280 237 3
174 586 20
618 97 13
345 578 12
32 732 6
183 393 15
451 400 25
725 723 10
381 15 15
725 751 25
265 861 7
197 312 1
921 430 24
172 275 10
586 288 22
609 309 22
641 284 3
895 501 16
438 781 18
624 21 21
597 154 26
531 700 4
391 588 7
172 435 29
175 436 14
268 237 17
636 352 8
202 392 13
243 389 14
360 115 21
868 593 28
126 465 20
59 267 13
96 44 2
916 91 13
274 144 25
584 69 2
465 210 1
728 487 15
287 43 14
609 900 21
853 382 13
860 300 12
809 373 27
892 496 24
261 311 20
49 154 5
652 321 20
226 649 22
587 785 18
500 517 1
925 626 7
135 618 27
116 217 1
780 329 29
799 732 22
841 883 9
330 623 5
36 646 2
544 853 2
134 614 19
729 42 28
435 291 26
232 796 8
444 366 2
28 4 14
268 575 2
694 318 9
584 257 25
447 543 16
156 609 5
465 860 20
243 53 1
618 76 14
677 271 24
659 8 27
669 283 3
594 713 21
263 228 2
287 530 22
89 696 26
594 609 8
394 824 29
147 275 13
825 465 7
197 664 19
577 915 26
379 107 27
897 117 5
201 400 22
697 366 18
578 653 27
161 532 27
820 24 6
742 373 13
487 157 19
78 81 8
756 12 20
183 636 9
586 84 24
337 118 20
387 387 20
710 124 21
13 382 14
785 398 1
137 543 7
357 371 8
220 264 18
620 205 12
4 901 12
230 239 6
759 530 17
493 266 20
787 599 27
284 831 17
824 185 13
120 221 14
424 40 16
121 154 16
328 69 5
388 753 4
625 258 16
532 695 28
298 300 17
75 745 22
785 687 4
269 457 7
914 758 7
524 388 27
233 57 21
89 30 1
774 195 28
489 493 25
683 328 11
156 414 12
209 208 15
695 144 2
527 77 15
365 733 2
347 530 21
263 882 12
693 402 6
390 277 6
182 270 13
526 917 21
742 238 16
832 656 16
21 222 19
192 784 16
125 714 16
177 493 6
858 756 6
774 411 12
323 406 7
172 11 17
283 870 21
123 890 11
193 337 1
772 925 21
508 325 25
209 516 28
513 65 21
341 282 10
445 115 27
348 547 15
922 204 11
265 748 13
184 746 10
773 374 10
617 537 6
81 342 15
132 650 26
593 97 19
521 375 17
382 302 10
867 658 22
513 731 22
297 775 4
876 151 28
478 363 8
624 460 14
271 587 27
280 687 15
913 188 7
469 669 23
560 773 13
393 53 14
779 914 12
124 328 25
8 452 20
331 848 2
144 497 12
477 303 5
221 113 28
913 667 24
86 794 28
819 295 13
711 287 13
915 835 4
840 488 14
718 293 18
762 481 23
276 917 19
26 56 28
293 517 16
158 558 21
189 683 22
645 847 29
264 615 13
219 650 14
207 472 12
753 507 10
209 20 8
118 643 20
301 891 7
486 351 7
911 852 9
396 438 8
215 431 3
133 412 16
133 744 1
553 264 10
802 910 17
464 394 12
308 392 25
224 220 16
342 257 7
33 753 13
420 168 10
924 73 3
170 542 11
234 110 13
912 815 8
334 864 29
313 486 21
249 556 3
858 338 20
926 262 4
798 738 29
43 393 5
313 145 19
11 693 24
921 797 20
55 480 19
78 372 3
934 576 21
432 715 1
78 365 15
550 521 5
