1000 10000 507 462
880345909 823504141 641086986 92908621 329532691 257567494 276715059 840301051 297826031 933409816 979507609 519470923 378815836 452220241 857303642 290750003 561069183 792566095 233232483 399575303 175588254 958122862 515203028 144121047 957524324 841854199 548851897 883269158 241880758 912317237 730304265 668553178 493828832 253950720 881116865 60316144 416695512 466751116 848080192 985094997 115547745 917840408 786276641 73969412 438146832 621795036 869039708 305158357 815171257 942320128 560460287 47237272 343031790 291330059 190371641 366773852 939057163 472173873 554127918 941481587 242807365 2478678 499840594 712601293 917984618 62779145 456774802 41706314 948740908 858290146 914167058 347133678 46200991 127404500 393409761 183015346 518410964 381221727 287830285 765829176 920264766 117702888 647934901 525662531 264814573 935750841 860651071 788314955 252240777 957058497 335448266 117931836 7114778 227601458 225197233 195929552 49577675 197319538 66441260 950261544 671260235 490397556 20626302 276038764 322318919 945145259 391361471 174243966 147804185 841483768 245058944 58547849 722689695 906950403 103146471 948038735 498865685 132968935 964230517 672577962 942419489 637790792 19884804 327077111 514047840 586007896 899335239 328515581 225257960 381832896 400032764 152929632 641581113 898393824 843459812 922040571 789719354 644441425 42371616 774785830 429585749 130340226 399326067 682800733 348309694 751905950 796940981 371055053 787054798 346789944 247470922 931422432 337753091 436172038 543739092 629851102 359944104 667142642 94715439 972321234 304597981 649694102 419604246 537076971 653566961 248738953 158601505 140101029 707713567 45675947 575429010 613933061 305414409 250352792 864151228 878463626 232441018 662119547 301463888 967321990 853713400 799171360 770212611 213653133 823841761 601197767 83910809 213436222 942099802 491776782 270610890 48080022 331871560 319241526 910878099 75635477 750928512 322676595 224668746 879709632 290939007 888112197 407415998 189595507 235873958 127496368 536761149 846373068 155747161 713865758 202802062 712857547 493122653 931901068 750434344 471448980 841539729 546242426 588003317 45232778 669242720 87157385 955294688 103165835 437819502 545951870 491605729 527850119 544243435 792636214 287853392 385413329 265603520 866118501 382494173 983204554 570753244 958448950 132030112 94629471 3127002 345793730 329515128 56287803 717957467 991258552 592710512 513002976 934538599 249674969 202061072 451174729 265982378 27314822 574670817 584750543 753754582 479765432 271955798 388837273 650199590 678833656 824026702 803638455 922762043 838774543 497581096 840831225 364979280 767125410 679193572 872724054 443328871 314193138 724397549 968759083 18817562 483432863 890252808 247624463 903838638 396011433 909706628 380281309 882943454 980076259 652260742 542090759 137667849 29886799 446398116 623326071 328738917 796983850 85811469 75764605 320803870 56815293 155887126 414019943 42313564 188874092 439874719 691269569 285460898 88738628 717962402 662469526 636463931 340765 884263453 115483425 508829116 292011357 418020738 92092981 978837244 826140244 861806444 364583108 11778583 971155810 624926776 980553491 897880556 422432085 388078876 548168864 120463085 508840565 892296648 717392876 368039514 606280231 7244756 385668698 926713958 281356264 770134452 498873487 710377892 237631182 907740816 769208929 799307574 731790522 101175069 359924346 558364615 729484871 935414084 522338912 450722739 649943647 975769697 997770632 914184839 240666577 471003847 155907971 195334482 421399296 362471220 499664907 621775422 716788955 514689860 431247710 690426825 619652202 357325875 947215958 950578450 205027458 744758646 642801124 942181728 132973334 187479468 703397118 394091252 355149166 66415168 524063380 656104427 28895670 158611165 211140026 109285169 386727797 811712005 160022069 293298110 339370459 301917597 822909574 317605127 448522939 849055442 420377783 873152776 965647303 92875526 719674331 765840049 825609790 157823935 50661593 143577418 426896163 405013474 124570910 545244608 521636289 95341035 32033689 872888415 317646465 477313064 116396150 696677395 458618883 984575707 205916167 743150565 531860046 117917611 689419853 189880094 434895639 781398862 57169299 334085567 245383621 261740450 536841975 73909562 197308592 404448194 909293967 145202139 540053959 193287655 846816365 162889380 569940968 40124109 772717291 133100393 135903757 418377397 110370534 769930027 995193338 41634233 650449741 836423789 671035808 610099401 357444470 349180110 776601742 471847137 20459975 898257705 330122632 503215212 492403952 141252828 21347350 871261901 694148371 584329868 725466745 571605121 816237410 15203670 159970005 185348180 142162052 373049058 463066172 68320571 350073168 131532641 803061182 451831680 158400662 570133565 808131052 571731652 282270778 311169113 971736552 285442147 752700180 802002104 174718331 287034898 927912430 120999259 484735821 430402295 326769398 294908752 627784706 798149665 373885532 624716197 258625792 531141321 324115961 975481172 446986474 211735661 298618066 387799699 71135810 256612040 316603667 223540804 99302071 754645763 984922428 334074682 84367874 880770301 818026033 446535632 332850357 492509092 323492955 240373525 920736632 63401642 884329186 448097228 381113260 200235120 596941843 563076543 741537419 698625350 899979693 19930260 595914625 525134605 901445104 357500331 231523641 769065371 566598907 347680523 403021046 248866546 751064927 399871711 943196390 482966662 429451711 55964251 898748448 292037063 986803089 639445318 46453541 307346396 856715708 715922438 615806044 381644246 922284567 982239101 788956683 55856779 208562669 198080823 734881644 998030644 558590856 296193881 38307892 219618039 759255419 203409755 473191064 817929522 290937221 901493739 444226403 474300458 38590689 345492145 498978061 755948262 299376925 646148956 46036244 506640133 841334619 447370591 385385402 29542822 510877957 809067057 438304006 873304117 254465074 713001354 729612461 507648312 350227507 327232657 183250728 824819705 21871093 532453163 100096406 134729144 774952979 605920652 323883075 681574127 214260846 12587720 189497854 216463731 788610424 556520409 133935886 972328000 484472272 912218913 30277394 84039101 870650121 47193716 559538692 660528860 908836555 486253065 176967294 513163752 288431845 971399261 160265535 876050631 735529863 670008286 75905200 218252008 641142224 807845865 331800977 267024659 137189176 754323379 936615224 292263197 847855973 482685067 502577643 745849057 932748773 202426048 572436790 976230309 400569684 769804537 678903010 247006904 936529740 981944646 963000642 322210110 70528790 978850101 446334534 904318935 940391956 929047013 158587997 328568734 489016633 484586795 156179352 790913977 526172967 868635739 409779706 854173356 817757208 501234642 57956747 612269524 154025115 754820897 206507056 733934873 134349852 954113250 463286768 471389019 875198223 158629586 647183531 89392810 876808114 606903149 702997626 561035565 672439171 323283224 646460584 443628057 836838267 391732302 397106575 613991063 908147498 477260191 427434299 952855994 411981460 270718656 453280620 254058208 235917720 108280035 2555251 166003906 472608098 760435057 804785210 708735172 383713732 434372379 857532932 607324052 68687270 249994967 411271165 930276023 951596876 344761908 19665526 328151182 901170552 362734384 125357597 152919004 528255879 829646684 133208113 297091721 444164068 760962000 921464089 248023269 832591657 80544637 147795531 75504389 616388804 79933353 509133300 241610657 889932702 280256542 142595725 310958019 504645474 870771362 880494992 234423225 448965396 292035560 714184241 795665372 497113738 9757993 793179449 467492389 801076850 959127983 762288864 609080121 19230665 959535187 851880722 777504441 833997198 306615921 6982625 897260848 661118939 695982573 253965358 616365786 618264908 588659515 983747529 922937871 155911455 442181694 426907549 295305242 636009803 325698307 877864876 53065757 194534522 365092322 349530074 828768951 592641743 281282180 787453671 345099858 419136744 997505144 327548063 54390335 193320151 175277640 550951145 858117843 981534784 8291236 505239989 22196443 354741504 556550124 799673909 706272784 776693103 467832797 720143630 691295567 469289700 697587028 376678412 164088427 811556709 138863898 509206775 864780827 829602535 453612673 14319174 618978784 18545993 548450824 362626834 827739767 774813690 301792186 911815592 543430993 434668310 886504175 148422826 459033062 996638670 868091764 866710728 569283001 839262552 461241048 690993879 642895347 103540350 780943275 45737227 755965138 504684033 669444661 284194100 77339957 346318273 599496096 117651343 140262842 308536686 405933348 786825292 474721507 239351011 390282800 29436053 516682957 206143676 545861005 40391178 211007220 101024686 324117065 156776960 798680909 516792857 675123401 898349544 621347997 129608176 864338718 220160331 96174162 679968315 189488177 408086554 840268157 554075817 728578269 43161160 871270576 883224005 640694414 231282209 643620214 351728701 12530658 222008588 293186472 205304878 659157660 730573803 648242814 431568654 235239202 279057099 974024590 765079184 547865310 202084026 788999320 958651745 889056304 990423402 322975712 83565770 801287719 295494350 395845734 19205935 853229402 156613793 84017556 477210044 748195246 416309967 666772865 573907859 370730022 502681830 496270944 817693611 891816397 72411432 415978940 80914287 783099953 776147553 30077667 460091343 841683835 257062405 309048365 936727590 781546169 227474233 348512536 146263006 713446906 441681512 396181662 801418232 107689114 399004353 194285447 173068811 56143015 983488684 369972418 652305972 970979446 497252683 48649764 30658544 138393059 381616484 465872589 126800640 966585938 845977217 892418412 900317816 675840619 463201150 910027780 545937475
327 126 99
277 805 72
248 768 44
410 608 71
886 883 96
199 337 35
33 970 65
512 873 14
687 760 77
830 964 56
641 929 78
68 618 71
448 736 63
89 578 60
598 324 26
973 750 63
112 321 12
943 460 7
181 864 48
601 335 50
54 185 52
964 740 67
428 393 12
734 158 26
776 928 84
274 731 84
105 362 53
544 451 1
965 32 68
976 172 86
392 196 34
65 754 46
557 509 75
887 1 27
623 796 29
905 146 101
317 340 32
618 73 15
699 265 93
537 337 57
185 281 22
74 356 42
123 811 66
996 291 77
302 43 9
270 848 23
374 934 34
476 306 77
108 650 61
167 464 2
634 959 40
673 380 87
30 725 44
223 763 4
470 591 90
747 356 55
136 807 53
324 361 15
803 465 99
716 178 68
172 706 56
850 878 24
181 171 15
439 463 87
970 524 99
685 53 29
675 145 74
685 71 71
777 884 29
126 142 86
344 365 14
645 758 69
664 833 84
181 611 54
805 147 79
551 42 56
148 345 15
180 757 43
906 745 69
533 624 39
128 61 80
238 343 90
80 439 17
624 36 2
43 39 80
570 38 81
378 417 49
630 772 20
340 563 17
441 850 12
154 166 78
561 601 78
239 328 73
437 14 24
640 634 26
866 603 10
976 768 36
580 290 46
94 552 70
530 165 15
612 271 83
894 820 75
286 410 100
113 482 12
431 87 38
515 452 13
134 377 51
210 97 68
462 624 92
579 890 83
702 498 72
380 367 5
523 117 22
588 87 69
52 899 101
883 82 21
160 744 4
600 376 55
33 304 96
995 840 27
482 483 74
792 799 67
429 115 39
922 180 46
248 465 26
543 95 66
248 821 28
917 885 20
756 243 38
422 545 90
916 549 78
963 948 10
195 821 43
795 382 16
487 844 52
900 288 100
296 192 56
492 350 92
463 3 71
153 414 32
374 594 67
946 363 100
625 38 53
575 763 15
511 903 75
242 711 39
835 649 11
214 807 48
275 726 23
166 995 56
552 9 47
182 633 80
813 655 74
143 463 88
269 795 6
48 590 57
320 116 92
600 253 44
186 970 12
704 901 62
229 55 70
384 403 12
956 818 69
267 101 27
556 648 77
245 169 90
338 317 50
967 886 41
808 824 77
286 882 2
611 563 69
552 963 67
516 885 26
334 552 39
331 69 30
679 398 1
901 542 33
657 179 17
263 582 51
590 914 89
203 194 14
683 458 7
541 432 45
146 83 53
62 656 20
192 57 16
180 124 97
439 111 33
348 867 101
158 390 74
436 304 69
144 401 21
876 965 76
521 761 40
32 539 52
339 757 10
842 831 38
660 568 81
573 34 50
40 733 101
19 908 19
144 852 48
175 584 85
940 808 58
962 413 25
52 974 47
576 917 13
798 28 97
606 995 88
20 975 85
39 733 19
289 528 86
647 579 59
467 404 77
795 504 29
736 601 48
277 265 68
122 325 37
784 463 54
139 439 23
517 477 33
909 423 63
297 314 18
239 882 23
767 381 4
703 118 92
528 347 45
606 93 93
466 188 97
810 552 38
34 422 44
978 925 16
518 12 36
52 623 96
919 766 8
405 710 39
423 852 30
605 176 11
921 228 17
244 773 95
559 493 101
835 845 56
387 935 79
352 326 83
972 602 47
79 65 31
301 119 34
545 891 24
790 934 15
690 956 52
182 340 3
356 958 41
612 671 51
900 758 76
457 334 38
997 631 62
376 972 4
743 344 67
530 986 16
801 482 73
349 780 90
547 646 35
817 130 74
182 802 69
129 959 72
541 745 42
717 216 5
859 35 10
165 140 85
917 260 10
209 768 54
587 430 35
847 73 50
228 259 100
481 865 36
828 363 66
150 412 77
415 280 56
653 44 97
912 163 85
806 791 32
417 892 40
928 339 79
942 871 93
86 395 10
300 256 83
52 720 38
640 617 34
738 615 81
845 836 15
576 957 49
305 275 81
872 807 49
703 78 30
222 665 5
628 986 83
249 731 79
287 856 96
730 35 54
201 571 34
765 152 72
365 12 91
835 615 74
903 452 35
403 412 53
208 536 60
426 806 41
658 880 67
798 361 91
934 481 64
799 585 25
504 555 9
539 427 75
236 396 20
641 771 52
892 765 53
54 22 31
457 829 12
947 842 6
64 763 10
516 818 73
901 881 5
763 981 89
127 96 29
674 435 88
924 544 35
457 831 101
928 727 24
819 538 14
819 923 66
604 326 6
337 679 91
280 719 26
702 446 2
39 939 92
683 994 49
251 559 49
523 392 9
276 269 71
694 455 40
355 864 50
245 290 58
735 366 5
785 447 14
77 402 31
558 116 88
941 133 22
772 223 9
687 935 98
402 847 24
425 698 6
876 875 75
840 831 69
190 32 19
142 4 67
640 353 13
166 530 21
721 952 25
89 855 92
190 453 10
359 384 91
486 832 39
180 807 28
137 486 56
638 290 68
491 392 12
530 449 19
731 9 75
17 2 21
989 58 18
420 174 55
809 640 6
701 144 31
103 947 100
932 512 30
322 139 11
228 347 91
1000 364 15
367 911 74
793 74 65
126 884 80
422 485 99
922 264 65
30 893 48
22 757 63
310 51 98
615 433 48
646 648 13
850 534 6
419 12 14
299 925 33
234 322 39
844 49 44
547 426 86
238 74 12
613 830 51
253 775 23
776 460 2
193 209 73
847 56 97
608 778 82
418 10 94
82 390 88
671 169 50
725 576 98
910 470 22
687 897 81
496 736 36
485 743 93
223 969 63
473 645 63
328 128 54
972 285 10
201 623 96
589 876 32
8 254 95
606 901 77
43 838 50
462 1 90
993 488 101
619 246 3
171 729 11
365 152 82
833 299 6
571 570 8
110 328 73
842 113 97
859 85 33
781 293 83
992 753 57
994 755 98
331 907 81
322 421 35
556 60 76
129 152 31
712 53 32
702 494 54
925 731 95
661 727 63
244 129 32
859 752 10
483 654 68
686 433 3
587 831 69
4 227 62
696 32 87
315 681 58
22 883 5
81 214 81
228 623 57
369 454 46
710 487 91
958 316 96
803 283 94
726 466 64
450 715 100
853 346 11
897 35 37
303 432 27
288 83 90
26 428 76
890 747 59
857 269 74
90 287 8
294 927 13
245 316 85
96 88 63
771 183 78
518 385 51
272 582 47
377 400 35
620 991 14
640 386 71
196 363 98
576 756 47
565 184 59
813 759 15
665 112 30
159 494 27
136 522 77
97 327 40
395 856 82
182 827 24
289 221 4
133 311 96
257 404 83
482 87 3
218 968 33
749 299 14
783 731 37
210 769 90
153 218 80
105 904 13
505 89 69
451 319 97
409 919 22
551 176 93
684 190 46
951 916 67
75 32 74
290 767 9
523 702 73
440 930 34
418 780 68
481 98 64
636 970 38
95 344 6
750 394 20
596 86 56
318 51 83
127 259 39
672 362 100
37 988 72
150 130 26
954 340 53
396 247 44
605 261 31
729 301 66
577 665 46
951 391 13
383 445 1
839 402 98
276 807 101
889 760 17
133 164 36
31 473 85
774 639 37
414 849 23
608 96 21
498 758 42
662 274 52
191 991 25
974 629 4
769 106 89
27 352 76
718 636 43
545 704 52
164 819 24
379 667 100
872 422 64
153 369 56
833 530 78
380 579 61
773 116 51
318 717 48
384 66 101
570 699 59
754 993 10
385 406 26
233 134 96
571 107 19
181 119 38
120 391 99
350 999 6
661 383 97
47 713 38
700 33 6
173 464 21
479 491 71
770 776 84
435 37 59
207 221 97
847 722 71
914 929 64
990 168 97
695 873 29
915 506 9
474 91 87
969 463 95
830 628 101
852 752 38
427 405 54
57 831 39
82 563 9
514 970 67
853 578 10
59 30 62
901 341 89
602 360 69
451 224 66
911 248 59
5 386 13
140 148 34
564 85 94
293 550 77
629 355 66
935 696 92
840 900 34
601 27 57
427 622 35
604 425 20
375 32 51
843 341 7
755 344 71
302 751 84
771 794 29
626 470 76
818 874 94
758 250 45
203 97 84
562 755 85
648 724 54
751 806 83
862 851 78
251 154 56
450 349 40
878 935 28
667 592 49
355 560 99
301 971 27
225 201 53
810 143 86
811 250 10
328 193 60
135 131 12
828 711 61
751 431 61
112 402 30
88 792 34
297 479 59
698 779 97
384 490 83
863 540 41
256 809 95
40 383 84
751 924 63
582 305 97
72 492 97
753 816 9
413 731 57
586 814 5
400 525 97
317 891 24
504 813 16
164 490 12
10 965 45
464 931 46
632 394 17
367 53 51
178 108 29
839 451 40
911 196 37
587 383 25
137 485 40
493 697 8
917 979 36
997 19 50
9 341 72
268 704 100
302 624 33
950 214 29
612 466 19
663 195 53
489 586 101
851 491 26
409 698 91
948 380 39
670 626 92
485 220 67
682 557 10
980 489 79
664 147 68
698 642 96
124 335 19
925 597 32
255 827 88
429 670 56
652 878 38
98 131 18
454 448 18
100 487 6
130 889 3
60 709 71
152 381 55
135 663 9
182 691 47
643 611 19
209 809 3
13 340 96
737 523 92
407 45 33
616 762 4
607 393 71
555 73 81
864 79 59
578 132 99
240 723 74
481 27 23
790 577 57
789 733 74
942 389 9
905 830 4
308 356 52
445 622 15
949 136 81
235 809 56
980 54 46
121 186 36
638 92 68
308 907 81
572 428 28
686 804 68
91 397 45
730 936 66
557 595 8
405 715 95
145 781 58
181 813 10
448 495 49
376 359 27
85 528 80
717 915 33
803 508 85
836 423 49
313 141 63
437 299 24
458 584 30
7 822 8
156 884 19
14 779 39
850 685 53
258 127 97
110 587 56
71 925 1
264 410 28
732 475 12
506 357 64
257 679 23
950 665 2
796 288 76
573 31 76
232 678 24
454 292 61
223 452 59
666 143 72
767 340 20
96 437 88
356 581 84
443 830 8
384 931 64
151 619 24
933 689 43
154 808 54
377 508 96
363 439 101
189 291 8
638 701 31
261 834 47
309 419 3
333 6 23
171 402 36
472 87 53
733 564 5
752 577 95
976 473 13
184 108 83
161 465 91
602 48 79
852 479 93
697 835 10
236 933 23
283 481 71
722 185 23
271 250 40
789 612 37
318 891 23
722 462 17
286 85 10
487 862 80
798 180 49
734 670 32
329 621 40
319 891 53
394 882 12
80 789 50
495 32 2
858 819 70
933 116 32
25 771 9
824 714 7
760 118 26
160 416 2
942 614 83
194 387 72
400 774 83
55 680 84
638 547 38
185 836 5
689 109 48
989 681 45
273 574 81
704 796 63
76 595 27
842 177 22
668 460 14
45 330 77
808 663 12
424 36 101
301 723 29
908 976 84
427 757 50
172 94 7
532 177 83
103 675 57
794 277 88
902 108 37
85 899 7
693 584 11
500 41 53
570 512 98
485 40 39
607 455 13
699 774 78
889 893 34
316 948 3
247 11 54
904 542 64
531 340 40
517 92 10
422 501 80
93 986 62
784 6 59
488 707 15
690 613 5
567 351 19
368 941 89
603 795 52
291 975 11
957 330 21
497 384 66
312 993 8
367 817 39
859 94 13
945 297 92
168 156 82
884 493 83
15 63 92
764 845 2
253 744 69
343 987 13
878 693 13
443 102 60
797 597 67
30 787 95
799 823 90
104 122 17
283 845 4
942 48 80
498 594 12
251 547 87
311 865 8
173 142 88
953 161 2
743 503 67
855 706 27
795 779 10
343 601 28
856 109 16
478 815 77
529 647 12
406 154 76
759 554 2
344 246 10
460 8 35
978 891 56
534 245 44
662 828 13
989 197 101
67 486 54
950 883 12
769 371 74
914 22 81
239 509 91
792 364 38
948 290 29
325 453 91
150 375 21
213 522 40
592 22 52
40 654 70
854 270 98
48 54 74
285 508 24
876 770 83
922 3 65
988 159 2
850 185 43
756 588 74
320 151 9
435 829 40
624 803 42
235 891 7
399 769 57
688 784 37
535 955 41
771 885 18
216 316 41
207 748 49
467 420 32
114 865 34
21 302 38
867 321 23
725 47 19
354 881 45
829 727 98
139 937 11
434 611 48
862 810 100
253 66 41
780 12 50
673 286 101
325 787 7
617 276 69
622 356 10
424 426 53
551 111 83
690 695 57
889 453 39
880 645 61
460 495 36
774 119 67
656 46 19
603 341 94
802 568 30
504 865 43
813 304 47
405 518 42
396 433 25
591 622 17
82 470 97
478 410 70
84 268 92
594 435 24
839 595 60
182 488 78
858 369 75
41 896 93
780 458 74
164 477 63
91 672 34
201 784 31
489 864 1
887 2 76
994 296 26
94 314 46
421 268 59
502 819 40
350 721 15
318 38 56
100 254 41
744 150 35
925 235 63
874 949 53
803 213 10
154 500 42
932 976 3
895 80 45
692 685 88
595 833 32
832 870 50
970 231 26
960 143 35
764 86 24
311 941 3
962 702 87
553 680 28
769 62 17
312 354 97
686 468 18
600 305 16
393 397 17
560 747 73
773 803 93
211 190 75
554 528 69
660 556 60
279 225 97
448 36 84
92 931 101
946 426 99
823 438 50
283 796 46
464 804 62
748 475 86
982 765 87
976 400 7
740 927 26
638 46 53
654 56 34
69 737 10
279 959 82
532 961 30
212 338 24
588 255 100
935 443 56
267 500 18
381 557 24
319 211 20
501 515 56
649 418 71
581 68 26
411 86 91
266 809 101
541 470 86
573 249 76
901 317 82
116 252 49
55 483 82
740 771 18
386 421 59
853 594 49
704 966 91
87 904 60
938 317 25
603 164 18
891 644 66
861 530 61
454 484 43
448 12 52
648 983 8
752 931 95
241 341 65
731 556 3
996 657 85
743 881 38
524 574 34
651 218 14
924 442 54
369 257 4
844 689 62
602 391 17
583 17 48
12 632 35
389 11 80
326 960 95
198 405 52
742 998 80
392 951 71
239 942 83
770 787 88
63 111 29
640 164 43
9 486 85
669 410 13
825 606 2
638 148 86
589 43 11
964 476 9
669 711 71
91 728 8
324 956 46
797 749 34
183 191 7
873 422 75
300 348 89
466 60 86
496 238 16
867 98 42
864 673 29
641 800 22
531 957 68
770 944 68
900 989 72
752 674 95
377 141 18
981 311 22
582 580 60
744 191 79
366 102 55
40 660 2
342 441 40
34 749 99
253 557 89
479 897 14
773 723 17
373 396 94
725 656 75
179 37 85
153 847 98
326 95 16
265 333 43
598 215 36
915 20 16
637 152 88
598 475 67
973 917 87
532 562 85
670 156 36
862 365 15
107 943 41
303 424 59
748 979 38
954 84 91
17 795 81
998 553 86
218 513 32
665 1000 26
414 706 12
392 322 2
553 92 55
27 557 5
278 372 68
881 419 94
30 916 74
409 877 94
954 486 47
290 733 94
503 700 97
380 759 31
487 473 68
193 929 14
830 635 98
126 647 22
975 605 37
572 707 64
688 209 74
513 663 40
25 31 100
13 985 38
1 409 24
75 601 44
338 728 45
406 497 34
519 300 2
147 479 88
411 977 84
338 875 37
755 457 70
831 980 36
577 198 27
887 911 47
981 731 33
947 727 85
180 650 35
374 497 63
558 693 13
318 421 2
86 616 78
143 82 62
65 681 22
995 685 53
241 866 65
927 893 58
725 534 40
390 587 96
385 332 10
377 722 55
237 949 98
153 783 45
539 225 98
1 891 49
195 252 63
673 431 41
843 340 39
674 38 72
687 747 25
629 905 42
386 597 23
827 643 68
376 674 65
549 679 22
439 278 69
777 886 74
843 740 89
195 836 46
159 140 30
429 196 92
349 333 47
592 55 51
943 866 13
309 805 69
897 753 89
165 359 91
920 950 80
917 762 78
127 607 66
936 67 72
527 627 8
31 84 39
974 368 69
743 417 61
733 511 98
586 631 49
257 157 49
839 531 29
90 234 29
592 872 14
64 901 52
764 103 14
175 450 52
85 797 21
448 299 6
523 12 92
938 904 5
683 444 65
484 691 14
318 611 81
331 338 72
233 86 90
504 450 44
68 60 11
89 696 48
971 853 84
211 879 7
608 566 73
452 185 79
255 209 89
155 989 63
864 517 7
751 803 31
638 493 84
456 242 89
378 957 11
455 649 46
36 396 24
703 458 83
570 753 26
554 64 36
422 108 26
509 799 55
341 299 85
657 848 49
342 861 94
642 898 43
615 738 88
192 254 12
157 475 12
407 50 16
973 864 8
943 274 59
871 753 57
744 886 51
420 315 91
611 839 72
328 468 40
479 392 4
245 55 47
73 228 62
985 978 98
836 71 96
220 197 93
763 408 95
100 694 60
310 57 86
408 755 59
61 848 40
657 55 4
179 976 28
928 107 29
840 274 35
841 752 71
558 183 77
199 224 54
449 355 4
341 478 11
437 712 95
885 914 58
864 835 95
317 516 72
374 26 27
77 295 100
670 561 5
550 822 84
716 704 67
600 488 55
976 592 36
137 230 80
201 561 82
585 321 97
520 474 31
656 956 91
253 577 24
426 542 8
163 549 53
346 917 56
214 598 21
124 367 6
345 982 78
837 364 100
591 890 21
180 394 35
429 37 27
783 448 67
170 333 89
413 809 70
52 401 59
99 898 92
622 295 101
786 634 38
53 513 41
407 673 36
115 402 33
853 208 75
147 805 35
922 863 62
136 882 28
430 701 64
152 64 25
543 734 49
203 242 72
611 782 37
844 333 13
761 825 89
550 116 22
991 23 11
466 380 13
51 803 22
994 300 95
886 664 68
417 352 87
744 981 44
327 717 99
422 335 52
490 34 87
621 280 32
574 813 11
789 18 43
23 940 56
31 438 84
41 258 78
881 625 71
757 125 54
840 227 73
634 927 92
696 403 88
935 707 75
766 727 79
930 996 77
645 620 36
919 232 73
143 513 29
130 214 47
315 947 64
311 139 68
463 690 33
954 113 14
723 133 3
96 666 67
477 820 15
184 489 30
141 554 54
241 260 2
432 184 12
605 624 62
363 593 19
693 172 14
77 556 96
318 416 6
412 475 70
58 965 90
587 340 75
831 151 16
31 44 58
525 730 87
301 249 55
338 367 72
637 494 74
594 970 26
478 906 84
871 184 97
365 844 7
534 939 18
511 843 3
864 199 88
575 492 71
576 148 22
11 794 55
257 580 23
777 114 75
617 324 26
395 466 19
605 921 93
826 124 57
27 270 29
226 373 20
842 446 89
965 231 56
545 970 71
853 410 85
173 167 76
255 601 4
249 514 18
361 220 56
108 122 69
219 541 2
836 772 72
8 104 76
238 349 25
274 627 74
38 631 51
126 218 38
721 174 9
25 329 15
891 382 86
112 303 77
867 869 41
345 280 93
734 482 71
567 546 78
661 950 45
85 425 52
593 572 92
722 994 24
797 100 77
418 983 25
741 543 64
579 582 37
682 728 92
942 963 8
590 299 35
508 962 29
672 421 3
771 778 45
226 992 71
974 214 36
889 585 52
794 629 44
316 903 30
785 643 44
697 518 11
384 517 96
32 395 60
761 329 13
637 429 56
438 929 10
197 966 74
582 443 76
103 989 62
475 221 29
964 884 4
210 299 85
6 690 69
839 476 27
881 537 51
177 224 91
452 358 16
502 986 93
44 145 5
358 900 76
711 585 94
503 385 45
894 727 94
705 403 53
46 700 11
448 463 53
750 430 78
158 511 53
734 810 45
692 191 65
233 140 78
445 846 38
877 722 62
928 107 6
560 992 83
135 313 16
534 974 68
847 938 80
212 545 78
490 111 22
26 879 68
705 796 70
150 622 54
23 403 9
69 479 9
576 171 59
447 189 6
62 546 12
394 208 52
422 206 84
851 892 70
24 369 63
311 943 11
591 887 11
258 659 87
633 120 39
470 757 90
90 703 51
641 680 47
101 300 84
80 405 93
797 837 76
733 959 2
370 581 41
119 928 15
536 369 8
353 863 29
213 957 59
787 820 94
362 912 59
640 749 65
612 195 30
608 838 9
11 867 82
602 884 69
122 277 62
863 138 98
684 508 8
151 165 82
432 272 31
889 983 73
412 850 21
15 712 33
998 647 60
885 180 29
203 328 4
879 855 67
373 591 79
516 579 48
820 905 60
26 954 6
32 702 35
795 845 6
130 85 11
39 748 71
409 932 19
589 525 96
389 77 19
91 274 52
146 45 15
78 276 60
305 186 56
649 215 35
828 798 1
521 312 47
476 479 54
479 743 32
743 355 61
290 328 83
798 626 74
423 562 3
320 884 31
865 669 87
332 672 87
632 252 16
663 185 90
791 423 35
247 908 90
269 153 95
328 222 1
90 593 87
203 255 24
6 314 47
395 223 52
921 758 43
388 741 27
316 333 71
102 405 34
46 200 29
882 318 30
771 525 93
434 337 4
376 318 17
668 997 74
98 653 48
997 47 50
917 197 99
326 135 99
713 908 98
657 659 48
921 84 32
357 37 49
700 872 26
929 71 55
927 490 64
8 971 94
555 33 10
230 263 73
925 258 25
179 283 25
511 437 76
449 685 85
356 317 55
306 121 74
811 139 48
579 740 92
516 536 61
271 601 70
977 281 92
573 892 7
64 883 23
882 333 91
277 83 32
82 464 12
961 334 69
489 916 98
929 500 43
260 844 64
101 966 76
682 998 19
840 949 18
540 903 68
156 60 87
583 719 11
539 937 77
869 12 23
586 219 94
374 979 47
657 759 19
564 167 99
384 664 48
749 143 81
201 255 97
139 982 14
820 333 95
680 930 97
29 960 14
427 735 99
327 844 33
854 533 51
116 482 78
686 27 60
742 143 33
959 715 68
537 343 42
614 891 44
932 675 70
9 329 39
440 803 53
927 815 50
237 823 95
755 878 39
919 240 11
258 143 99
755 663 48
34 695 74
390 246 49
875 622 100
890 467 73
723 861 96
578 690 8
46 544 30
261 295 78
565 462 4
749 304 94
48 527 62
711 310 1
535 252 95
639 733 47
513 409 70
2 809 93
515 2 68
585 4 6
913 663 57
858 418 42
386 517 18
539 764 52
36 431 60
127 966 91
714 924 16
927 452 66
657 498 21
788 716 46
893 674 22
979 708 92
969 167 95
641 632 31
861 455 30
326 922 26
862 696 59
852 930 60
739 829 15
862 623 35
579 346 39
685 560 21
149 435 50
383 44 52
581 992 67
627 32 24
544 56 100
398 871 1
188 400 20
237 9 61
741 78 59
587 433 25
638 181 40
613 662 73
673 566 29
427 251 26
818 905 85
116 779 45
23 284 94
917 146 47
667 429 29
350 15 67
447 807 53
173 838 89
844 891 98
598 576 3
525 497 25
229 116 50
936 15 30
556 136 15
541 151 41
627 161 90
897 172 12
905 839 86
395 805 17
582 930 24
59 433 74
335 571 40
823 732 63
944 164 26
703 3 73
111 937 93
478 161 3
174 626 61
157 383 18
332 534 49
682 101 11
784 996 96
121 57 30
197 859 97
336 138 42
204 500 17
787 454 65
277 738 83
699 448 61
569 88 66
730 182 64
324 166 56
345 613 63
379 568 66
835 705 84
382 30 51
340 179 46
175 1 1
86 436 7
241 973 97
769 395 6
631 954 10
747 313 82
132 793 3
508 343 75
868 252 82
779 450 77
844 769 16
989 761 40
28 569 58
728 592 67
54 783 97
320 645 67
15 598 60
909 611 97
790 761 12
597 973 82
221 74 53
602 469 93
490 307 37
253 961 48
365 204 59
885 659 80
525 705 15
923 345 56
404 660 32
117 451 39
177 469 94
792 492 18
222 749 30
292 206 3
36 264 51
69 652 4
844 515 12
461 629 41
393 923 13
961 81 89
726 283 17
751 223 4
527 811 83
553 42 3
932 327 77
228 867 78
571 102 12
982 624 25
29 467 14
886 171 16
433 298 46
209 81 97
112 739 3
968 452 72
873 717 92
405 329 65
50 935 101
526 336 55
102 619 54
425 321 42
600 213 51
691 319 40
748 434 91
707 562 5
675 865 72
284 847 18
807 661 20
81 376 99
713 715 51
634 991 69
496 944 5
695 859 89
38 379 20
375 434 65
537 199 1
45 701 10
976 500 97
44 965 35
355 435 64
537 310 7
961 645 79
540 880 23
326 320 20
817 289 15
561 67 56
147 725 11
872 483 14
269 662 11
641 491 85
359 946 4
815 711 51
128 429 73
457 990 42
801 391 76
432 760 98
977 120 90
362 161 31
658 759 67
618 777 71
785 57 6
925 384 3
843 379 42
727 327 100
608 461 32
78 89 64
661 514 96
253 119 55
767 770 79
698 239 36
503 440 95
552 21 62
945 367 17
605 365 11
383 486 23
125 370 30
650 200 76
381 593 95
128 644 40
530 848 74
316 974 35
668 577 5
442 91 95
65 606 81
375 925 51
117 180 67
148 554 98
336 325 58
655 408 2
576 724 95
424 353 83
87 54 89
437 93 71
742 443 56
665 569 20
408 360 22
203 601 19
443 120 78
90 881 99
174 390 62
918 768 42
928 337 54
372 311 67
48 111 18
397 677 13
517 352 60
763 226 23
282 52 24
14 808 64
441 247 42
593 857 61
753 652 42
856 252 89
735 849 61
308 273 55
248 889 73
197 153 86
548 195 83
880 119 56
783 681 55
230 645 89
381 99 93
353 781 2
356 257 23
697 973 76
967 743 84
136 770 25
320 74 93
180 17 6
493 970 1
843 441 80
591 638 1
944 852 55
830 539 60
652 227 33
74 965 77
898 755 1
535 642 83
925 308 69
665 159 36
780 701 48
385 974 93
602 318 64
629 543 43
12 283 3
216 951 8
801 733 39
999 995 70
352 705 96
243 857 98
301 959 40
215 534 58
153 258 12
298 681 10
268 979 45
477 418 31
494 805 89
418 912 70
327 536 2
182 364 56
939 398 100
153 9 72
809 400 70
102 755 35
984 637 91
723 699 16
601 953 65
261 275 65
969 296 11
453 748 35
531 836 84
714 651 27
414 21 84
157 699 21
995 172 82
794 594 92
171 206 71
909 513 18
459 206 97
215 60 52
848 880 51
170 918 64
751 498 18
974 542 74
111 316 95
920 98 19
520 115 67
394 861 3
530 356 57
398 435 13
238 336 7
820 44 10
484 913 74
829 817 88
72 470 23
935 506 101
2 403 29
334 275 99
860 168 7
600 370 8
892 737 55
566 886 56
765 146 32
675 482 29
604 10 79
684 764 60
675 322 12
249 661 28
38 642 3
590 133 81
397 109 93
847 296 60
943 787 17
794 147 91
796 441 44
139 176 76
398 379 93
807 256 9
143 316 22
568 773 41
570 45 83
664 450 28
630 600 84
105 509 62
483 794 64
654 262 25
978 793 98
524 642 15
38 830 83
417 502 25
615 272 88
668 911 50
306 911 101
888 102 33
295 466 49
573 640 32
56 641 26
590 905 16
66 248 53
751 823 73
740 145 88
38 615 38
875 862 71
569 938 22
709 115 50
795 468 25
720 144 94
626 87 19
234 349 81
75 595 23
569 95 26
606 633 11
431 457 88
789 274 21
122 101 100
17 604 84
423 365 20
661 512 29
381 105 76
932 463 55
102 326 99
251 538 54
74 303 31
159 900 16
901 693 42
477 569 4
984 310 83
560 541 95
749 723 58
801 124 31
311 8 32
12 702 44
630 860 2
217 422 98
120 495 8
754 652 18
757 416 46
939 270 33
427 951 13
782 651 74
648 722 8
395 980 8
509 939 43
694 646 91
301 917 44
947 741 15
924 53 94
973 532 24
720 491 21
634 680 7
589 859 60
336 887 48
597 688 76
382 732 4
9 163 46
948 305 91
565 262 9
640 646 95
199 311 81
265 174 75
816 445 68
508 280 78
506 751 45
201 745 66
781 739 30
404 304 27
126 117 64
830 209 2
146 702 1
159 449 83
649 319 65
303 61 56
896 91 50
552 916 74
893 992 17
801 661 22
782 282 74
913 658 46
859 772 85
630 230 51
58 234 18
270 155 11
303 774 12
106 513 70
824 442 58
205 7 99
536 443 15
228 205 100
755 700 92
376 354 70
664 856 97
137 978 17
183 741 52
617 674 28
820 745 98
40 162 67
849 471 55
86 334 30
933 89 67
822 657 67
340 256 74
264 795 65
945 109 40
843 14 15
647 10 84
618 477 54
652 620 93
23 309 56
514 807 25
36 754 100
575 568 61
805 923 42
699 906 15
805 943 57
396 495 13
629 158 79
390 92 62
572 599 60
321 20 98
448 158 98
853 410 101
309 430 56
787 68 84
530 551 1
865 34 24
267 566 95
736 3 32
762 584 91
312 667 4
295 958 30
503 762 44
340 132 30
287 719 33
357 236 47
250 83 50
763 761 80
374 991 81
216 42 26
868 968 13
470 493 69
278 748 80
787 228 32
66 772 49
55 249 13
865 358 16
967 446 34
244 677 42
238 634 77
757 335 28
992 863 91
609 256 72
507 295 55
305 997 5
853 872 12
172 841 10
347 309 52
736 612 52
152 849 21
364 184 9
614 247 19
64 670 13
618 100 74
532 148 24
49 942 87
902 905 91
591 304 20
188 796 75
827 521 36
56 532 32
163 791 48
192 169 48
550 779 44
461 317 20
127 913 29
153 290 95
4 769 8
996 385 59
524 306 10
181 339 87
370 374 21
73 28 26
937 878 84
838 804 8
723 446 61
48 609 39
101 964 66
329 473 35
568 779 65
134 113 94
924 254 8
38 211 88
90 538 89
514 108 74
992 260 100
430 460 69
708 657 63
631 222 59
754 341 20
978 47 96
519 21 89
729 722 28
146 126 41
29 198 28
688 575 24
766 608 31
490 214 33
520 411 25
140 67 73
704 950 7
63 664 42
153 574 66
755 262 64
860 458 96
61 342 1
692 815 56
221 825 60
718 108 81
300 147 34
944 891 51
713 422 9
455 287 30
606 849 80
417 373 39
877 289 34
872 978 57
82 149 54
382 389 51
413 391 40
162 230 36
939 134 53
187 356 24
469 243 1
967 442 27
758 233 20
939 438 49
827 316 19
954 963 32
508 949 86
568 446 100
517 187 28
272 585 87
98 27 13
582 858 76
414 685 34
61 477 89
883 484 28
500 917 81
32 859 7
163 82 39
241 933 28
745 308 39
384 207 39
152 462 53
200 453 14
836 330 27
519 291 91
315 827 10
985 510 71
996 572 101
977 431 94
558 647 35
108 233 14
770 708 53
173 365 92
16 655 66
420 180 49
680 955 9
523 595 61
581 468 30
206 52 56
420 523 92
38 45 51
27 514 34
224 487 73
650 719 54
272 531 4
239 831 78
20 889 31
187 444 67
273 900 53
517 333 7
948 120 50
373 744 30
451 308 54
613 519 25
18 299 12
329 900 61
917 944 14
874 278 69
147 197 91
681 849 60
151 742 81
916 906 69
633 144 87
863 633 28
891 84 50
265 264 69
788 735 73
771 174 62
855 681 63
345 653 22
519 167 32
976 532 44
538 568 45
950 498 33
654 140 1
554 480 65
642 180 77
229 458 85
317 312 15
802 214 45
307 615 52
430 863 98
370 410 87
780 12 39
421 583 13
37 401 94
255 583 101
971 117 44
527 930 3
864 102 3
64 676 26
742 202 79
875 202 85
81 498 12
34 670 3
128 876 62
871 683 97
232 540 7
284 951 54
653 58 28
280 11 80
383 532 89
581 284 68
162 161 11
347 907 92
180 554 95
651 544 73
429 663 61
661 412 34
84 401 42
612 441 76
678 160 91
195 465 46
668 12 82
905 599 61
116 118 94
796 120 59
29 780 96
85 783 57
739 145 79
506 184 98
519 535 35
609 618 3
935 554 18
320 979 87
927 972 58
104 881 96
365 281 49
427 94 72
261 906 21
999 886 60
689 111 36
637 350 66
565 643 41
547 322 67
681 354 30
580 643 15
502 259 87
974 788 61
399 515 54
449 213 96
858 181 74
989 733 50
760 832 24
559 222 9
901 211 75
659 973 57
782 383 75
203 598 75
658 687 72
817 16 100
961 796 101
599 290 66
329 597 77
969 438 29
661 270 98
384 979 27
944 460 3
763 549 76
80 891 101
230 10 13
454 642 68
356 193 11
161 324 25
527 15 23
870 234 25
295 277 68
926 40 31
939 436 75
930 788 92
462 642 63
505 276 74
972 512 44
624 160 72
250 466 65
462 888 8
197 843 1
708 585 3
502 662 25
650 906 53
473 235 47
475 484 81
754 927 81
754 741 17
309 892 77
721 704 97
107 523 97
573 330 42
555 182 84
803 91 66
449 554 34
953 821 15
676 642 34
444 580 20
267 84 54
750 758 43
398 779 53
541 618 2
246 89 99
661 419 90
609 254 67
796 632 92
465 333 92
299 383 86
877 64 63
272 486 56
784 817 24
496 935 24
497 238 85
656 627 97
799 19 7
486 737 55
623 194 80
339 215 2
534 663 33
954 1000 33
299 790 36
948 943 47
328 747 72
373 72 63
473 182 26
653 432 93
450 109 44
551 258 13
768 152 72
686 44 44
84 794 57
260 927 2
20 535 88
27 361 22
529 484 34
706 719 40
454 773 88
318 823 3
948 156 78
802 720 58
763 758 61
396 140 83
338 867 80
112 676 86
722 957 78
798 623 58
391 255 99
427 139 64
576 854 44
799 922 67
483 920 34
334 552 83
953 317 12
142 119 45
784 847 83
1 470 75
543 188 12
995 824 95
699 569 67
44 168 57
138 990 41
124 898 83
880 150 100
807 91 5
569 70 76
185 304 74
105 691 69
555 805 2
165 569 83
679 842 80
465 303 69
413 326 25
977 554 79
798 720 3
410 247 91
663 871 49
73 982 90
79 351 7
859 462 1
24 209 23
211 291 43
481 902 77
285 127 81
927 561 70
159 454 84
136 968 77
418 126 39
439 49 2
263 163 63
505 660 87
77 503 32
752 193 9
366 694 49
115 841 62
774 227 56
586 862 38
374 415 58
660 928 96
455 374 20
839 534 25
54 26 4
456 963 14
299 116 5
301 649 69
399 348 20
537 573 81
698 488 86
797 833 87
766 829 91
428 455 98
154 36 75
221 417 25
750 603 3
835 832 75
172 596 86
216 465 49
432 18 33
384 959 37
464 200 14
705 445 3
504 150 51
850 212 36
900 541 3
837 412 61
491 335 72
513 81 22
929 862 44
716 403 62
198 622 67
537 373 82
267 487 41
252 786 22
802 488 14
695 422 46
763 303 12
961 818 37
164 67 23
196 493 63
140 400 5
246 337 99
935 866 47
345 936 3
95 207 9
752 886 94
324 225 52
675 616 91
40 251 23
739 259 5
581 881 35
775 740 96
74 74 6
211 122 99
213 325 54
986 20 72
670 125 34
674 437 34
759 489 51
19 28 101
844 955 88
450 549 20
163 743 71
535 514 40
772 756 73
106 886 88
900 790 75
583 428 67
776 737 46
873 158 84
746 34 14
811 941 101
511 600 23
870 599 62
840 263 44
454 575 77
564 821 4
718 928 66
472 638 37
55 525 60
165 645 19
667 478 17
221 281 70
920 587 49
462 297 100
463 357 33
87 315 89
932 828 78
156 299 74
718 721 98
75 724 63
11 712 23
852 980 38
685 156 43
110 207 67
374 425 15
531 501 45
489 57 24
229 433 100
14 384 69
241 562 86
136 517 90
568 10 31
157 713 8
506 433 66
724 744 79
126 942 78
91 773 36
987 421 96
113 730 68
79 854 39
237 723 86
591 395 99
900 688 31
759 539 52
256 687 54
103 880 72
182 177 9
556 923 19
200 572 49
204 583 74
120 102 36
582 445 30
574 739 61
161 439 52
775 422 53
458 968 19
853 653 29
26 4 101
475 358 39
320 877 15
487 10 23
277 728 18
760 918 80
265 72 69
183 863 10
221 124 62
811 484 35
263 225 57
521 98 97
201 21 91
199 471 92
796 825 61
889 307 3
277 705 23
157 739 82
540 581 20
85 181 23
992 467 41
483 817 4
438 416 73
711 586 34
705 873 24
968 633 27
563 19 12
333 790 25
654 743 13
199 978 66
4 171 3
423 892 23
514 670 64
278 653 92
817 39 43
647 186 33
780 593 43
155 77 32
103 270 94
481 733 49
844 80 89
289 75 2
201 121 44
235 7 8
397 802 70
859 961 27
39 758 94
767 899 45
798 869 39
394 590 8
464 76 55
397 633 54
182 629 88
525 673 100
150 876 23
263 779 93
822 725 33
156 60 2
688 262 29
359 138 93
250 956 54
266 859 29
175 550 7
568 368 93
855 469 50
780 71 37
505 444 38
906 376 23
975 5 13
18 159 96
121 521 29
251 255 67
462 672 19
51 170 91
159 445 71
990 604 83
460 191 16
112 574 89
269 682 69
850 589 63
799 345 88
812 696 37
915 756 51
110 121 31
343 618 40
848 424 79
222 664 96
329 464 52
864 123 25
952 719 51
771 440 85
589 204 58
759 592 87
61 918 73
376 147 6
896 935 53
902 309 77
165 215 33
619 428 19
41 145 91
376 737 59
364 735 37
337 300 90
272 349 37
800 685 73
922 873 82
228 989 35
262 718 71
440 444 97
128 123 39
754 41 56
282 75 93
520 969 25
992 235 53
650 981 18
160 475 77
261 34 83
439 742 18
959 360 38
541 247 59
17 664 79
612 962 62
898 448 10
454 131 5
237 656 68
683 89 14
8 89 11
333 684 89
640 908 69
345 325 86
293 972 60
361 448 31
527 687 29
22 609 59
598 129 80
581 485 58
640 441 38
167 41 64
886 278 49
557 905 62
613 17 87
729 585 38
561 526 34
756 675 51
742 820 62
294 103 62
447 213 75
362 212 70
419 441 81
940 425 42
17 567 76
213 68 72
967 585 77
76 111 67
980 826 83
226 411 15
539 783 20
155 620 28
915 585 93
277 331 32
617 41 55
692 601 10
305 45 48
557 928 9
725 204 3
51 832 72
264 739 3
785 470 3
205 283 15
680 673 79
154 660 25
928 948 19
285 544 89
436 538 36
895 636 46
556 58 36
752 769 60
755 614 26
205 852 2
397 44 33
280 532 3
443 613 24
188 44 12
242 495 35
476 664 45
488 316 8
429 357 50
788 222 19
541 974 52
553 190 15
877 739 86
170 787 95
891 49 68
750 388 3
457 253 89
629 103 60
176 109 64
823 643 26
949 929 4
186 133 24
13 529 1
657 630 76
139 289 93
98 251 22
477 112 11
489 738 42
324 897 96
549 675 45
806 822 98
767 609 16
374 774 90
188 625 15
458 301 71
746 89 56
354 169 5
981 829 68
586 308 65
360 761 91
668 677 84
616 751 66
794 10 74
221 180 90
847 673 70
963 658 55
187 526 97
898 704 17
15 348 11
363 668 42
898 878 80
533 691 65
243 161 79
665 838 24
301 71 45
535 29 21
882 569 2
469 999 93
320 675 10
483 976 46
713 105 36
948 917 40
958 527 72
189 867 60
57 964 3
448 266 81
213 697 90
125 42 53
259 995 77
852 807 77
867 838 74
10 187 41
958 987 54
480 181 66
861 516 91
800 543 61
483 751 1
234 950 100
847 72 72
952 962 4
717 400 43
897 127 45
95 648 33
332 731 6
284 235 13
621 591 77
2 639 87
848 206 42
474 937 67
676 858 61
822 740 60
341 789 90
583 635 25
232 371 99
829 591 34
653 242 80
881 335 89
345 581 61
646 563 41
360 557 9
37 139 99
935 841 101
287 177 41
671 689 87
240 225 50
723 151 91
900 731 30
783 881 79
664 278 60
3 482 36
198 47 40
621 178 101
283 760 3
355 537 76
266 215 61
134 855 17
695 850 80
184 397 95
740 316 13
823 161 24
324 315 11
859 550 95
565 885 87
150 593 92
549 414 49
34 208 91
825 478 57
457 179 47
515 10 15
505 757 98
146 196 84
589 311 58
296 415 21
510 207 36
385 335 3
147 231 43
369 493 15
370 145 21
995 513 98
483 575 3
269 640 87
297 834 79
344 193 51
975 86 6
130 749 4
154 800 23
156 269 34
896 241 35
440 32 8
489 360 38
296 589 78
627 382 2
116 835 76
657 692 21
430 217 79
473 182 26
178 586 33
848 107 90
965 44 14
245 358 98
811 976 17
49 132 32
171 766 33
982 234 70
303 628 11
970 519 85
869 458 20
703 209 4
977 568 13
583 253 32
659 225 20
460 720 5
927 826 36
297 219 94
600 870 58
615 17 78
348 675 12
791 280 14
281 913 75
41 817 71
36 402 52
901 464 8
96 977 56
511 640 21
369 434 21
697 271 82
341 6 42
685 368 85
651 721 66
665 453 70
647 211 93
216 796 80
533 290 55
656 884 13
657 233 81
987 431 10
940 482 53
47 380 97
907 869 1
410 129 85
977 265 32
721 207 11
549 148 71
603 309 22
807 368 38
457 729 66
766 870 70
791 687 31
987 793 80
38 496 56
700 443 3
47 961 77
145 790 46
265 992 16
265 744 39
514 991 72
908 729 25
850 349 42
707 513 28
685 98 28
673 806 58
824 441 59
109 424 32
885 125 101
378 6 20
102 723 62
515 143 34
493 837 8
845 130 55
475 419 9
396 431 12
713 180 4
919 265 41
819 604 90
336 963 89
722 986 72
736 530 70
741 871 24
30 203 41
66 337 82
812 836 12
504 214 90
592 168 53
904 956 5
234 739 94
476 127 14
540 910 94
747 620 65
543 103 51
508 762 8
683 968 36
252 74 88
50 192 2
531 942 48
989 769 95
875 43 89
526 908 55
779 884 52
562 23 13
422 240 13
538 950 13
819 43 56
591 466 19
196 456 50
974 638 9
623 482 94
229 723 33
529 792 8
673 402 15
748 257 52
5 293 7
698 22 67
758 687 10
862 147 31
745 381 60
993 733 55
423 17 47
240 217 53
936 230 29
269 395 67
192 830 84
338 992 97
920 430 6
726 441 57
327 325 52
983 611 50
217 462 41
981 54 47
283 547 2
604 393 75
25 806 42
242 708 94
22 582 27
627 592 16
336 180 95
963 722 70
299 944 33
859 423 93
208 89 3
72 611 70
528 69 30
185 52 87
208 70 5
377 488 13
199 682 45
476 890 91
647 134 21
162 681 75
855 347 50
708 256 62
58 307 6
451 21 39
831 207 4
599 622 1
622 67 55
871 58 91
300 814 21
209 756 65
427 718 99
263 837 6
762 878 98
785 737 14
331 117 83
912 69 78
674 703 96
126 270 60
649 932 92
583 674 18
162 215 58
767 793 4
676 738 29
984 780 52
897 908 38
516 722 31
333 710 31
938 872 27
524 888 96
63 13 85
62 102 100
784 499 67
913 875 90
667 874 59
368 85 47
86 766 2
543 666 15
700 425 101
247 544 50
973 544 89
796 923 71
360 736 28
459 830 47
872 419 65
342 887 5
21 894 59
1 873 7
418 825 47
116 726 86
161 14 30
771 569 7
457 760 56
783 992 47
170 959 22
710 803 28
396 71 73
745 506 48
767 621 94
495 112 17
873 454 28
124 35 20
813 74 80
976 772 85
861 95 12
520 483 37
182 849 26
445 631 79
773 867 83
14 837 31
225 355 8
231 835 53
688 809 95
139 820 17
160 80 90
417 783 58
279 793 72
221 892 32
990 455 40
473 85 97
643 119 72
504 399 43
574 330 20
362 535 62
968 489 93
549 859 94
464 598 16
704 693 13
882 578 86
937 833 71
248 420 94
530 316 81
378 254 88
339 289 46
624 82 34
276 797 26
246 864 25
383 411 87
182 364 44
680 676 30
400 477 80
172 274 24
700 132 90
157 722 69
288 162 93
560 136 14
944 304 80
157 425 23
107 256 69
73 77 9
684 224 50
140 940 61
92 454 48
360 471 1
792 290 74
85 138 47
475 399 73
37 629 61
298 62 64
793 480 87
538 891 39
682 487 55
794 224 11
516 794 65
265 179 101
677 856 59
773 816 101
655 803 84
194 252 64
96 354 92
873 350 6
494 718 30
898 129 15
816 104 18
604 146 43
59 187 28
421 217 44
713 117 55
86 190 40
120 622 51
520 265 61
752 657 61
690 79 80
591 672 36
398 446 38
840 124 24
579 310 36
301 239 91
680 158 58
546 854 46
733 230 37
722 667 98
948 208 73
549 979 62
359 682 17
228 611 57
657 472 25
603 828 65
803 406 54
321 88 72
755 859 85
556 452 13
173 328 49
207 168 30
774 508 34
738 733 75
674 615 50
228 967 53
503 382 81
451 326 17
431 490 10
417 176 74
924 254 19
246 781 69
498 567 29
253 8 23
942 546 100
625 475 71
788 719 28
239 592 59
360 226 43
428 587 9
988 226 26
330 66 3
560 503 53
389 56 10
26 364 74
899 231 63
603 900 76
111 75 26
133 638 22
797 798 18
101 282 16
895 404 10
488 829 48
57 912 41
799 461 81
740 954 80
873 651 34
113 464 57
219 219 6
488 174 56
264 524 92
330 861 53
261 969 15
455 751 54
703 346 42
857 979 61
197 240 29
870 822 47
908 200 12
28 440 42
451 484 26
633 123 55
234 466 11
229 219 39
113 381 13
665 882 57
72 383 24
775 547 21
298 592 42
689 868 95
460 489 49
724 661 17
127 204 1
463 237 11
342 185 26
84 39 75
166 353 45
846 838 89
748 771 8
498 654 38
96 960 79
304 211 45
455 769 19
335 434 91
236 848 78
581 267 49
404 6 82
630 238 39
116 892 97
163 162 83
326 541 46
685 689 59
129 195 63
395 977 17
920 719 63
127 782 55
67 552 73
484 383 66
91 169 84
959 740 17
115 65 6
666 156 64
260 383 56
98 614 59
769 676 27
514 801 53
848 492 35
52 634 49
634 452 50
651 436 57
266 704 87
416 216 33
356 465 31
399 902 44
785 22 83
957 24 9
798 669 17
361 206 12
217 867 7
573 452 20
411 755 86
962 458 12
628 992 98
78 771 61
545 238 85
450 514 79
276 593 16
148 875 28
473 364 52
293 479 19
898 161 53
594 127 7
946 85 95
601 270 7
773 443 19
414 677 13
262 250 12
116 87 63
762 979 36
512 176 83
180 65 42
515 65 74
46 586 46
776 165 89
802 953 29
815 240 46
407 40 27
307 783 64
418 911 11
866 820 8
631 121 15
335 744 71
575 546 78
511 158 57
482 174 1
716 812 11
29 812 80
972 852 23
917 974 58
759 424 31
309 332 100
907 614 41
887 589 21
341 321 40
238 322 4
244 151 52
334 393 47
4 726 87
16 370 39
522 411 25
774 878 92
275 336 97
280 98 9
666 383 23
500 614 69
424 929 60
600 123 75
378 104 8
159 123 14
771 182 85
868 605 90
337 53 20
941 213 4
526 973 99
123 400 52
224 260 69
340 423 86
826 523 101
794 169 37
21 537 73
164 681 78
189 333 69
995 771 77
728 618 96
283 20 80
208 175 75
617 535 23
372 668 23
995 722 10
220 78 56
744 786 68
403 390 76
396 967 66
416 444 39
213 61 29
159 169 36
14 221 55
870 323 13
746 821 57
343 411 100
34 680 62
889 173 83
101 440 53
25 158 11
81 21 70
273 408 85
43 155 97
492 853 53
140 397 38
945 250 40
85 864 70
527 642 6
415 34 84
398 514 58
619 349 70
679 735 101
968 590 91
720 349 73
270 34 15
994 483 3
371 693 91
739 12 83
249 624 48
851 315 24
179 977 34
335 886 83
679 622 58
578 895 83
859 534 53
693 823 67
481 292 74
766 689 66
625 613 64
459 4 14
589 714 94
644 933 1
38 462 11
12 202 46
417 223 62
962 369 92
401 605 30
77 25 4
723 577 6
665 859 6
385 91 45
124 247 89
740 455 3
951 958 72
907 877 101
133 630 80
276 136 12
979 749 98
390 513 101
889 111 41
551 851 33
47 223 15
225 121 76
985 465 46
657 454 3
780 956 88
800 690 36
182 334 33
271 160 21
631 275 38
219 932 72
636 931 71
767 705 55
595 791 27
563 984 47
799 331 23
380 305 38
104 494 23
251 6 31
358 452 85
484 372 36
368 913 94
851 47 64
895 656 17
407 814 29
217 377 3
505 257 32
167 336 94
429 455 51
257 745 92
765 413 70
320 623 14
276 422 36
207 541 51
135 626 33
487 508 61
54 592 24
609 449 22
507 356 84
578 103 79
922 933 11
187 100 46
361 734 29
92 240 96
319 248 7
412 341 52
652 788 46
432 477 33
309 775 20
40 639 86
74 573 60
891 32 81
417 197 11
165 360 26
575 697 83
222 817 92
348 1000 14
176 527 97
975 990 18
60 816 12
770 194 32
16 920 91
48 248 1
510 441 100
300 971 86
799 579 71
574 113 67
393 631 53
363 5 7
439 410 41
758 29 66
483 112 28
540 497 70
649 306 12
198 927 88
159 430 77
31 599 55
862 8 60
526 210 22
650 572 14
936 725 75
899 585 87
741 706 56
63 203 46
138 237 87
278 185 54
422 970 7
847 588 60
946 270 13
75 378 17
928 521 75
841 336 5
737 344 54
933 176 24
464 843 54
616 104 29
306 675 64
761 968 73
899 462 40
760 505 100
229 187 89
922 164 31
647 6 88
477 931 18
551 257 39
449 468 41
478 170 67
782 299 59
549 706 1
98 633 40
301 505 67
959 240 40
585 476 50
800 464 26
573 54 56
508 208 29
482 646 67
373 792 6
761 270 61
423 275 22
111 706 42
10 878 50
912 508 11
122 934 90
161 786 67
850 408 18
216 751 97
789 971 34
766 838 37
729 544 92
776 125 71
643 849 95
65 724 86
216 286 31
367 804 14
280 725 27
914 321 49
784 505 30
85 377 40
511 910 40
239 696 98
895 620 2
375 717 82
491 295 39
770 448 79
901 880 32
423 433 51
856 781 67
778 614 77
202 577 93
181 781 16
798 234 77
237 51 54
252 60 96
64 39 8
662 121 29
777 776 47
771 1 69
820 65 1
524 920 101
228 374 18
869 29 27
198 545 18
905 450 23
361 598 23
220 217 59
718 646 92
969 852 96
65 763 23
188 862 60
63 143 61
940 531 85
624 204 56
223 928 23
205 435 34
598 271 94
160 578 89
286 853 2
87 497 66
716 791 29
621 707 14
876 992 81
892 825 62
451 319 39
601 644 74
86 574 86
108 381 80
553 230 28
268 535 21
543 29 93
702 412 22
733 432 14
926 317 30
446 804 23
297 849 82
876 195 92
249 590 46
481 861 45
83 639 68
399 247 94
795 632 26
597 20 14
523 600 26
265 833 66
763 398 15
208 655 43
402 616 100
753 263 77
702 121 69
244 144 58
374 998 36
107 451 23
308 859 36
115 923 71
245 723 44
987 534 86
304 288 75
718 868 75
547 207 60
959 464 67
958 689 83
218 338 33
532 542 72
840 694 89
760 195 23
180 445 39
913 801 75
548 826 67
672 844 57
745 76 5
407 218 38
392 918 4
910 545 83
244 672 85
358 888 40
637 266 94
966 666 16
503 594 77
696 645 71
433 389 16
289 270 13
129 564 66
904 74 14
182 281 66
64 129 32
523 615 34
310 930 39
908 631 4
378 12 84
805 516 47
562 72 44
88 451 32
41 127 15
277 175 46
99 62 76
764 377 71
596 335 4
587 736 13
175 896 82
93 129 101
251 860 53
618 523 80
256 686 80
184 790 48
688 195 69
52 998 99
111 853 94
849 131 68
478 647 101
703 663 40
61 269 80
874 222 23
143 61 69
747 554 23
940 642 35
819 994 43
793 802 93
662 106 37
386 109 53
71 737 22
967 993 101
172 149 78
612 212 49
213 218 25
726 430 17
600 251 25
76 940 40
960 592 11
109 599 8
294 783 43
228 558 73
429 555 52
638 630 41
421 799 30
61 440 67
602 222 101
160 621 46
764 603 48
2 571 1
204 210 97
245 438 7
298 826 96
148 375 91
817 531 65
930 740 71
766 592 58
893 184 91
122 753 45
828 101 79
65 743 23
256 567 74
189 117 17
774 417 93
389 51 94
683 315 56
973 673 59
225 875 35
458 391 100
130 151 7
100 417 84
694 614 38
392 84 64
415 586 13
229 595 36
637 119 55
366 161 10
615 591 28
715 322 33
912 157 50
275 901 3
509 840 18
98 187 82
299 460 49
458 605 59
873 512 49
154 979 25
355 265 50
773 458 28
817 947 93
715 144 29
54 664 94
230 8 61
962 969 1
586 848 14
927 57 90
794 800 40
865 570 50
870 579 23
676 338 57
545 26 72
611 572 81
740 378 54
379 197 100
525 273 67
691 755 32
228 722 19
845 20 61
676 112 70
672 230 74
2 150 86
610 724 26
806 363 47
317 860 73
501 627 75
340 490 58
132 538 35
265 447 15
516 48 28
368 565 34
254 199 14
880 457 91
870 667 43
197 122 61
827 21 61
128 140 62
995 61 17
73 566 61
392 590 25
753 63 98
570 555 37
827 940 35
293 583 62
751 438 77
828 882 64
941 982 38
321 436 52
388 716 14
357 973 43
307 750 17
949 622 49
496 350 65
362 975 13
232 551 58
346 629 80
965 299 34
943 539 5
78 299 24
891 392 24
190 888 93
155 420 33
412 708 16
463 499 65
827 470 36
441 780 54
326 65 67
925 493 9
87 146 36
620 964 88
327 662 91
887 430 86
949 548 39
213 582 84
463 832 91
293 346 88
159 166 67
756 626 9
441 620 98
319 84 52
288 852 15
570 764 42
340 175 63
169 667 18
400 458 70
346 284 49
568 189 4
14 451 53
695 466 36
775 47 77
852 512 71
442 329 83
762 263 90
81 585 42
302 333 85
934 94 21
983 69 27
502 899 2
983 185 35
158 823 98
938 835 18
2 386 84
747 488 57
651 206 11
389 14 3
227 657 41
292 524 1
144 913 86
381 403 73
931 587 42
212 809 45
950 170 85
366 274 74
645 135 82
957 867 33
428 924 86
117 669 65
242 920 16
988 994 34
315 165 94
910 492 32
687 162 40
649 282 18
975 822 60
396 70 75
329 814 49
79 477 83
788 192 9
273 283 10
961 47 89
347 89 3
70 554 92
545 17 11
687 237 1
267 26 100
292 526 63
950 307 71
42 20 42
314 771 60
217 158 51
13 757 29
469 305 82
95 846 10
167 780 73
241 442 44
417 522 13
868 481 42
672 799 46
237 820 80
830 546 86
365 334 81
433 363 66
399 396 16
704 773 5
720 852 49
512 320 60
522 171 90
19 18 71
497 644 50
953 364 51
197 149 69
238 93 9
11 154 32
204 117 16
632 305 32
65 617 71
757 700 68
551 107 24
457 284 69
134 154 5
554 132 43
422 959 75
945 587 17
474 527 1
839 434 67
487 732 95
856 494 61
818 678 10
254 194 69
852 278 83
377 983 11
598 323 28
969 109 78
767 890 9
993 882 34
982 362 57
946 630 15
944 404 36
570 21 57
249 384 55
929 258 69
239 935 88
959 377 54
195 617 43
675 128 23
514 736 67
326 28 45
75 524 22
594 428 64
313 206 89
61 405 97
337 456 87
235 838 49
64 364 32
846 144 99
477 474 43
231 651 31
809 552 50
927 8 11
565 329 60
904 573 35
177 490 37
900 250 97
745 572 10
38 568 33
746 640 95
826 831 92
511 189 22
681 743 36
658 701 46
903 428 97
571 294 15
30 786 57
578 380 38
127 381 40
476 416 37
428 189 72
717 338 9
846 598 37
995 205 97
199 653 3
212 299 90
481 115 5
946 98 55
574 166 39
312 230 46
170 416 95
161 396 72
921 439 87
47 831 81
955 251 92
61 334 33
73 689 16
734 59 49
400 9 24
402 951 57
256 770 88
222 75 3
848 213 27
730 519 55
283 222 100
953 390 38
481 797 97
104 25 41
222 80 80
1000 899 83
749 407 56
855 783 81
170 590 58
870 460 75
87 432 65
410 623 43
167 352 94
684 409 27
41 736 31
885 954 47
425 527 96
493 223 99
53 380 51
352 188 89
742 93 19
717 958 33
896 627 28
300 637 100
419 811 71
594 144 70
209 13 42
332 519 2
63 819 36
132 511 101
340 592 8
335 641 1
897 379 66
682 562 79
329 300 65
256 687 77
848 206 8
486 8 48
857 76 65
831 389 42
802 321 64
913 747 80
880 662 67
988 152 5
812 673 68
195 59 13
927 390 37
755 277 1
817 467 65
523 982 99
715 573 3
753 479 17
114 631 12
36 967 68
145 648 82
722 724 97
961 775 1
685 163 24
52 260 14
308 690 9
103 953 76
862 113 44
25 511 78
293 571 97
694 304 24
41 986 63
522 840 52
532 426 58
574 69 94
374 135 57
259 547 20
420 304 31
694 521 82
201 134 94
134 471 52
102 460 14
823 559 97
954 476 64
857 865 77
657 747 100
219 98 94
151 549 30
754 432 81
600 842 25
784 82 98
76 476 70
636 219 5
167 402 62
669 604 48
628 619 6
496 409 2
544 349 87
177 881 35
331 138 84
637 191 94
849 749 63
305 78 76
241 463 13
38 81 96
780 93 69
740 633 95
768 316 2
56 841 54
871 281 93
265 617 67
866 855 44
956 651 60
901 378 70
890 748 10
875 367 78
994 620 60
645 263 40
204 922 88
995 425 2
691 857 27
964 804 5
16 252 41
901 975 63
30 204 84
768 189 91
501 376 50
823 277 52
793 90 61
19 243 42
791 458 71
187 444 52
192 113 100
379 612 55
656 465 53
472 567 65
826 389 68
579 678 90
615 261 11
601 293 31
616 99 42
45 109 74
464 464 79
642 858 50
307 696 43
413 483 3
303 676 28
499 41 63
636 658 95
674 244 96
176 370 24
746 381 33
810 529 53
237 995 23
115 57 2
515 419 26
535 848 67
823 71 13
46 587 96
639 666 39
976 313 7
20 187 60
917 110 4
865 475 55
252 803 16
946 265 17
561 332 81
525 796 15
986 178 48
523 313 76
690 796 30
551 933 17
491 957 25
800 365 54
490 932 8
791 268 91
874 561 79
694 654 52
303 208 18
956 543 60
117 32 18
428 65 9
435 361 51
155 727 76
893 42 77
636 424 30
555 165 87
412 629 9
998 464 53
661 492 21
761 367 21
978 981 97
720 857 44
837 526 99
282 719 51
509 112 90
810 62 58
686 764 98
713 658 91
973 444 59
758 993 49
293 327 63
391 622 20
114 604 92
905 984 67
977 678 42
478 139 61
815 829 46
248 846 14
933 5 98
224 942 57
374 242 46
142 20 80
144 509 94
633 29 13
164 204 6
858 114 31
897 687 50
181 191 3
460 247 26
711 803 60
204 26 94
393 702 62
555 809 29
72 645 1
805 111 32
573 363 76
692 760 36
510 891 84
76 172 38
111 157 85
720 90 53
615 361 51
18 345 84
727 96 94
743 831 48
565 548 76
338 316 66
923 488 39
376 58 53
298 799 37
780 480 60
473 307 80
452 917 1
186 973 78
646 708 89
875 293 65
891 192 6
281 155 33
317 75 33
960 763 13
148 256 67
187 599 51
620 502 67
62 635 32
559 590 78
877 930 76
396 145 30
639 275 12
65 311 98
908 700 54
768 983 88
756 735 76
511 314 84
465 858 19
543 356 94
74 713 85
450 239 4
503 738 28
604 283 55
904 381 91
475 858 5
85 892 9
401 434 17
684 276 56
235 528 8
469 48 61
466 866 51
550 120 12
372 481 59
367 925 55
507 845 81
629 815 100
935 707 14
62 984 58
167 617 54
833 273 34
946 368 14
482 6 88
656 309 20
471 730 35
224 312 83
599 749 50
697 661 50
547 668 95
451 84 27
108 79 79
551 551 87
800 774 57
664 693 29
545 872 100
589 878 24
284 786 18
804 634 43
230 538 88
112 120 66
83 422 47
333 381 82
765 790 70
953 803 27
803 665 48
943 700 38
108 845 46
865 199 33
784 26 42
269 281 37
73 310 68
63 386 27
138 982 58
293 747 68
262 913 17
187 428 4
525 373 67
437 997 88
111 328 99
607 329 67
247 283 66
721 55 81
572 187 15
359 305 28
197 87 47
835 708 75
253 625 68
351 453 93
598 860 22
979 613 73
299 417 77
805 124 63
913 526 40
628 650 55
491 433 94
210 942 72
619 627 44
210 241 32
339 918 27
110 433 67
889 610 22
469 750 51
901 258 98
724 460 84
727 818 48
763 758 14
534 296 37
55 250 25
996 473 37
181 143 92
966 671 51
966 801 27
300 401 30
386 723 69
782 665 74
348 734 63
520 193 50
12 701 38
622 447 72
984 64 75
446 921 15
925 992 60
915 683 42
733 33 25
952 496 82
149 600 94
83 28 89
684 669 81
874 858 78
980 4 96
219 937 54
762 912 14
587 566 68
617 685 85
932 6 69
874 733 12
429 358 55
217 884 30
827 496 40
120 853 81
436 718 84
609 883 67
435 105 61
903 189 15
2 755 95
282 155 26
760 848 59
202 174 44
509 827 49
343 341 6
550 149 36
479 142 52
816 431 30
406 572 57
762 297 2
724 122 45
832 595 1
189 825 48
993 268 98
793 876 33
856 99 63
677 80 59
649 557 49
173 270 65
927 807 89
282 377 70
255 70 14
420 856 6
711 741 4
41 803 19
776 637 14
596 903 93
318 161 22
80 442 96
465 224 95
640 614 50
317 59 82
587 264 26
884 833 96
67 3 50
675 974 9
177 930 83
424 624 15
377 845 93
844 627 30
413 985 5
190 446 21
515 908 96
553 59 87
572 546 81
632 980 17
704 281 98
41 635 79
266 890 34
290 184 23
548 92 67
27 948 18
798 227 65
889 326 66
820 85 98
136 789 94
956 219 50
204 22 80
246 92 51
97 970 13
167 76 97
707 224 97
549 467 26
694 125 22
972 973 75
677 732 27
61 138 86
876 917 49
49 339 56
209 246 64
961 348 9
522 505 100
481 701 97
302 214 75
168 155 87
327 664 81
744 800 47
675 328 74
426 342 89
117 187 80
799 728 1
136 33 93
826 355 40
774 646 76
663 898 70
142 625 85
762 964 92
468 911 46
425 235 28
144 982 13
618 532 95
668 224 88
20 167 20
866 721 65
808 108 6
339 320 23
250 619 56
290 153 3
244 572 33
74 532 75
958 602 33
957 470 58
697 688 58
5 218 89
456 116 19
755 435 67
723 343 90
633 264 98
978 741 68
616 698 28
342 246 33
929 675 100
877 250 70
971 738 5
935 594 59
690 216 54
700 699 19
437 784 56
815 514 6
341 502 96
610 550 45
443 242 101
705 613 20
427 593 91
194 994 50
949 470 96
86 982 15
229 687 64
114 217 99
232 957 61
435 49 50
487 801 27
91 582 16
719 242 43
642 287 63
493 252 96
853 563 18
822 329 23
480 164 62
655 795 23
812 890 42
206 346 61
22 685 33
48 772 69
422 147 63
678 879 32
601 8 19
953 353 63
948 725 40
328 210 67
363 207 73
167 678 3
838 197 15
1 801 100
269 921 22
809 949 13
387 721 31
795 949 75
387 972 3
877 514 29
812 744 41
742 903 28
800 550 20
643 399 98
837 424 56
67 915 70
503 576 89
611 23 13
614 531 99
793 593 8
478 743 55
36 98 31
856 135 14
703 731 76
937 916 91
742 440 49
429 16 13
223 631 54
623 26 64
346 171 46
473 159 95
390 478 57
457 363 51
839 214 33
463 341 69
776 905 67
570 872 24
687 858 63
915 239 8
477 507 27
948 683 55
906 403 84
241 954 94
493 846 89
754 747 89
560 208 22
253 44 24
559 293 77
844 177 93
876 418 11
538 920 4
795 455 95
179 979 66
123 229 37
439 652 73
553 175 47
739 873 31
593 523 51
855 276 20
677 797 38
569 189 31
798 785 47
94 776 98
346 817 64
588 132 58
368 589 9
18 423 89
466 387 91
466 97 85
580 570 77
74 839 20
871 679 40
180 888 62
620 955 65
530 122 17
131 1 56
98 291 15
761 489 68
88 830 30
35 266 99
998 666 33
694 941 51
606 391 90
401 94 67
673 957 10
677 413 82
625 796 41
37 316 11
794 794 41
792 84 23
227 601 101
535 480 27
409 793 51
653 465 25
739 202 48
740 493 30
585 29 55
664 604 84
945 688 32
879 806 58
522 433 56
662 494 59
292 320 100
132 532 18
867 57 35
834 795 5
206 602 83
885 531 96
757 420 65
456 565 43
445 202 38
385 391 25
810 115 15
980 795 65
858 158 23
252 787 22
468 95 23
970 449 72
787 663 29
485 770 8
340 674 27
712 813 22
684 943 98
625 328 55
989 116 101
23 968 53
469 841 39
608 249 10
292 928 85
92 265 47
558 763 90
457 640 1
85 87 58
194 62 47
904 102 101
589 711 2
487 309 36
580 437 1
346 646 12
843 513 42
175 301 48
381 327 89
276 834 98
303 809 95
977 631 44
180 738 54
350 363 82
130 248 90
997 318 47
534 33 100
788 880 34
839 262 82
488 660 101
809 324 2
185 115 89
610 739 59
943 812 20
375 245 13
174 928 28
116 618 11
411 702 91
180 808 29
318 722 63
754 454 69
460 996 13
614 460 95
93 182 11
702 814 4
415 213 80
247 573 44
243 663 34
236 583 34
843 716 90
598 278 96
993 237 21
860 888 80
840 450 9
723 141 24
210 305 33
192 293 100
833 243 37
458 224 92
143 993 43
91 595 74
86 149 52
443 564 20
861 487 16
1 103 25
566 129 28
859 140 58
73 531 94
876 497 3
83 99 45
932 579 37
502 308 4
759 375 52
547 87 43
864 476 51
840 939 46
192 204 90
566 540 55
706 95 52
349 859 72
705 136 97
947 37 59
190 391 79
184 477 9
358 304 64
421 442 92
279 878 65
314 409 77
175 385 63
862 493 66
974 473 7
883 405 35
781 923 19
824 132 42
863 902 4
888 981 3
163 879 89
798 694 76
591 624 14
637 252 83
92 754 69
70 892 73
121 845 11
593 317 25
79 501 14
231 193 24
319 362 43
159 75 83
994 366 66
758 194 88
248 986 18
197 804 2
988 97 14
988 649 98
675 640 34
743 430 74
128 471 52
738 129 95
813 478 48
315 655 74
730 123 93
284 925 33
384 491 67
668 646 42
808 443 34
422 129 79
921 721 43
356 395 98
511 283 47
275 960 51
125 402 34
792 629 39
175 423 5
159 674 64
352 28 90
561 858 56
590 767 67
495 975 40
351 395 83
666 71 100
308 927 22
931 111 47
232 400 85
698 148 74
382 267 52
81 932 26
110 660 31
204 334 87
910 34 43
544 281 61
462 808 88
912 70 73
311 969 6
951 855 44
437 778 23
305 237 9
831 135 65
428 209 98
434 87 37
282 572 61
852 737 79
739 15 75
655 155 53
172 276 73
622 344 65
210 869 66
385 80 25
245 757 51
430 751 12
962 440 89
516 536 83
210 694 17
762 282 43
854 15 69
448 73 94
515 649 90
79 773 29
139 62 93
420 306 27
916 946 89
90 95 21
951 168 47
822 984 2
823 779 52
90 909 85
86 953 25
313 610 41
50 843 76
492 91 92
839 950 31
338 490 19
494 131 76
578 358 3
411 569 70
549 92 58
202 529 31
226 738 63
231 926 82
842 431 55
215 827 64
93 81 35
584 394 49
292 122 10
332 421 77
31 146 65
708 280 5
857 634 25
280 453 22
920 427 72
951 428 88
560 450 7
169 567 77
405 377 83
777 130 17
147 893 27
407 944 57
384 347 27
155 479 38
309 470 84
702 701 10
332 460 44
224 684 32
8 960 57
462 357 74
325 963 60
800 180 85
454 971 51
933 61 62
586 338 45
710 34 70
712 602 9
43 790 95
624 637 65
382 426 8
180 996 17
351 495 6
909 397 15
722 58 36
926 492 65
653 334 43
973 751 65
679 285 83
434 854 74
398 788 83
564 399 38
337 85 28
754 600 13
509 920 56
278 301 22
767 633 86
434 923 63
243 422 101
936 336 101
13 254 76
715 890 73
698 550 57
352 611 59
198 989 61
296 957 37
538 615 89
380 343 10
718 856 75
666 637 95
424 239 84
298 693 1
700 524 41
971 264 65
286 699 7
993 30 57
204 741 69
668 767 22
293 65 19
50 686 1
348 660 94
977 267 57
725 841 14
561 4 75
549 784 51
37 989 47
284 354 91
105 217 87
694 365 53
112 855 43
679 304 1
228 254 40
597 909 15
567 246 61
391 316 65
548 41 13
515 176 45
88 544 72
152 329 20
308 181 73
839 595 72
740 544 64
524 367 92
239 61 61
165 254 100
647 835 47
35 677 86
752 920 70
693 853 6
832 840 36
133 921 73
416 234 92
231 433 41
69 918 92
324 594 40
42 696 96
554 366 49
784 169 14
197 180 27
278 560 25
963 265 23
110 491 97
349 23 28
651 610 81
35 493 43
285 530 47
390 242 81
957 947 44
685 824 26
502 451 4
403 990 100
567 668 45
761 581 3
39 981 44
194 320 74
920 877 55
879 266 39
713 367 74
968 981 4
213 714 48
725 811 79
702 870 55
73 87 74
439 827 84
717 363 85
860 148 23
634 497 13
998 678 43
933 236 71
750 756 31
528 906 100
261 158 1
329 803 50
930 277 3
68 376 36
447 763 28
358 848 10
618 697 7
611 979 99
517 589 16
81 56 38
620 27 99
111 898 87
412 448 25
268 944 54
408 849 13
64 194 6
126 655 58
616 722 63
545 673 61
340 107 30
35 558 40
888 38 84
899 210 99
256 324 58
206 987 88
17 703 72
313 505 66
794 113 8
286 877 40
552 903 60
297 922 73
202 773 10
234 109 63
305 340 52
659 512 5
510 166 71
123 435 65
192 913 20
541 325 90
334 795 69
172 114 46
698 975 42
495 100 74
152 403 74
449 595 49
126 465 39
248 220 79
933 324 12
469 605 54
263 218 98
469 554 51
286 844 31
991 223 88
655 717 58
593 367 75
42 247 28
91 821 55
800 6 97
294 408 86
838 566 4
612 3 54
396 330 93
620 324 78
266 640 60
219 281 54
145 46 54
312 215 40
459 792 10
639 622 65
420 527 53
106 623 56
163 49 44
197 922 66
387 964 37
86 236 22
663 500 74
763 319 66
174 253 58
27 557 18
116 349 48
557 449 37
145 754 83
365 779 70
73 862 27
783 616 86
893 214 2
639 387 97
656 187 78
518 258 8
19 201 95
801 352 92
56 886 13
516 514 62
487 279 96
635 940 50
659 971 45
191 141 86
42 749 97
273 455 10
554 500 75
589 777 96
661 848 94
556 233 68
11 712 69
123 493 101
627 658 73
175 329 82
194 390 39
490 520 9
961 134 84
839 174 84
909 744 12
819 657 7
885 843 14
207 655 26
828 117 84
602 968 2
682 780 58
484 194 52
892 77 77
252 815 82
858 757 40
999 281 76
230 123 89
861 308 37
327 595 2
987 989 82
931 619 95
433 558 100
371 142 69
54 834 61
558 171 40
808 858 21
670 105 46
304 943 78
140 177 52
872 860 11
50 58 30
802 238 16
794 475 86
280 461 52
155 572 71
893 527 21
399 364 16
974 351 33
322 993 15
475 858 90
971 452 48
739 446 4
523 821 37
210 694 60
13 446 98
511 154 4
791 250 37
603 7 92
700 621 77
997 828 20
730 493 81
953 606 85
693 752 2
471 585 22
432 982 94
430 159 1
487 426 76
294 63 79
110 9 84
71 76 80
825 884 101
957 598 56
288 2 88
88 451 97
682 78 47
192 911 31
549 133 91
883 450 7
128 743 70
417 942 58
547 619 74
606 73 18
367 457 20
294 540 99
298 547 41
797 54 67
137 493 75
245 932 77
657 926 58
552 609 61
839 459 62
515 517 11
928 177 76
845 187 73
855 974 67
36 29 101
516 845 26
403 10 21
663 903 32
699 510 42
200 795 71
170 681 34
835 234 40
491 528 40
389 387 20
529 538 34
634 718 63
143 562 19
263 844 18
263 991 14
208 740 78
786 136 16
114 107 78
697 268 62
767 951 100
237 251 9
825 776 85
579 218 32
711 483 85
17 928 56
111 687 34
162 978 87
457 688 82
437 569 98
323 191 59
338 338 9
649 353 32
267 195 8
882 838 33
954 28 68
62 769 41
1 841 16
173 196 30
826 992 54
694 391 8
604 932 11
947 90 42
835 229 55
905 641 70
440 811 30
723 27 91
30 487 34
594 103 10
956 794 53
19 514 23
789 354 21
960 472 16
462 365 41
686 649 17
565 597 54
851 127 84
4 478 48
888 314 41
280 960 19
4 547 5
966 501 57
469 703 46
535 962 14
707 374 85
95 762 70
756 17 6
176 527 84
525 603 35
355 986 63
364 670 57
738 324 22
522 179 46
914 700 94
149 901 53
765 363 92
850 993 88
51 257 72
719 969 10
646 106 25
952 32 10
893 439 45
429 252 16
955 443 48
112 971 28
763 116 11
841 663 101
246 740 90
428 685 56
258 558 63
459 775 10
580 476 46
871 766 46
320 473 91
186 140 48
280 400 74
363 483 40
100 677 33
136 198 20
627 529 47
278 705 15
300 369 69
882 612 96
235 410 32
347 555 82
456 511 19
622 954 98
641 73 101
142 392 2
803 298 38
699 455 69
7 432 7
352 16 77
421 753 66
198 957 97
372 527 63
385 21 74
76 931 62
267 399 79
191 45 68
360 835 64
147 896 15
195 196 57
991 637 11
694 263 49
63 629 7
806 42 50
999 490 92
283 8 74
6 867 55
911 726 18
201 354 37
855 146 16
371 1000 94
958 75 32
120 810 41
954 247 101
706 426 73
813 681 54
324 556 24
195 304 79
962 970 101
544 246 64
149 540 28
109 327 37
631 307 36
190 858 22
700 434 70
300 24 17
434 201 17
121 205 31
259 639 90
503 312 37
782 702 47
459 726 98
752 999 101
161 302 36
894 340 84
245 177 81
31 267 86
701 428 24
742 848 97
371 622 5
412 225 3
848 631 36
448 69 62
736 831 72
234 830 91
649 994 15
823 655 64
974 550 49
298 457 51
181 420 73
167 87 83
756 345 52
132 795 7
855 626 1
710 737 52
259 694 99
615 25 14
282 386 12
108 333 88
100 305 101
678 395 24
733 991 12
189 32 22
224 820 29
719 565 54
790 462 48
387 646 70
540 476 81
938 783 55
340 127 83
465 387 21
816 649 13
724 344 36
508 829 23
371 345 49
779 95 19
82 134 87
904 213 79
799 896 21
336 450 95
128 346 4
809 235 91
151 218 78
875 74 96
861 575 26
673 657 62
879 709 86
380 879 47
347 53 34
915 483 68
607 10 3
139 623 1
217 450 30
945 215 96
132 233 54
170 990 6
676 573 61
575 865 20
428 766 16
911 870 91
804 258 83
56 934 62
969 183 60
54 417 95
461 111 7
161 149 46
787 110 78
978 429 31
917 257 60
771 881 25
703 225 67
460 190 99
306 933 3
223 134 82
221 370 12
108 438 75
87 51 56
206 625 89
557 13 74
418 399 54
154 749 27
311 828 93
270 252 53
292 303 81
246 489 92
645 631 50
809 353 31
202 250 82
148 189 15
588 261 9
406 625 10
604 182 30
65 486 63
986 526 89
302 768 86
519 207 21
64 520 28
38 783 2
50 325 99
740 151 48
368 306 23
537 71 19
689 202 86
627 532 14
37 194 95
205 74 93
480 782 11
974 515 31
487 76 46
556 79 3
38 108 21
819 565 100
828 126 35
10 784 91
871 799 14
932 904 28
135 416 17
852 812 45
74 582 14
535 812 12
814 349 31
487 365 7
40 492 31
526 162 88
826 674 77
686 75 5
250 121 80
760 252 101
196 229 99
645 594 18
87 279 14
254 667 98
814 679 38
19 204 71
747 763 101
433 633 33
996 747 35
155 201 100
26 901 24
747 278 47
47 854 8
791 708 55
419 209 81
681 642 64
270 100 3
110 297 84
283 207 20
361 531 66
214 374 84
782 622 95
410 681 60
727 734 70
792 282 38
821 783 20
684 226 82
796 193 88
200 834 25
487 456 60
594 795 35
368 158 26
497 452 14
443 973 21
964 873 17
217 625 59
66 640 16
970 793 38
704 354 49
769 809 51
752 581 74
186 181 30
799 561 99
469 490 85
769 311 44
716 157 46
652 443 100
554 43 71
647 162 29
287 877 39
61 988 51
813 349 42
67 796 85
850 786 35
348 408 64
794 756 62
998 926 87
212 896 101
248 298 78
438 686 8
564 469 86
331 274 19
219 826 88
27 899 7
82 164 15
33 392 48
911 135 76
741 342 63
220 313 27
644 805 80
629 118 95
724 915 32
406 332 51
568 926 57
141 63 90
598 337 38
810 746 53
575 589 19
709 849 29
682 641 17
506 905 99
290 489 38
394 594 67
135 618 14
891 829 64
1 421 55
629 760 43
678 470 66
876 108 19
8 64 25
49 838 57
408 349 101
587 59 32
366 465 18
882 190 76
97 412 41
832 334 36
749 721 47
535 663 1
213 822 34
872 504 30
825 232 51
831 814 66
91 524 20
171 87 85
217 679 44
916 380 19
238 98 49
217 128 26
564 544 57
115 921 68
747 390 25
720 448 2
92 409 27
999 253 49
685 843 30
488 56 100
759 40 85
486 830 54
568 668 58
598 866 3
428 584 74
484 75 18
311 680 37
291 892 48
526 609 87
280 396 67
843 709 82
75 300 33
212 48 27
291 290 97
929 810 41
154 32 80
556 202 11
419 358 72
531 795 33
271 746 66
948 56 81
124 859 62
671 139 16
639 620 91
542 528 90
728 381 40
814 171 94
712 224 58
183 381 11
464 243 3
310 850 43
285 304 64
446 912 79
613 688 98
105 581 53
244 131 25
485 127 41
546 47 48
694 238 3
116 796 58
121 673 91
152 21 10
128 184 44
88 220 99
469 375 36
896 874 17
186 522 40
746 214 12
818 965 55
273 680 42
616 67 16
761 321 81
514 145 48
520 42 87
797 167 31
332 146 19
751 756 20
967 179 11
564 54 6
35 471 55
751 494 41
261 931 61
727 459 27
259 27 87
881 981 51
60 520 53
808 543 39
468 764 72
568 963 76
730 846 6
28 92 90
808 860 69
879 358 76
205 33 2
797 881 9
881 399 13
503 221 8
853 8 12
334 38 14
842 97 88
904 395 99
38 712 32
11 779 36
981 900 63
38 915 53
973 863 79
57 958 31
478 780 6
770 982 20
94 879 39
504 944 11
530 806 51
653 949 63
137 771 3
62 927 34
647 737 93
985 943 43
377 591 40
591 569 29
875 320 80
827 86 36
858 568 85
417 836 87
785 275 59
360 115 62
742 720 28
905 754 68
320 445 42
908 41 47
755 970 56
740 670 27
857 188 73
168 813 50
363 824 67
806 905 78
56 619 38
121 251 8
637 527 38
874 221 14
456 759 98
221 967 42
235 46 12
477 310 8
707 962 41
173 810 36
514 698 29
42 793 10
706 104 96
820 875 66
39 368 88
850 900 15
920 915 85
529 734 82
61 848 86
513 263 30
876 361 101
21 205 100
735 915 52
647 691 91
178 991 36
787 201 13
182 696 85
328 152 65
351 5 21
571 781 53
723 442 47
373 472 76
974 589 89
620 309 98
198 770 76
667 736 99
983 938 24
87 347 94
331 252 68
743 622 52
474 966 21
1000 771 35
459 829 53
833 622 60
299 308 11
181 131 56
922 198 91
808 751 71
788 907 10
173 673 55
487 459 26
726 74 66
572 57 5
397 270 52
634 617 66
909 652 84
223 18 73
834 598 71
286 35 15
984 537 93
186 984 12
837 748 51
70 200 24
588 893 19
328 682 41
574 581 101
473 747 9
215 268 72
75 442 11
798 195 82
88 293 35
513 230 30
379 538 26
401 574 3
951 157 53
752 469 92
562 597 52
885 107 19
293 79 14
560 740 40
68 256 3
544 427 7
418 82 86
464 368 57
952 719 43
947 630 95
836 781 82
436 127 24
199 663 39
252 82 67
456 635 41
994 138 68
813 670 56
122 432 41
446 121 20
216 375 9
196 502 75
104 574 86
792 115 73
16 995 70
480 793 65
751 958 88
806 754 64
855 856 17
460 364 87
529 36 4
253 172 37
748 865 96
985 568 57
510 253 60
160 823 32
424 820 69
191 61 75
695 942 82
362 107 96
348 899 19
838 802 41
939 494 4
320 344 35
197 271 70
490 294 66
951 471 63
706 431 82
329 922 1
297 400 39
304 934 77
352 396 26
39 123 65
409 777 39
904 693 5
16 322 1
960 655 99
774 652 12
261 276 70
861 721 31
698 697 94
165 25 44
206 773 78
310 4 86
110 637 60
687 815 33
4 382 35
831 325 5
674 380 47
97 52 2
966 847 19
626 206 85
706 163 43
150 988 10
603 782 96
853 112 68
780 277 13
659 352 50
196 516 70
646 501 92
151 303 45
54 734 86
284 350 15
577 723 46
890 211 69
267 394 11
464 365 49
498 570 36
116 460 8
68 259 9
346 434 81
60 106 5
659 447 45
952 358 1
691 33 15
855 638 79
583 571 45
312 980 46
398 587 14
212 896 37
855 605 81
771 774 62
711 114 11
662 975 67
244 28 72
646 829 43
677 281 66
196 866 88
412 733 60
594 492 13
507 178 8
112 289 68
622 726 5
519 652 48
474 660 34
436 926 90
455 814 97
816 661 80
567 147 2
754 931 23
51 96 74
212 927 26
577 938 28
994 362 16
56 95 80
173 411 75
262 745 80
6 150 90
464 178 4
651 783 34
138 716 91
509 290 80
669 315 73
830 138 23
87 474 41
659 674 83
945 677 10
100 393 61
144 446 77
219 181 28
967 229 8
753 827 96
190 783 84
900 375 58
217 550 20
608 596 44
251 434 48
424 911 76
599 1 30
778 235 97
997 7 22
287 980 76
105 727 61
684 631 31
613 62 27
370 45 43
510 532 91
675 858 58
310 427 57
357 530 54
839 300 23
736 580 59
469 324 56
500 994 26
892 695 42
893 3 73
671 214 2
172 927 34
380 610 86
854 408 23
464 546 35
126 369 17
484 260 64
496 10 42
325 626 70
671 772 69
156 262 51
297 436 74
137 831 62
279 814 38
503 257 57
211 477 60
356 89 54
674 457 56
616 421 34
671 586 40
944 444 31
63 1 47
135 575 61
469 163 29
282 474 55
118 147 5
858 889 38
964 117 41
477 382 73
664 702 54
976 374 91
160 580 73
566 404 47
974 682 41
724 862 97
635 40 67
519 217 10
330 116 5
534 685 30
292 145 56
208 668 39
69 178 33
695 732 42
680 648 62
536 23 9
930 64 21
729 585 94
564 393 99
485 960 16
756 268 73
475 845 45
778 889 21
698 436 6
21 306 15
664 810 62
204 273 13
881 846 37
788 525 37
276 894 1
618 730 70
56 835 57
76 220 89
246 220 38
197 486 76
606 94 76
367 297 87
468 644 51
755 355 82
747 382 22
885 589 95
255 48 95
502 462 10
884 674 32
571 954 67
390 391 28
986 792 41
512 800 94
233 510 31
481 504 58
966 140 101
847 460 45
623 939 90
574 564 48
608 697 36
257 17 91
920 933 38
794 144 68
588 390 101
251 607 18
262 464 31
212 63 99
985 842 57
405 910 58
334 998 10
693 399 8
382 413 36
743 543 35
343 547 59
218 21 31
704 815 23
775 196 72
933 775 5
642 315 77
618 114 74
769 844 47
606 345 24
224 975 92
138 82 8
956 344 52
769 356 43
755 67 47
243 782 20
166 74 26
359 617 53
914 25 46
327 746 93
270 996 100
966 772 18
911 644 66
814 484 93
181 564 86
215 598 21
273 52 95
559 915 78
319 6 47
700 778 4
30 599 26
12 891 62
736 647 79
548 175 19
667 658 39
722 555 40
380 647 71
630 902 94
825 943 86
562 419 36
267 850 49
583 40 71
870 570 26
353 111 57
609 725 97
461 480 12
104 997 93
128 870 53
982 875 101
895 352 84
906 494 60
12 966 35
689 560 101
88 776 13
989 739 35
858 448 8
297 763 8
186 854 7
8 840 88
790 96 66
310 301 42
101 886 68
961 382 77
147 419 85
265 3 101
948 180 86
675 425 57
364 997 42
197 787 37
928 843 88
639 710 36
954 493 79
111 912 35
754 262 66
439 7 75
868 639 60
286 680 33
23 751 96
328 35 70
427 728 12
209 901 1
230 12 12
784 995 91
676 642 58
40 250 32
374 434 64
128 323 22
861 749 6
1000 113 20
189 696 69
493 854 97
669 904 35
450 653 100
403 940 82
167 64 16
428 937 27
816 792 66
313 980 88
464 979 25
849 950 31
823 256 93
273 652 33
504 157 13
980 407 33
227 203 44
302 755 5
828 267 43
944 522 12
608 4 8
10 640 43
240 879 56
616 718 78
708 475 59
684 677 66
510 246 36
827 181 18
458 790 59
442 78 29
924 686 85
690 389 34
964 546 58
163 69 64
743 810 86
947 204 85
693 975 79
41 679 97
175 589 26
984 198 81
854 836 48
841 185 39
281 342 53
626 160 70
673 410 15
167 948 40
160 410 96
3 995 42
938 285 71
948 48 61
216 376 40
399 321 48
681 505 65
593 342 74
398 967 62
494 54 84
564 216 84
364 469 85
279 464 56
572 427 10
131 751 36
167 195 41
940 13 22
576 949 82
434 172 81
679 972 15
367 929 44
855 938 52
687 131 61
945 589 61
907 691 48
57 124 24
138 635 71
6 469 87
653 501 94
992 672 42
531 487 2
59 56 32
889 746 87
435 872 75
652 549 51
177 317 78
442 753 28
193 972 83
459 422 85
220 606 58
354 911 75
948 270 18
645 997 88
625 540 13
971 197 41
300 1000 80
457 979 89
276 63 96
568 695 59
100 370 3
212 975 65
167 845 39
242 968 72
893 894 34
371 157 75
954 51 38
527 606 97
521 552 36
292 884 27
183 927 76
830 43 8
685 441 27
312 158 25
932 666 92
27 97 69
196 3 10
674 294 84
150 791 78
343 217 77
112 456 60
646 817 31
568 722 101
624 640 91
487 259 26
231 248 68
267 687 4
2 104 101
905 111 74
237 7 56
815 250 16
41 87 70
473 103 44
198 569 39
96 280 72
88 89 55
310 64 15
679 755 71
386 354 36
847 801 100
510 584 30
249 50 10
767 266 3
795 708 32
644 412 39
752 961 52
755 148 32
62 303 20
152 253 59
722 66 95
981 223 13
396 193 80
651 897 84
244 969 58
644 689 49
127 566 77
728 978 70
840 991 56
730 31 100
300 601 7
228 349 16
996 89 39
41 579 60
869 349 86
858 59 93
135 443 97
187 416 20
913 114 87
856 752 19
703 276 37
235 142 46
328 776 53
325 216 36
679 526 90
795 933 34
124 436 92
849 231 90
705 474 3
446 385 8
565 301 64
453 638 3
213 221 88
875 310 38
763 414 76
519 486 58
653 635 21
861 819 32
434 79 48
962 465 25
749 563 88
267 554 49
846 751 78
689 100 94
454 150 40
791 192 37
813 94 98
122 201 22
967 723 74
791 835 53
833 500 54
65 499 1
77 145 12
344 26 63
18 845 61
30 158 58
334 136 69
140 404 20
729 306 47
683 440 12
653 677 7
82 921 26
509 842 8
178 152 68
147 705 6
891 332 28
941 813 72
403 448 90
545 781 16
807 421 35
669 654 6
642 361 25
928 555 28
788 438 94
780 282 55
381 874 100
387 132 98
719 691 80
327 86 46
440 737 44
598 378 26
358 532 100
172 886 15
38 756 46
740 700 53
47 170 44
546 193 50
803 350 48
481 456 6
933 901 83
997 733 94
212 778 88
553 675 93
751 982 45
718 746 78
58 616 5
136 824 89
605 202 1
952 18 47
281 906 53
538 937 21
873 923 67
103 93 93
786 236 67
627 907 66
790 733 80
720 844 50
931 478 6
36 384 62
910 506 81
774 439 58
175 210 92
297 963 75
524 782 76
767 622 13
620 469 26
520 720 27
330 656 75
589 419 47
524 735 14
750 117 69
123 748 55
77 852 41
40 470 10
793 186 31
33 359 41
17 171 82
518 215 87
110 918 49
568 879 80
78 898 66
83 520 94
186 378 60
273 900 94
101 341 86
162 220 76
587 923 96
296 275 8
857 43 71
392 968 101
802 281 75
186 939 77
989 456 59
828 36 86
115 549 34
852 550 35
906 579 19
107 748 11
256 843 91
380 680 67
795 393 29
272 888 30
630 378 69
811 935 73
545 266 74
593 745 28
180 685 73
990 514 89
37 465 99
263 408 18
112 564 11
249 635 52
424 595 99
762 433 87
935 206 46
934 215 10
180 581 98
290 883 75
496 738 74
708 206 20
278 566 70
503 583 101
623 945 18
762 575 89
878 339 48
658 842 33
819 715 64
79 576 40
775 578 38
375 410 36
635 813 74
894 222 82
305 783 84
738 45 34
759 19 17
625 685 89
418 113 57
615 991 61
553 324 64
169 828 26
336 757 30
703 611 41
210 702 60
45 515 84
986 33 81
426 870 3
664 386 51
869 256 39
627 85 92
457 630 49
587 871 39
306 521 16
673 163 68
893 193 92
103 604 86
474 835 27
562 317 88
650 933 36
473 350 34
945 437 3
1000 24 71
58 383 61
220 92 24
833 110 46
608 742 85
141 58 3
284 223 45
969 457 20
29 922 47
514 280 56
849 475 60
332 444 73
442 597 93
662 245 17
337 274 15
405 119 35
828 786 21
999 793 26
466 762 36
813 846 5
219 759 48
425 220 9
497 100 10
510 659 36
597 36 75
168 592 26
368 893 50
620 992 79
971 70 88
539 966 43
117 776 11
879 197 49
391 663 69
484 69 74
42 379 78
52 455 64
930 784 78
553 521 7
192 499 30
200 832 93
703 857 16
733 427 55
248 895 89
952 91 42
876 723 85
967 909 48
599 173 25
929 782 9
213 42 11
590 561 5
285 596 11
277 274 62
336 734 1
409 518 74
494 195 32
182 813 16
148 849 26
996 532 9
115 758 84
156 516 62
30 608 11
934 659 22
820 720 46
570 840 63
499 620 3
232 933 95
363 350 28
28 855 10
657 734 25
96 327 3
90 406 46
720 801 75
962 594 83
996 47 88
967 945 65
901 268 81
176 201 81
553 200 23
133 639 57
790 426 61
424 30 96
406 47 85
131 811 91
610 933 29
219 838 78
490 507 64
60 623 79
660 17 64
256 926 7
768 823 30
280 808 96
929 278 41
735 924 101
551 943 21
71 448 31
82 455 45
257 702 80
851 156 71
13 828 94
844 946 42
70 687 53
894 990 21
930 547 84
314 596 37
753 274 61
602 933 82
434 530 22
460 110 76
466 671 78
206 384 70
612 307 66
991 49 37
131 32 53
821 227 65
816 274 56
195 777 44
979 106 88
427 923 5
43 559 75
506 736 3
834 360 38
488 660 39
103 249 16
333 434 21
62 44 7
417 90 99
409 318 43
785 461 68
1000 928 71
208 590 60
772 737 86
845 521 87
420 765 46
217 331 7
749 694 23
347 430 73
516 311 62
189 922 72
80 96 2
749 969 51
687 110 2
896 631 39
787 593 92
522 79 69
839 626 13
648 599 97
211 768 68
353 694 13
384 154 41
869 875 45
517 823 85
107 437 89
705 523 99
755 73 89
738 287 24
727 886 36
620 758 76
678 297 58
252 170 59
355 596 91
38 166 54
217 848 15
919 39 3
216 771 25
587 486 37
250 408 50
671 889 67
202 833 5
940 542 3
31 403 17
480 517 13
91 965 61
524 206 23
146 96 20
511 840 48
484 788 51
787 755 13
25 169 36
7 849 14
301 982 63
710 847 18
96 184 6
785 348 6
372 481 43
430 878 70
235 705 24
539 806 91
76 959 59
232 539 97
584 167 78
500 323 87
611 586 14
487 453 4
629 913 49
961 587 47
441 136 13
149 141 100
554 906 90
354 581 5
480 835 4
912 18 23
154 59 30
668 935 79
786 272 16
103 77 100
540 774 19
653 390 63
626 511 2
713 196 52
475 519 37
345 745 86
415 338 101
762 589 97
592 92 85
895 978 63
672 961 28
285 414 6
616 855 16
660 850 2
415 777 75
202 469 61
202 457 79
431 676 11
660 608 89
1000 234 26
606 143 2
457 903 78
502 648 76
558 845 26
563 38 25
187 807 5
775 202 33
380 285 11
562 221 4
407 883 91
2 975 45
189 472 47
243 446 64
460 214 51
546 937 56
615 292 47
513 347 36
459 33 44
415 397 25
522 95 52
656 124 53
50 553 4
890 784 96
231 125 20
473 585 68
289 282 31
290 41 97
642 675 73
568 888 36
186 982 76
614 657 58
737 66 91
215 222 81
387 743 37
445 51 46
102 157 60
167 161 50
734 689 16
661 921 35
853 668 30
987 152 9
65 851 100
189 235 85
588 575 18
716 569 46
484 178 47
262 3 73
798 97 97
52 81 49
625 302 3
936 712 30
188 425 96
33 569 44
332 485 98
977 579 20
21 400 82
876 723 7
222 196 78
94 572 73
622 307 68
38 700 24
333 652 34
93 284 69
901 248 27
916 295 49
767 855 52
684 137 43
870 331 23
738 830 20
183 781 12
201 401 23
733 509 2
151 372 23
994 154 18
259 317 77
714 39 74
332 377 81
45 588 74
377 719 61
933 422 40
586 420 77
715 717 68
246 549 32
406 352 84
35 23 82
239 997 17
67 915 98
250 787 13
97 536 57
422 921 27
613 111 71
304 853 17
655 905 23
286 2 55
594 484 7
154 914 75
88 802 47
319 935 26
404 685 99
312 649 17
9 355 7
692 324 12
601 657 13
978 499 62
460 638 33
994 249 51
790 82 51
355 405 21
964 789 97
951 987 95
591 753 49
202 721 80
353 645 87
632 300 1
393 187 87
635 663 76
148 289 32
288 880 85
623 793 41
246 704 45
157 485 16
348 55 31
363 584 97
364 520 56
976 901 44
518 586 83
637 46 69
412 332 55
69 346 46
809 528 38
373 953 33
403 127 83
298 958 92
454 392 59
886 117 17
277 217 55
168 637 59
447 953 24
673 241 63
210 453 75
956 562 46
227 273 21
988 789 84
65 231 20
484 94 60
12 710 49
669 173 73
868 464 96
798 102 43
985 432 86
185 147 49
945 259 91
333 763 90
220 612 94
974 270 37
533 968 66
541 808 58
688 262 33
258 185 19
790 87 66
336 683 45
1000 307 35
73 260 47
268 768 16
56 122 57
134 812 4
675 866 46
931 66 98
486 296 3
71 712 4
645 178 20
759 7 21
937 598 82
778 944 51
553 956 72
65 752 82
447 893 12
131 388 50
635 305 91
263 562 19
107 974 56
700 102 86
126 232 37
691 13 49
366 491 75
665 67 42
828 582 5
682 933 30
6 636 32
336 809 58
871 316 74
995 230 20
678 373 69
335 467 58
295 286 85
945 350 73
370 267 56
579 204 37
234 582 48
159 734 49
771 848 63
274 765 34
596 631 52
604 674 58
777 493 76
470 530 90
795 795 2
506 857 65
47 951 17
183 528 73
268 685 100
87 223 13
794 246 85
794 663 35
454 905 8
338 909 56
755 933 10
936 258 85
658 289 17
380 611 70
291 961 7
702 176 3
611 559 27
991 766 70
464 334 95
936 70 86
740 494 59
269 47 77
670 962 3
919 836 49
406 3 55
664 724 30
443 621 47
16 881 2
633 931 30
839 622 10
715 977 28
988 506 51
8 223 15
439 96 33
627 678 89
988 187 30
618 191 86
304 929 46
624 69 50
285 863 46
942 389 82
340 404 36
217 457 56
561 141 31
533 247 43
238 845 53
241 17 67
59 905 71
751 288 49
199 96 58
423 128 92
152 232 62
516 157 45
656 801 95
124 698 83
832 794 40
620 915 101
60 338 2
54 894 91
530 144 99
776 302 50
909 442 35
641 234 61
272 11 35
988 446 95
234 357 85
178 679 92
824 252 90
165 133 38
732 596 14
17 91 41
577 41 8
701 634 75
440 302 88
203 788 38
896 387 93
59 632 94
451 282 31
673 271 53
95 953 21
382 15 68
936 234 80
203 1000 39
856 714 45
486 862 60
191 345 67
890 698 83
859 298 39
847 813 70
835 960 5
170 797 66
226 559 29
210 315 10
629 915 78
311 149 15
818 803 83
743 501 58
328 321 57
893 644 6
541 789 5
404 737 86
945 541 20
726 612 99
673 186 58
469 781 59
967 418 61
715 30 55
263 960 56
998 12 65
770 443 59
509 5 47
592 940 77
300 491 27
854 609 24
264 113 42
529 312 65
427 542 58
472 619 16
16 201 73
786 72 81
432 869 98
792 991 14
764 179 47
659 586 74
161 38 42
18 633 36
378 606 97
399 528 4
116 66 1
700 408 10
880 320 1
261 64 27
419 174 52
376 577 77
971 209 77
670 720 41
766 25 42
578 766 65
905 538 13
427 257 94
168 407 28
87 401 83
487 234 77
558 844 83
462 139 19
150 781 85
97 186 7
364 4 58
992 440 48
637 559 101
435 783 47
92 448 87
291 404 46
326 898 47
109 577 93
614 614 65
972 933 21
94 497 90
299 940 10
260 846 71
367 472 12
479 522 66
909 389 95
930 776 63
909 491 68
664 212 47
640 999 14
128 331 41
265 959 74
726 948 67
602 368 97
577 536 23
302 712 51
365 106 29
859 980 84
678 281 65
566 545 100
921 531 37
306 449 101
422 590 50
166 432 98
740 869 101
543 903 14
161 725 58
809 154 17
583 843 51
137 283 84
548 35 57
659 308 40
349 920 98
519 652 32
47 398 59
244 416 46
337 199 47
994 275 33
732 546 59
637 955 5
248 99 93
899 619 83
740 638 33
657 691 71
978 96 85
790 937 42
387 944 51
497 35 48
565 405 80
173 709 93
154 348 88
867 909 101
978 791 47
82 864 72
394 609 65
468 302 25
252 266 13
684 10 69
225 840 77
63 224 25
771 799 20
575 91 86
256 592 62
707 412 17
762 92 83
772 12 31
956 12 58
235 238 60
299 491 100
814 453 99
917 185 1
505 120 65
248 695 90
750 144 95
990 442 81
124 722 82
279 806 101
592 577 90
148 289 22
200 60 61
103 765 32
638 709 51
830 783 15
184 486 28
299 262 66
679 108 98
375 445 23
864 808 70
164 279 84
815 49 66
839 652 23
220 461 36
979 134 16
449 242 8
576 324 82
581 635 87
659 16 8
356 844 95
759 113 7
199 166 28
705 814 73
848 781 36
252 44 23
1000 875 49
78 176 50
155 511 54
731 907 45
346 227 8
439 795 43
379 82 78
50 41 67
536 56 50
622 43 11
783 933 83
180 417 36
743 683 28
931 618 16
10 913 96
723 837 80
544 193 38
823 800 21
398 933 93
5 264 21
14 759 88
182 521 78
319 706 4
617 318 50
873 216 91
711 765 80
974 722 57
782 645 8
466 623 49
558 201 52
275 497 3
123 622 58
290 605 52
867 612 4
349 216 88
14 326 77
48 535 89
451 763 68
341 711 60
867 649 1
844 708 32
153 921 1
105 352 55
194 627 20
14 397 67
213 4 62
618 514 97
897 468 76
806 808 35
211 866 31
997 922 51
97 605 24
823 847 83
435 61 36
820 875 95
452 639 53
16 882 62
817 975 66
868 756 60
141 411 48
796 480 25
686 2 51
913 621 21
70 587 98
524 296 15
418 861 44
975 580 28
471 421 52
340 240 22
998 554 49
226 119 13
812 720 74
208 225 29
756 606 55
314 898 5
678 516 96
280 481 28
467 874 97
532 940 36
179 784 53
197 645 17
621 408 13
335 595 52
687 186 66
671 659 2
392 511 90
179 715 51
990 990 70
943 376 80
492 926 47
416 378 26
282 795 12
331 192 40
850 261 14
831 419 15
949 920 92
534 356 51
326 331 91
818 996 67
781 272 97
776 73 14
462 128 40
642 555 6
499 255 58
754 781 89
255 110 51
170 922 5
356 171 78
114 475 65
128 868 82
957 569 40
846 699 67
805 143 45
758 983 13
96 782 80
624 314 13
366 973 49
190 697 82
278 521 5
810 69 68
593 389 75
72 377 28
906 400 21
152 766 12
629 266 51
188 414 20
726 953 92
339 673 70
76 724 23
27 976 73
840 171 69
596 846 58
351 715 80
658 901 39
6 871 57
242 658 6
1000 734 64
67 848 26
649 200 62
20 770 44
255 939 78
72 880 14
360 80 93
426 132 65
986 107 69
398 674 7
150 371 17
126 215 87
883 718 37
117 781 22
439 794 30
400 174 65
213 836 18
237 403 49
72 151 56
222 149 22
985 951 86
672 527 3
741 257 39
840 264 79
297 411 37
433 27 32
862 261 46
492 458 30
745 840 25
949 861 45
193 146 3
543 983 25
696 715 38
787 399 7
878 152 87
306 877 82
326 462 51
613 423 93
706 985 79
241 663 45
729 20 3
878 690 35
929 202 83
737 400 16
57 235 29
286 607 101
688 5 33
534 143 75
119 866 73
565 601 46
478 372 81
388 412 92
248 416 60
359 813 90
369 542 37
690 29 32
193 274 84
167 570 18
462 219 89
751 345 91
44 741 90
928 190 13
908 392 66
67 658 7
419 540 101
129 297 95
384 396 96
344 466 30
616 764 59
583 997 8
3 276 37
956 796 86
531 543 6
178 367 33
176 17 61
86 912 66
33 290 17
824 377 10
253 634 3
618 291 55
280 33 34
132 339 85
842 211 38
404 166 64
69 752 42
210 31 80
974 507 7
156 877 88
61 161 14
485 688 66
926 692 86
776 5 3
93 469 7
809 817 51
430 528 57
605 822 84
592 391 2
15 608 5
836 801 30
16 247 79
787 859 20
450 449 84
253 167 60
375 383 60
925 937 78
980 42 21
508 571 95
378 591 24
886 89 82
383 293 51
477 975 57
914 298 33
189 740 38
314 982 41
757 596 45
901 914 80
770 477 67
274 169 86
605 328 17
569 466 53
785 845 27
706 760 62
969 541 53
502 512 82
649 66 101
395 489 28
47 883 11
241 114 61
880 160 43
750 908 79
906 578 30
78 385 43
920 829 81
133 520 66
324 365 21
337 543 20
581 828 31
210 365 33
268 607 17
147 831 23
886 70 5
285 315 79
882 836 45
257 856 24
409 301 44
713 612 7
320 909 68
408 696 48
666 108 22
233 32 88
498 226 56
249 94 40
120 716 67
831 241 83
401 438 82
88 47 96
235 963 2
56 669 48
219 239 27
990 175 73
85 819 35
845 535 74
481 435 96
176 769 24
633 623 89
348 732 95
223 652 19
133 696 10
248 122 83
895 914 90
39 805 75
449 96 30
704 115 19
542 205 43
442 260 71
395 933 65
458 757 32
748 482 79
167 730 92
777 714 60
154 478 17
496 970 59
892 988 12
798 998 54
29 151 9
745 870 3
189 411 49
262 465 77
843 852 74
59 529 2
932 297 75
276 783 2
905 428 15
148 18 58
452 606 88
728 518 69
803 352 39
825 146 35
385 418 14
369 540 98
864 179 60
979 914 81
643 824 73
215 627 16
89 749 16
415 922 69
722 35 61
819 645 45
163 899 5
193 310 40
116 495 9
584 961 61
374 761 13
545 652 80
652 997 98
729 740 90
623 708 8
90 956 16
623 141 8
869 100 40
697 649 42
70 244 31
767 599 42
598 997 5
964 284 63
395 592 72
12 753 62
774 570 76
67 565 50
14 659 38
914 136 60
266 481 25
135 975 100
862 554 73
486 137 59
274 571 43
529 238 23
859 609 78
920 653 23
453 900 51
558 630 40
374 69 32
168 980 97
467 992 90
918 779 20
482 647 46
676 444 39
634 455 68
279 210 54
726 135 39
128 528 41
970 101 22
600 501 8
785 52 84
739 613 46
300 364 13
623 66 40
779 250 84
118 766 84
518 264 72
357 761 87
502 298 6
174 712 7
622 264 89
35 667 64
948 368 33
606 536 90
270 432 65
257 863 17
925 186 101
989 727 14
534 854 60
938 92 99
12 54 96
388 627 29
627 262 88
736 166 79
58 128 50
296 287 62
437 299 36
614 969 24
263 103 4
289 924 76
918 3 21
550 395 92
31 856 86
53 168 64
692 780 61
938 664 21
72 554 100
127 71 6
319 794 13
375 351 69
752 708 68
18 694 77
254 78 3
50 410 44
769 939 7
522 879 13
588 951 2
830 206 63
785 133 48
769 627 80
203 657 77
595 98 2
325 916 67
639 805 81
441 391 24
769 560 76
349 429 40
683 97 62
380 6 2
51 3 59
528 743 67
990 746 94
735 527 35
427 743 7
659 472 72
392 933 95
77 44 40
798 567 48
768 24 93
66 1000 100
4 644 74
889 237 97
979 589 98
518 751 92
517 433 90
501 251 64
360 464 98
192 165 63
674 708 46
488 727 3
511 199 87
639 573 8
887 464 17
870 281 11
321 438 16
779 160 95
834 416 46
75 735 71
666 467 77
758 266 96
367 707 52
705 134 7
355 378 39
414 116 88
861 313 3
435 395 9
437 695 34
214 66 12
336 581 25
467 492 78
961 215 4
124 588 101
373 723 74
591 825 37
420 775 47
452 215 84
719 386 47
665 476 13
855 684 8
798 303 101
375 136 71
66 860 60
664 507 69
214 497 32
973 645 92
489 329 11
184 5 44
316 967 62
907 877 11
386 603 54
485 810 28
259 719 47
402 634 93
714 897 86
870 574 52
932 944 95
196 156 51
220 419 21
544 866 76
185 919 19
453 646 86
595 471 28
642 964 16
658 251 39
226 131 51
639 883 80
875 126 4
257 830 7
250 949 22
602 320 42
932 767 79
218 690 63
458 336 18
206 130 13
584 508 13
408 247 46
420 860 7
524 270 45
241 32 88
678 498 51
94 289 15
331 56 19
477 884 48
354 956 57
681 262 93
426 511 32
392 427 42
152 353 60
619 233 64
250 628 63
963 380 9
574 163 35
9 69 58
318 399 11
684 49 83
630 894 47
282 87 64
731 680 72
646 316 22
549 629 84
965 940 96
236 635 6
650 368 10
537 633 60
215 8 26
666 482 68
603 124 28
788 290 6
504 110 85
287 928 35
954 587 54
644 945 62
354 506 79
108 477 70
862 76 10
979 1000 85
352 500 37
247 276 65
638 19 33
114 40 37
846 995 75
890 969 15
941 445 47
514 289 42
361 816 62
516 387 36
171 152 95
712 246 71
391 920 96
906 494 56
199 336 58
664 916 61
407 409 48
446 938 93
579 557 88
228 249 96
73 261 23
739 382 62
288 531 82
518 471 24
747 915 31
443 55 88
120 874 50
693 431 78
609 752 86
741 817 35
574 29 46
636 97 60
338 246 4
167 503 69
251 814 62
460 505 7
681 107 101
388 931 31
547 143 72
421 200 4
65 303 19
113 938 50
222 762 43
639 596 88
933 710 89
103 654 35
256 790 58
505 502 19
724 354 68
584 856 25
866 340 8
89 519 41
43 854 97
197 535 77
198 448 86
15 20 16
853 275 71
730 982 23
789 240 91
19 258 91
790 240 100
785 532 30
922 114 49
848 404 19
675 47 46
548 607 97
759 538 18
342 893 67
179 17 2
24 592 74
689 909 61
681 459 17
606 800 85
933 664 58
234 110 97
219 385 10
675 16 40
254 444 92
744 814 66
572 715 28
212 594 16
949 651 81
819 85 39
306 591 74
14 916 44
514 74 46
298 479 69
126 389 74
825 948 51
446 662 58
331 372 9
616 924 60
649 62 8
806 638 88
3 401 92
554 907 99
813 232 78
418 475 78
75 431 16
399 737 77
748 512 100
104 100 51
670 703 9
69 936 68
372 800 76
853 424 33
134 753 98
998 749 15
408 56 20
219 994 95
203 252 74
706 551 5
121 395 17
177 756 48
909 567 76
79 776 17
863 639 89
959 352 8
62 928 27
511 338 17
807 936 78
432 110 69
755 397 95
622 887 64
780 881 41
608 6 49
752 345 26
272 238 42
8 435 89
476 605 80
186 775 96
358 469 59
232 148 78
107 316 54
641 907 95
136 54 44
696 354 45
742 595 26
38 640 5
607 985 20
215 836 27
473 373 66
157 468 10
764 217 3
296 330 84
398 709 36
513 418 28
900 361 5
10 574 8
236 168 47
575 355 79
83 647 46
227 262 64
926 112 45
473 272 71
147 56 87
621 436 4
447 812 26
384 754 62
371 1 25
367 492 92
420 311 41
501 119 19
561 925 31
783 915 14
854 372 71
970 833 74
218 103 1
743 469 64
354 153 97
822 728 80
838 447 79
587 433 19
564 864 22
383 718 74
791 785 78
399 144 17
495 559 98
233 453 93
232 575 58
135 569 28
604 447 5
991 38 5
406 461 83
775 389 93
665 174 97
476 567 86
42 558 72
750 838 16
632 657 95
783 76 92
552 469 43
871 727 40
398 336 88
395 309 31
916 570 32
97 714 71
758 676 57
252 696 21
744 492 18
691 679 53
278 45 26
297 20 30
410 870 11
11 453 67
543 958 68
704 851 83
486 412 34
286 316 19
13 979 92
34 986 19
664 659 86
37 757 21
465 547 1
421 625 66
668 366 99
728 790 33
399 690 39
89 51 87
322 62 97
930 716 24
696 641 93
242 669 3
482 125 56
669 754 55
368 124 50
555 32 64
643 187 69
670 875 15
86 962 14
936 262 77
345 59 11
860 539 19
58 949 33
987 893 88
133 688 97
380 190 58
55 715 9
314 847 68
990 790 86
107 430 15
2 927 81
756 944 41
782 996 6
94 520 95
210 238 68
476 344 21
41 798 13
499 372 13
460 750 20
622 353 58
319 873 12
691 610 17
842 1000 29
252 463 100
930 816 14
323 929 6
12 905 96
782 721 67
550 135 63
594 295 62
147 824 90
867 674 23
108 263 42
707 525 30
743 455 9
118 1 22
632 233 78
714 668 28
613 260 49
98 395 1
302 312 92
908 434 60
764 214 32
454 725 47
702 775 94
798 127 46
739 564 35
964 950 26
212 538 26
708 503 45
418 695 66
3 644 81
441 489 34
11 299 59
754 914 39
917 293 44
76 874 33
736 497 101
271 493 79
341 949 96
859 316 68
600 377 85
245 342 31
515 635 10
92 555 65
793 23 43
453 834 42
497 348 85
692 997 81
571 142 68
309 149 38
94 312 77
307 425 60
279 125 88
693 938 98
998 535 20
114 585 1
891 725 14
258 319 27
101 182 23
992 551 67
647 369 67
331 357 26
694 617 10
734 700 69
598 219 13
377 984 73
974 820 54
645 617 24
450 328 76
384 713 63
43 890 70
336 595 70
121 245 40
651 916 69
105 215 43
667 940 76
226 559 44
564 669 84
677 813 66
372 210 87
379 543 37
707 211 44
312 197 15
505 860 31
902 231 3
714 587 72
805 424 25
572 420 48
71 243 12
55 428 58
772 349 23
148 491 8
162 818 82
37 573 66
217 853 4
176 844 94
860 819 41
62 121 100
935 443 42
338 940 31
148 977 38
83 98 43
391 699 61
673 702 3
255 195 29
928 750 27
313 630 80
77 342 35
802 838 44
583 187 69
344 77 35
849 968 68
162 857 80
399 378 38
949 809 68
380 704 20
126 238 20
166 665 43
798 634 65
58 228 38
354 796 98
148 499 25
224 592 83
246 890 57
487 214 16
774 682 67
920 762 46
672 365 69
768 74 18
493 604 95
388 567 42
477 103 85
610 545 40
208 264 46
150 687 30
491 600 70
227 465 42
973 666 16
375 830 10
165 446 4
131 768 100
946 120 82
521 851 6
6 693 82
209 569 91
123 69 95
764 216 81
95 386 38
701 11 97
783 173 21
708 709 55
305 892 73
937 89 62
430 418 93
319 880 70
95 685 47
713 971 74
368 622 28
197 745 47
120 976 68
499 54 32
634 543 3
267 319 35
161 970 7
301 696 91
311 618 91
734 818 79
101 661 2
66 612 89
370 867 28
594 747 20
749 866 95
127 930 69
233 752 87
745 438 18
410 257 98
913 967 50
124 795 82
520 198 66
818 926 62
316 226 17
999 166 37
575 97 73
227 305 68
967 580 34
495 400 24
835 55 90
85 325 17
103 825 49
518 229 90
879 631 74
684 795 93
127 268 41
456 110 68
2 619 101
539 777 7
450 321 39
119 711 22
52 121 48
448 713 2
990 73 86
72 634 55
584 963 56
335 648 1
764 763 56
42 142 93
849 261 60
358 513 50
137 284 42
904 863 75
24 949 76
560 236 26
65 547 48
195 488 2
227 721 75
445 637 55
961 856 38
713 342 54
416 825 23
332 645 52
775 375 94
71 75 40
580 176 18
240 189 44
999 368 30
169 674 65
257 856 27
88 267 86
303 983 60
930 973 1
323 345 63
796 921 99
89 213 37
733 256 37
446 204 49
327 56 7
52 337 36
424 282 13
794 425 101
954 722 82
175 824 89
377 686 86
76 42 39
766 43 54
579 685 42
14 755 54
808 81 70
252 276 90
898 12 86
324 67 97
331 625 28
947 554 2
376 944 12
939 160 18
470 114 75
627 982 87
169 260 59
931 108 58
409 51 38
359 872 64
717 177 36
861 444 9
414 630 48
287 806 66
860 398 98
891 124 78
854 107 29
929 602 58
402 122 58
26 100 78
207 902 68
19 62 99
118 324 87
268 410 13
756 529 13
747 939 38
9 512 73
968 635 93
327 56 22
1 21 46
515 495 91
655 883 90
700 80 28
66 54 37
289 815 10
918 357 39
930 490 48
641 904 95
407 991 78
647 689 98
931 263 64
87 402 74
792 208 66
783 558 59
385 919 18
584 709 22
681 407 81
22 629 82
235 488 79
717 895 70
699 666 93
571 935 90
515 602 60
364 74 83
345 120 61
451 367 97
480 150 53
836 736 39
31 894 51
381 136 60
95 216 68
941 148 8
982 24 91
381 880 72
62 741 8
19 895 21
57 541 18
342 418 29
12 151 78
32 704 8
634 750 3
855 510 61
832 920 33
795 675 30
246 253 63
120 530 55
114 769 27
917 651 6
572 990 93
328 637 87
66 638 67
977 824 90
679 114 52
959 152 93
627 37 82
52 375 101
778 109 40
945 336 93
382 300 47
622 783 97
760 491 79
975 132 62
813 348 6
191 109 52
433 613 41
122 302 28
629 197 35
713 486 63
818 508 79
841 253 45
251 875 92
466 250 17
938 217 85
594 681 25
762 764 70
643 202 53
596 779 20
614 572 55
882 772 21
929 791 9
425 901 48
800 796 10
2 637 66
373 741 52
158 591 88
461 423 79
880 59 57
88 444 67
576 47 8
509 891 78
12 565 90
161 546 51
523 635 59
631 822 69
874 713 24
435 452 41
516 918 71
14 901 51
852 811 79
116 557 29
776 937 9
329 56 98
462 317 71
510 953 78
237 457 27
525 966 91
75 33 20
934 228 99
406 972 93
148 261 78
752 168 4
640 487 10
33 925 18
761 553 11
854 903 78
377 136 32
440 52 8
290 972 77
590 651 48
172 179 77
910 898 19
486 497 76
764 343 60
513 726 82
462 963 14
352 982 48
24 214 31
347 447 36
764 884 69
201 93 30
568 930 19
660 456 14
927 756 2
902 553 87
558 761 19
667 519 1
668 819 11
242 660 54
65 21 12
411 556 31
411 88 86
997 315 20
226 657 26
988 100 10
699 681 34
322 900 10
494 533 68
1 441 43
700 650 9
317 929 100
186 580 3
735 683 26
232 895 8
577 473 13
749 755 98
120 37 25
670 799 28
458 552 13
446 312 95
301 421 30
816 858 72
397 943 92
294 535 32
657 207 62
656 858 48
800 273 75
56 175 78
112 961 17
488 479 84
416 602 7
987 510 73
675 376 47
405 870 93
197 881 20
192 156 17
918 360 44
50 308 42
67 34 33
864 920 93
418 736 12
638 908 45
595 880 45
320 520 88
6 842 30
134 732 96
686 331 47
674 628 19
823 913 6
890 311 57
365 953 27
881 79 76
30 783 85
657 884 83
671 189 87
805 46 54
604 619 34
858 849 77
388 687 88
395 958 14
864 559 14
233 35 81
342 492 38
588 156 7
570 172 96
776 832 51
513 281 63
689 137 43
156 502 77
954 997 76
663 317 85
805 68 6
328 951 75
940 983 20
701 931 22
999 768 20
764 852 45
198 144 47
1 825 20
940 779 22
197 335 43
480 104 52
83 799 55
703 603 92
405 340 66
738 726 9
963 376 46
512 506 27
281 674 27
270 184 50
111 336 7
352 471 7
871 398 62
614 186 83
385 775 96
392 335 39
741 540 49
182 388 50
50 838 56
884 682 94
6 159 76
801 165 70
724 798 68
79 445 42
54 501 41
416 443 10
761 239 78
495 592 101
323 661 87
671 824 7
388 814 43
368 810 17
907 975 95
860 519 33
392 150 40
313 631 55
902 631 20
408 678 55
338 599 68
314 484 56
179 933 90
438 724 91
423 190 9
28 632 11
262 198 57
194 335 32
19 388 13
955 773 60
779 272 24
690 822 46
789 592 42
633 394 52
750 237 18
563 953 7
866 346 65
481 215 47
156 981 56
695 795 33
196 269 85
805 703 15
601 598 36
483 371 98
219 784 46
593 899 33
91 160 16
99 829 70
955 231 26
566 568 74
945 88 38
128 531 29
795 969 15
408 574 44
32 506 10
142 50 28
245 896 47
448 109 38
216 175 9
474 56 26
513 771 63
664 321 66
574 500 87
184 661 84
884 587 65
857 679 10
166 951 51
483 610 14
938 465 22
198 476 98
819 451 37
674 352 40
682 594 68
335 621 22
768 554 3
136 578 18
681 931 65
125 328 72
514 65 24
394 246 80
752 41 99
566 422 54
120 257 80
620 146 56
951 4 83
187 896 61
539 96 101
912 936 11
429 289 42
739 880 52
135 143 84
460 515 17
507 595 33
999 414 25
963 111 98
422 805 10
969 533 101
822 721 24
665 500 11
157 920 11
771 617 94
434 48 26
17 433 30
997 704 94
70 515 5
958 24 78
521 603 77
230 606 67
90 337 77
548 81 24
349 538 83
457 676 62
868 424 93
45 137 94
735 440 71
554 340 66
811 156 21
693 638 16
865 405 11
139 540 41
235 860 14
161 34 99
492 345 49
150 222 40
787 645 44
61 116 63
155 32 47
445 302 86
602 94 34
400 873 51
311 658 59
925 712 87
766 219 77
931 155 65
338 816 54
272 434 87
897 282 79
475 931 97
61 574 28
321 181 28
366 711 58
100 963 69
357 801 91
893 278 21
213 827 4
964 275 86
227 127 72
963 295 67
110 902 53
468 755 97
254 519 59
982 129 2
515 697 28
718 20 27
736 538 77
170 357 30
798 237 61
504 133 2
483 42 69
632 340 70
666 128 5
74 501 30
407 894 70
126 671 95
898 901 78
594 984 91
365 931 65
651 914 37
145 252 23
720 385 76
338 172 19
273 451 60
965 363 93
568 460 87
923 981 4
754 825 77
231 560 67
915 109 8
569 460 64
569 700 47
316 74 92
277 654 21
584 219 65
944 123 46
174 495 29
321 300 21
281 804 11
95 710 5
804 86 11
248 250 27
571 869 59
638 684 84
247 463 47
43 458 100
890 770 71
318 124 22
315 824 64
189 85 97
170 195 63
527 996 58
264 586 75
899 389 68
579 187 36
720 975 93
726 35 61
162 42 96
186 554 29
642 190 73
967 764 29
748 235 86
77 73 51
971 745 9
203 451 58
900 117 8
750 301 75
349 691 37
793 699 29
332 838 75
450 136 32
562 656 76
853 144 72
281 5 81
566 702 23
615 833 21
585 494 2
301 604 97
858 573 26
997 802 12
384 547 27
915 697 84
919 568 26
503 684 72
519 622 90
292 703 76
169 999 7
955 876 76
455 491 90
306 60 38
368 797 47
634 711 95
615 735 17
993 658 91
775 293 93
670 635 45
846 372 88
85 569 61
744 933 54
37 484 3
657 730 53
644 7 23
546 636 21
808 844 11
273 903 101
699 691 68
61 640 15
789 264 10
170 75 32
627 130 31
319 328 37
41 817 14
514 739 79
691 972 40
888 553 1
995 50 1
357 768 27
858 546 36
783 169 62
443 442 58
182 836 98
684 170 65
103 514 54
307 718 25
647 392 67
193 811 16
695 519 55
898 626 52
158 126 19
304 135 73
754 741 38
178 444 50
191 163 14
637 262 26
480 329 59
17 42 48
905 252 76
475 296 31
518 405 8
4 150 1
175 327 47
480 195 30
745 704 29
465 496 48
133 568 98
171 315 101
276 795 80
804 586 61
976 725 41
704 913 40
561 124 40
53 13 59
105 604 82
271 559 12
396 410 49
814 211 64
539 964 12
619 861 27
145 828 100
333 135 84
452 973 72
305 730 93
763 642 33
218 519 76
690 465 52
139 168 42
457 558 4
190 503 10
931 518 5
539 309 42
229 818 100
118 538 9
948 478 57
779 37 86
359 98 18
970 97 10
165 29 10
227 509 56
342 374 73
347 350 45
399 800 26
958 852 85
548 337 46
667 409 76
415 735 34
478 537 76
132 864 57
201 204 85
267 805 34
758 711 51
914 678 67
498 877 101
132 777 49
909 187 1
954 905 51
622 493 97
28 550 93
273 810 56
119 594 75
214 394 75
832 312 95
728 503 11
39 380 56
209 888 93
720 909 53
755 107 63
35 561 34
270 674 93
810 852 54
602 263 31
688 55 29
744 337 97
948 945 3
289 483 43
775 384 33
153 568 25
932 153 8
847 613 7
606 815 62
929 76 11
6 62 101
281 804 85
11 397 38
462 71 42
954 390 28
194 90 54
57 190 63
536 65 14
928 771 89
180 914 61
619 502 47
926 572 31
628 740 63
13 803 25
248 691 48
720 556 44
532 265 7
590 325 53
32 626 77
947 105 56
152 460 22
336 829 48
625 945 56
817 43 94
886 484 88
250 986 2
986 919 65
346 678 66
551 32 81
888 262 56
740 964 90
781 176 39
331 540 66
144 636 17
47 878 62
837 935 38
978 134 37
743 873 21
385 74 85
883 232 87
650 221 52
43 590 37
355 65 14
609 533 40
704 659 64
821 14 94
554 950 2
255 587 18
694 120 50
94 367 3
542 508 41
913 166 73
998 16 85
460 909 47
386 890 43
524 436 38
467 260 3
492 694 60
142 376 63
277 915 88
735 526 46
93 654 45
668 216 8
716 151 61
726 357 78
221 95 8
61 210 5
341 985 100
612 764 69
351 108 37
869 971 24
363 429 6
361 108 84
357 949 20
372 309 24
128 473 41
273 343 88
937 996 26
817 351 39
97 216 73
770 754 56
275 103 15
441 171 85
451 101 40
60 331 5
957 820 45
651 881 40
654 98 39
497 113 24
216 884 89
262 349 84
44 629 48
644 800 1
409 551 35
952 60 58
792 549 47
537 42 52
967 478 60
561 189 80
231 794 26
663 407 84
74 806 22
410 680 52
641 192 39
618 808 62
235 805 11
187 503 4
325 204 82
143 449 13
346 378 19
91 177 98
693 306 55
631 498 74
381 446 74
981 658 18
536 93 64
155 604 66
457 181 16
355 182 28
227 779 25
73 52 63
379 473 26
681 80 55
962 502 42
817 378 17
910 846 15
878 215 13
394 530 99
726 728 16
601 235 67
686 96 88
80 301 38
129 468 24
870 490 17
258 852 44
594 126 101
610 674 53
250 590 65
220 166 59
26 973 72
363 349 48
299 907 61
1 854 41
8 808 52
343 999 21
745 46 68
824 881 87
787 470 60
409 529 89
611 774 76
583 577 1
373 18 23
792 410 6
476 175 45
372 169 27
797 828 49
267 139 46
327 89 63
221 19 99
512 234 65
215 913 33
248 490 14
325 843 88
381 67 59
863 997 30
573 678 61
712 153 22
748 603 100
185 771 7
278 557 80
452 750 42
234 420 8
783 785 61
777 541 28
869 800 100
6 695 90
711 988 75
529 323 76
179 488 62
872 233 72
715 588 9
223 128 39
316 843 19
545 755 22
99 764 58
128 623 61
658 194 82
350 260 95
929 956 89
562 355 83
976 831 14
619 997 100
799 974 89
677 381 64
80 22 56
476 234 101
862 513 63
274 309 98
496 68 70
48 310 83
477 603 54
356 66 20
421 640 61
903 493 78
85 951 86
17 659 56
288 849 51
994 596 101
91 425 65
667 763 71
494 599 2
923 698 98
545 83 13
774 885 42
560 42 46
559 884 19
803 625 92
445 165 90
118 129 92
7 525 84
571 392 93
776 70 77
400 125 35
891 386 101
794 899 31
809 417 53
307 444 64
257 672 61
203 118 95
267 85 38
679 239 83
202 681 44
788 293 45
793 38 34
493 767 69
969 629 53
468 343 91
868 583 27
912 104 78
456 549 70
255 292 53
83 701 37
618 638 50
59 290 56
668 252 47
157 763 85
702 981 15
561 228 47
103 57 10
33 361 83
390 542 10
933 28 40
3 892 80
362 606 53
858 724 47
93 980 65
952 592 40
205 186 10
118 38 53
863 405 18
134 878 55
928 217 86
986 444 94
221 936 68
894 857 51
352 513 6
955 403 35
294 673 96
963 526 74
577 837 83
339 249 63
962 699 36
63 353 63
278 618 65
674 615 63
363 203 4
929 726 15
187 405 18
546 610 80
953 566 12
768 502 79
244 799 10
450 340 19
852 247 37
46 276 76
343 126 77
216 70 99
678 389 79
738 520 34
490 533 86
385 995 40
264 681 45
830 695 23
77 172 84
35 454 3
931 152 96
709 734 70
892 743 51
784 695 43
978 522 5
435 945 48
874 801 6
609 317 52
545 445 62
440 523 95
446 242 85
422 956 51
752 438 72
467 603 47
804 200 101
889 275 43
366 241 62
780 499 57
200 303 26
367 530 32
448 466 60
465 280 96
896 683 68
840 613 15
298 98 68
348 35 60
649 427 6
123 830 73
601 754 41
678 740 5
545 803 30
468 847 80
146 388 87
600 353 82
13 337 35
909 644 74
48 218 37
492 843 71
469 411 47
569 409 98
353 643 87
201 112 100
100 854 72
978 965 80
497 839 99
206 452 98
897 791 98
613 309 73
315 596 42
144 142 53
44 408 52
796 84 88
803 886 89
289 5 79
349 763 2
494 90 62
346 469 50
12 776 45
635 212 5
548 551 37
850 535 6
669 981 84
834 981 87
270 159 25
226 697 54
535 382 4
726 942 24
132 908 2
770 684 15
333 121 68
764 766 34
212 721 36
578 617 32
449 125 79
430 536 61
551 945 5
811 735 75
945 874 37
816 45 19
245 163 79
462 352 57
294 193 4
772 939 50
94 614 10
309 226 35
182 451 46
927 793 93
194 531 39
282 425 21
280 795 47
238 611 46
952 720 39
516 143 58
966 28 89
357 871 55
888 677 68
278 288 45
139 950 31
386 956 7
296 740 35
104 424 89
129 288 87
161 167 39
88 452 69
948 566 12
678 898 78
812 170 47
841 417 96
288 612 32
473 15 1
252 524 30
776 118 54
229 764 97
235 996 11
355 515 58
120 908 36
994 901 76
910 159 38
500 61 54
101 699 74
289 270 75
976 405 22
171 835 14
953 164 17
5 592 26
949 906 16
408 802 12
897 143 93
761 618 48
628 594 20
755 445 57
140 338 82
817 763 95
345 27 7
96 597 38
187 912 18
501 387 73
675 673 61
346 423 51
111 426 83
563 121 41
376 543 14
222 773 22
339 158 99
831 552 12
602 670 91
243 991 86
936 115 86
878 992 75
741 104 66
233 726 89
427 832 71
93 198 18
600 538 43
107 252 34
232 577 85
664 629 82
175 159 70
779 438 43
151 853 63
474 399 20
733 192 33
915 801 45
159 983 44
366 195 78
737 44 95
132 869 74
140 540 22
977 517 94
396 288 57
864 554 68
73 161 74
791 282 16
520 529 88
616 854 73
285 836 72
486 648 26
821 177 96
988 834 82
644 817 73
506 874 83
873 592 82
884 234 19
354 756 24
804 586 69
777 390 54
954 793 8
308 296 16
22 897 23
639 292 5
379 664 19
815 836 27
566 877 60
982 664 21
368 887 41
526 753 82
977 430 26
953 340 63
753 268 86
875 85 101
473 90 74
118 110 51
307 133 32
98 167 81
556 771 100
1 196 53
837 334 1
628 436 34
121 131 76
492 567 50
788 13 83
605 52 23
378 90 83
63 163 47
648 922 94
216 114 33
414 579 89
838 920 29
783 3 18
149 264 2
599 174 33
409 430 14
131 495 85
692 93 37
204 42 76
556 49 73
312 111 91
111 834 82
883 280 99
375 439 79
702 265 90
480 942 73
388 21 81
187 682 76
908 742 32
169 251 69
677 286 7
308 577 57
898 7 28
324 360 30
781 346 57
648 376 60
545 126 44
373 109 72
404 27 50
256 338 36
918 675 80
591 836 58
21 493 18
667 428 95
7 478 32
912 63 59
61 636 54
3 578 57
441 569 64
631 690 33
821 735 95
150 622 37
936 544 43
910 509 64
750 443 56
229 129 87
99 979 66
710 998 31
277 152 88
128 234 26
306 663 15
721 573 38
357 120 51
129 294 42
871 92 72
352 974 22
150 720 6
796 292 60
225 70 65
290 687 65
265 581 37
185 386 40
66 120 19
407 503 74
363 420 93
462 740 41
368 934 46
274 724 87
989 104 53
879 867 70
75 358 63
767 526 47
691 300 22
677 236 52
530 99 46
560 557 75
11 771 80
290 311 88
129 460 68
506 872 24
206 559 43
8 403 95
29 286 62
759 308 14
790 827 1
324 552 11
561 84 10
96 898 80
879 29 53
67 817 44
137 269 10
775 507 76
516 387 79
550 808 83
808 96 63
625 939 100
6 597 9
566 416 6
614 286 64
448 597 4
681 841 57
634 617 37
32 494 100
56 816 40
345 366 8
563 881 12
43 646 25
292 112 11
363 451 20
629 196 67
28 410 47
153 129 69
132 8 96
860 938 23
503 721 97
848 861 2
909 426 21
46 46 48
877 543 86
475 947 87
649 63 53
345 378 92
366 499 64
271 779 9
986 744 20
85 529 91
236 672 84
820 800 95
700 156 70
862 778 85
255 395 73
320 609 43
524 661 79
240 410 22
270 959 7
898 228 4
640 800 62
8 628 22
787 911 16
596 893 98
190 966 33
137 783 92
522 384 7
187 232 62
94 313 95
298 963 29
244 83 1
390 922 50
583 785 62
709 11 95
379 511 47
698 787 13
481 504 37
670 411 46
152 86 6
357 391 5
402 40 93
131 790 56
570 216 31
22 506 42
724 879 88
867 333 18
887 745 31
361 486 88
348 225 14
116 779 97
743 907 23
626 586 93
809 714 13
596 308 23
382 443 61
136 560 53
200 624 14
53 153 90
966 483 82
187 214 56
147 388 35
790 47 89
230 898 10
280 562 67
882 608 90
641 153 59
424 474 85
952 490 9
954 833 23
728 199 45
260 866 25
224 254 31
119 693 15
345 761 13
929 44 80
105 389 58
314 230 23
645 701 27
241 95 7
945 626 14
985 178 98
678 680 86
912 56 85
314 460 60
58 653 97
287 348 52
224 797 14
935 656 35
142 992 19
271 924 43
36 408 63
186 901 22
826 799 2
493 514 100
73 362 50
639 974 62
690 718 30
163 511 94
314 514 54
550 835 33
159 170 72
470 80 48
432 712 61
522 115 77
306 364 4
276 827 55
483 192 51
376 651 37
49 157 89
156 165 63
913 758 51
916 960 53
364 438 95
309 483 44
785 964 52
664 340 13
865 28 101
579 863 91
22 355 59
750 243 35
387 426 61
114 591 13
893 916 23
64 42 83
519 560 61
625 419 73
343 374 91
458 65 82
142 116 69
520 51 98
944 398 19
397 794 6
411 433 74
475 115 23
415 845 99
828 602 60
922 942 50
913 639 9
127 659 25
964 73 51
296 219 16
282 674 90
599 45 10
472 398 1
476 785 61
437 36 72
487 581 82
934 327 10
170 86 43
142 834 89
458 118 42
674 822 9
159 946 34
184 595 79
391 561 94
203 123 19
37 708 65
850 177 21
765 632 77
987 710 72
148 658 27
176 804 10
351 821 101
997 513 5
765 870 28
962 628 7
460 346 72
275 9 70
914 749 37
824 82 46
996 827 37
723 358 23
430 399 45
256 403 30
820 548 2
881 748 48
848 709 82
722 258 16
585 463 52
596 418 5
503 151 54
232 402 26
530 265 100
306 769 90
419 977 15
100 539 91
136 377 92
250 367 7
694 961 52
433 262 41
771 442 49
261 65 52
32 114 64
434 593 75
809 515 37
83 428 4
681 626 33
765 55 63
396 25 59
68 544 61
355 689 14
653 504 85
936 667 21
213 363 3
474 675 93
744 855 18
970 848 92
36 993 54
599 506 81
490 949 38
866 853 43
137 391 4
879 410 57
502 416 62
881 939 94
560 229 29
85 232 84
58 764 61
731 919 94
55 796 88
628 484 66
274 121 60
288 423 7
785 658 24
338 856 71
582 90 46
31 218 28
687 812 74
538 370 86
708 693 4
481 83 85
259 786 95
411 979 31
632 713 10
588 779 38
372 255 58
392 343 28
198 865 86
241 345 7
322 992 21
207 543 78
193 891 20
703 310 39
636 414 60
749 8 80
961 270 57
844 720 64
424 539 76
327 215 5
133 750 94
410 208 79
706 214 90
370 97 89
170 849 58
415 739 16
839 105 58
856 529 94
293 154 86
225 351 101
755 947 43
359 503 42
723 915 42
47 152 57
949 585 31
950 332 3
193 718 57
5 634 70
92 272 98
634 11 52
369 632 19
893 421 78
517 168 62
204 496 71
410 674 4
158 10 76
646 115 16
237 201 66
457 451 58
164 990 34
35 800 87
998 403 37
842 189 87
750 999 73
790 745 66
948 645 16
977 965 65
89 380 48
221 177 30
171 521 81
245 290 2
354 967 45
96 960 65
104 493 55
571 717 6
86 462 27
92 155 36
523 143 12
582 406 82
455 492 89
978 637 42
79 841 73
738 449 80
930 429 75
241 277 99
734 353 70
404 552 91
163 139 38
665 313 21
137 726 45
76 851 37
442 317 89
130 297 34
598 5 26
832 144 80
439 279 83
833 571 56
665 895 21
632 580 12
224 407 43
719 821 96
455 411 35
241 612 100
323 285 49
798 494 78
732 249 37
776 64 73
893 561 52
318 963 72
362 742 30
