811 9520 180 685
816513 3898 803936 453826 373309 853285 634799 603438 773820 649540 883258 634899 407885 186911 649992 976177 347109 225566 964761 314860 137993 849804 765974 385550 859856 621064 815906 789270 553013 647430 183878 707722 218755 432371 765984 958612 437584 468705 84040 322739 750675 322274 667028 534361 98455 843200 456494 880039 488156 482755 645325 141250 698409 4701 440748 237793 290594 614327 613884 117521 792850 562116 80653 688495 458723 904525 384352 518288 98403 612178 541048 425452 175503 730910 255828 312162 528681 330426 182459 619743 943190 210096 811306 962595 276523 885020 996283 174169 700790 591054 347513 231176 15726 702244 250614 985705 263980 126030 644215 907572 471835 723513 55810 467649 312665 435022 338745 492504 559486 548092 399311 113972 162579 310256 529033 481786 617002 769755 540343 119627 701410 911905 413017 280789 343756 74919 335461 717587 858167 616243 651848 980018 198867 770015 141515 404557 9900 924797 533469 523044 310521 97850 653002 96423 16264 398206 674589 513162 153747 910500 202171 651841 609080 544957 76666 26085 896402 697634 151474 734429 275028 509907 95045 123377 195308 653985 466636 313960 88748 102697 983941 141137 734943 309900 793340 27627 59016 738200 836227 378167 805401 941152 852242 175018 316023 951468 523433 347864 344378 314597 187331 897353 206438 54802 509020 531342 787272 127171 187333 758166 804434 813237 568158 735308 724144 547687 35999 450473 253572 694542 482185 823382 311478 664324 671178 387678 334515 591407 269677 947221 643444 865223 690120 232162 875065 869257 415142 776093 111332 43091 540965 608941 210620 258 340417 701926 805255 843693 665741 193184 922100 469917 629368 893778 611419 441805 824820 363586 821444 480239 156232 334168 359836 757659 407644 359316 435203 693512 178183 125241 644686 853113 59583 241491 377614 324898 887081 715527 527790 793423 720471 547423 741229 211946 92178 318589 102139 809092 737793 370930 909001 78112 898075 687592 788658 333254 773491 3089 135827 28795 323132 215287 290868 392120 782470 235530 254737 924621 606908 732139 553698 825626 546515 231032 86656 324028 358102 184761 156228 590916 323559 790912 270568 786996 88893 595411 118040 916343 212963 261790 508870 792255 882115 135404 743987 546863 530398 63165 517259 801217 452768 820703 555775 93856 745160 497986 596160 166984 384008 499164 873765 914934 156584 353159 600529 63908 17986 146382 39020 217080 898364 636376 760154 760151 324999 915684 131668 463551 902000 709910 709393 248637 977428 243742 959524 957372 111894 205217 336928 476591 449572 134251 311546 109479 477528 875188 194237 537864 163442 798658 820354 770602 646465 837398 621706 970675 61682 776763 712077 682481 660231 149636 672837 207532 839923 254287 827449 632592 582353 408657 152146 14793 381510 23525 205375 926972 773703 380930 439126 320355 333959 449301 684104 443144 786438 259570 360603 356833 699847 42942 27743 319171 328274 643800 21773 973218 317562 107730 52071 580996 321544 741169 654730 394348 525434 888821 811721 157483 495085 700289 719043 750313 409288 358988 257094 915504 446466 520387 72316 498717 485568 831063 366394 639201 51931 622888 483519 6438 787347 704628 926583 65316 573138 132145 970136 671957 706426 296749 820812 517469 506626 814225 951646 161099 404422 601669 585858 190978 226970 758068 244508 428587 400006 557548 747512 641376 867769 534234 325674 597826 315749 298367 925832 776424 346040 596624 535719 556117 987377 775138 373515 556052 509238 731801 76129 261533 15322 865757 736309 749385 995014 157905 421290 916669 980089 365923 555745 744117 865773 459836 481797 577774 282993 119521 643114 201395 974317 936935 915066 206102 91235 994333 582188 246201 721885 503009 257492 816361 261654 720495 331999 612791 418305 425992 846469 158003 602495 147481 764277 261926 114380 203102 496566 773690 399887 263322 376121 363407 197336 426478 329394 258873 190853 561108 285994 508932 755418 926716 432907 999630 41279 13208 964712 800611 458461 860639 266655 193827 391191 170543 392053 462718 887688 972062 109011 408791 382245 952370 995082 120004 362183 55662 748484 142362 432202 879454 484001 976672 129764 944947 918334 592305 531588 728516 699899 614787 388313 815984 468671 381595 927409 117388 257586 235731 432849 113643 410788 638345 797036 694604 885191 357335 712778 600762 57876 314386 607363 214037 801628 631889 194375 789697 754644 401883 938498 97943 470269 853202 351979 74409 407783 740244 434570 1782 637141 121309 808494 937712 406053 918215 341879 944135 352338 822740 26355 402784 561952 4458 518886 638762 267485 938028 698165 158762 72994 137745 636140 980676 671166 690908 424542 442707 365635 510591 240831 659484 979704 188636 685829 331444 457301 303287 539053 603835 795397 878951 521678 394709 688270 852939 926930 72899 665846 303176 850059 430897 647220 783106 407953 800941 922536 476663 953129 516402 191748 792455 259390 957940 918742 668050 150281 504092 655398 104534 200675 401513 130664 361673 473223 826930 880950 101467 755708 543538 77757 767797 112509 840258 661730 155802 937407 295745 570520 81912 904079 688907 132096 74488 767195 951112 154719 37661 833211 251043 276250 135103 882501 588221 279686 766156 316274 524671 302604 531926 951562 250721 442554 411777 219380 937421 439670 662910 479694 893438 718201 545196 432515 65388 640112 404341 119886 370837 317209 956433 618382 414800 752649 233808 363084 832729 368706 887383 609517 335407 691279 921973 751832 592535 845112 540656 978974 201679 457575 580981 741172 402212 697901 596232 336500 506697 647528 714166 464344 248041 555194 849894 825479 217402 943586 690855 649426
519 789 3
419 174 8
71 67 21
597 258 17
358 385 30
68 628 6
458 21 34
525 437 5
72 519 19
192 792 23
199 164 5
47 331 2
755 13 3
645 126 10
725 408 17
215 146 5
703 106 16
391 374 22
556 31 26
185 785 5
443 692 11
800 540 22
692 430 4
216 383 34
54 506 10
293 339 19
152 331 3
322 246 24
39 678 32
250 616 16
743 132 24
639 518 5
435 789 34
558 149 28
406 113 36
347 209 24
318 290 10
570 544 25
629 522 14
526 714 26
117 758 13
360 636 2
104 612 25
166 15 6
468 539 14
262 798 30
778 388 30
388 745 2
180 89 15
312 381 5
43 253 9
425 533 22
267 793 1
115 360 26
116 370 26
402 610 32
357 193 9
83 147 30
430 643 1
802 693 23
576 349 36
626 385 13
91 183 2
111 761 26
102 338 36
320 34 31
428 797 10
729 217 6
326 261 23
326 455 7
320 597 36
122 432 9
211 243 3
649 266 26
157 526 20
48 741 8
808 518 23
628 422 22
46 745 18
485 13 26
552 371 23
528 606 6
804 781 21
72 293 28
318 477 16
706 642 21
55 577 32
787 96 26
615 547 4
729 740 5
643 274 30
414 622 12
162 290 16
88 805 29
358 185 6
403 372 1
93 194 20
152 69 24
425 678 32
664 246 10
386 641 15
443 493 36
527 639 36
413 308 34
642 84 8
185 234 30
697 242 25
54 581 2
84 281 14
116 781 24
724 200 24
674 89 24
62 361 5
24 479 15
710 580 27
238 105 32
25 629 12
82 807 2
635 457 1
446 2 2
727 164 11
363 614 12
376 396 1
635 70 5
301 598 34
288 625 10
185 197 1
208 312 34
59 309 2
730 674 30
163 439 22
101 668 13
566 120 31
309 810 25
510 615 20
269 186 20
19 665 29
684 353 31
432 379 34
160 518 4
450 715 35
183 402 20
708 185 21
66 276 13
445 247 22
41 514 6
362 698 13
754 516 5
408 304 16
610 257 11
245 31 5
327 718 16
236 752 36
522 84 10
442 476 26
707 72 19
53 581 6
775 386 21
329 57 30
126 247 20
318 50 19
770 706 16
141 768 36
599 178 15
535 171 10
531 322 11
370 155 27
417 390 30
11 299 28
572 489 27
212 199 13
472 482 22
531 63 24
513 258 10
542 75 14
796 294 1
323 505 4
681 230 27
763 730 30
376 588 18
109 769 27
69 703 1
289 442 14
492 269 33
757 531 2
361 720 32
626 609 34
325 69 10
225 265 34
28 59 35
237 607 13
535 167 35
23 520 22
510 760 3
52 523 33
281 466 36
284 593 1
437 129 24
589 238 1
217 471 6
172 591 24
581 181 9
407 522 1
454 64 26
149 806 5
384 102 33
428 609 9
176 747 33
433 482 14
621 712 7
764 143 27
242 605 3
369 90 7
531 484 30
463 562 29
537 40 34
705 53 36
323 93 23
460 386 3
467 406 20
457 629 21
331 261 12
12 57 15
706 760 23
802 101 12
220 391 10
337 763 7
767 543 16
646 260 13
111 10 23
743 442 9
59 431 5
516 20 36
291 776 8
135 184 13
5 127 30
718 258 6
536 372 2
678 438 3
127 391 35
678 78 29
372 106 28
453 480 19
422 734 12
163 626 22
499 714 16
226 501 24
230 582 20
336 461 13
285 197 17
431 252 19
402 666 31
735 460 30
651 486 15
133 804 35
551 535 24
700 444 2
272 295 24
509 67 27
443 16 18
738 172 5
572 771 3
238 658 29
291 508 4
133 400 4
113 492 28
578 343 19
503 159 23
3 634 35
541 437 6
419 487 7
289 661 2
217 155 25
221 176 31
94 599 1
803 469 19
589 368 17
721 133 12
754 148 10
12 180 21
149 409 33
165 787 29
384 666 16
76 197 20
278 438 30
247 248 33
194 112 9
291 675 7
770 729 20
555 287 15
646 306 7
675 2 24
169 393 11
759 614 5
189 552 3
439 809 28
642 278 34
179 382 5
246 440 21
216 517 20
14 640 28
279 483 19
486 400 22
278 164 8
461 375 7
559 597 34
334 348 9
653 393 20
135 81 23
433 150 18
36 464 27
785 790 33
133 207 25
596 598 5
713 731 32
770 695 9
644 776 29
721 751 12
175 529 24
241 165 20
691 634 10
208 309 5
302 749 31
544 167 35
82 795 24
649 437 12
571 776 15
457 273 5
729 407 8
319 489 27
391 9 29
59 518 29
691 771 17
236 543 30
726 146 18
494 322 8
757 475 12
186 318 8
139 190 25
677 734 36
426 429 20
692 18 36
227 559 25
331 403 31
746 215 12
477 768 24
704 778 32
802 525 5
102 660 11
234 718 25
257 777 22
212 473 9
194 305 9
720 457 5
523 486 33
486 751 17
267 415 15
498 674 4
444 449 12
246 320 26
598 204 8
82 369 29
294 289 28
476 98 10
97 590 4
429 523 30
657 299 20
521 125 29
451 107 15
544 425 27
251 503 15
139 408 16
132 215 36
24 604 14
99 43 7
144 449 31
81 754 31
109 316 14
560 343 17
629 571 35
612 176 17
647 385 29
381 723 35
428 407 11
192 53 2
100 226 23
573 727 9
703 710 34
509 727 22
603 759 2
615 362 27
614 565 5
23 553 6
517 790 4
141 212 4
331 417 8
36 92 12
475 154 30
273 335 2
364 341 14
102 481 15
492 418 26
790 85 7
216 302 18
86 614 8
622 666 12
206 561 15
160 591 35
533 193 26
97 151 17
346 279 34
289 437 7
510 627 3
556 516 31
727 107 27
760 187 7
1 201 4
678 42 25
93 701 17
560 560 22
21 455 28
84 673 4
44 485 20
376 157 26
280 261 36
142 743 11
505 425 27
343 800 31
773 590 33
84 532 36
555 423 1
317 479 32
91 136 35
254 687 36
129 115 11
549 122 24
50 767 10
23 125 19
373 477 21
508 5 27
488 354 4
111 298 14
375 445 31
275 649 25
98 753 31
311 808 16
440 269 7
718 684 32
627 223 29
745 204 18
441 410 31
582 381 33
706 19 9
150 733 32
371 466 26
591 733 14
123 6 21
731 15 12
234 591 15
29 481 7
504 379 23
696 617 1
97 461 16
728 436 15
789 306 6
746 810 22
257 465 36
507 523 29
730 553 35
794 738 34
602 264 4
576 746 7
692 546 21
141 516 12
739 141 12
637 329 22
559 360 6
212 379 33
341 427 18
298 340 28
798 703 31
541 488 19
490 386 4
788 481 19
649 572 20
640 478 18
448 151 34
134 495 7
126 606 36
676 312 7
388 351 6
692 786 32
365 523 20
505 506 9
289 806 31
708 137 5
344 305 14
250 764 23
172 254 4
435 617 2
446 355 32
285 323 27
709 357 8
449 492 16
804 520 8
553 587 4
286 212 29
378 332 19
773 385 3
76 452 25
573 244 31
592 164 25
73 28 14
585 570 6
206 511 23
412 128 22
163 323 27
90 125 4
533 32 8
606 371 3
612 419 10
492 390 34
413 804 27
670 29 3
246 375 27
474 152 33
88 386 17
625 155 5
619 383 34
499 546 23
272 218 17
20 241 4
808 480 25
557 271 25
562 426 12
550 598 23
319 571 21
684 400 35
561 81 23
455 362 22
164 96 30
495 434 12
753 677 33
36 653 27
115 794 6
513 504 29
260 616 20
719 596 34
103 728 26
567 313 17
436 13 11
602 36 25
441 723 11
532 104 35
279 427 14
468 617 19
429 506 33
375 341 14
525 580 18
449 370 15
695 589 3
540 129 33
505 451 3
583 605 31
319 282 13
524 80 14
360 444 22
533 629 2
100 540 14
665 289 34
140 14 24
623 481 4
215 388 12
512 487 31
238 367 32
632 43 24
70 675 35
374 307 7
397 525 24
331 543 19
4 285 21
725 189 2
32 339 5
116 244 32
768 172 24
346 232 4
408 594 17
369 647 13
460 761 5
79 268 21
522 365 1
382 320 17
521 118 20
144 724 28
373 367 28
314 259 36
422 466 18
181 92 35
731 382 24
600 77 11
438 117 7
135 324 17
672 775 26
779 381 33
132 174 22
166 237 11
726 53 26
679 746 30
756 665 19
416 572 27
347 787 30
190 806 23
75 693 19
517 140 25
35 499 29
391 487 12
57 176 2
614 771 8
633 591 21
565 232 36
394 709 16
549 8 2
344 750 1
631 463 27
355 6 28
509 198 6
497 785 23
562 488 24
724 258 23
330 243 25
308 541 36
99 575 19
664 346 11
134 592 32
91 174 23
387 360 33
145 126 15
174 388 7
380 549 24
605 532 22
533 384 29
569 35 19
593 630 2
399 15 21
381 143 27
400 377 29
182 578 8
793 217 13
700 393 22
745 601 34
126 459 3
90 549 29
464 505 7
441 608 29
668 272 1
616 776 2
528 234 6
513 581 24
154 592 23
604 554 9
435 782 25
586 119 24
488 649 25
713 399 36
542 56 32
494 120 32
377 93 15
544 267 1
12 261 30
465 270 22
79 739 4
97 197 20
51 695 19
522 35 2
583 409 10
215 297 13
128 756 3
58 422 4
355 51 23
369 686 2
108 389 35
147 237 35
503 48 4
715 603 22
157 695 1
241 508 22
652 746 23
211 604 6
437 125 11
429 653 5
461 411 17
693 267 5
38 566 10
748 742 7
356 266 34
147 515 8
147 739 2
348 745 13
282 778 34
497 132 3
709 44 19
341 613 31
18 522 1
684 183 7
373 484 31
151 697 13
351 701 4
600 590 30
579 215 9
495 540 28
795 673 24
797 268 16
360 696 36
757 184 2
732 788 20
524 323 12
248 49 4
58 766 2
576 131 35
351 112 6
484 773 20
499 244 22
807 83 12
364 146 17
789 682 11
402 390 30
228 22 17
126 219 27
592 658 29
601 200 35
23 549 30
560 564 31
72 714 31
362 403 13
294 186 14
799 56 10
19 355 20
676 341 5
328 772 33
381 71 28
397 78 9
87 550 8
509 687 10
493 391 2
724 464 3
536 27 26
662 180 12
675 304 6
645 311 3
681 698 10
441 356 23
132 748 12
389 665 12
178 718 36
117 45 15
420 16 12
60 296 28
626 19 24
554 144 3
488 175 32
222 264 24
411 397 18
310 602 30
540 172 36
255 649 15
254 761 32
503 134 16
130 81 24
359 684 8
492 350 11
601 215 4
319 237 13
135 741 35
159 670 34
380 256 1
376 567 7
362 180 30
584 91 27
514 205 35
632 346 21
370 256 16
67 61 27
619 269 28
391 127 10
124 375 1
586 675 6
206 160 31
12 393 22
310 21 10
562 23 12
39 135 8
317 591 19
287 607 13
30 102 33
436 467 36
243 776 31
89 268 15
189 13 35
296 594 9
288 315 36
496 215 8
457 206 3
760 220 6
265 601 16
37 431 31
600 102 14
285 572 5
52 673 17
380 307 20
217 376 29
392 298 19
684 529 33
151 137 9
282 333 16
579 489 33
603 24 31
356 145 32
294 570 12
759 497 26
808 443 32
6 314 1
65 579 30
10 593 20
183 666 31
569 708 8
145 670 20
659 241 2
678 378 17
469 733 31
415 224 4
730 508 23
171 639 2
589 709 31
275 523 33
308 422 22
296 449 35
524 281 8
393 461 30
794 23 33
573 382 32
238 575 9
639 224 16
439 58 23
484 514 33
561 551 33
347 481 5
340 754 24
563 7 16
793 342 35
462 640 19
476 220 29
601 296 29
632 791 20
365 483 28
396 381 11
351 733 3
119 697 19
119 312 9
421 385 19
124 595 4
471 650 18
187 797 21
421 329 16
181 58 6
162 464 14
122 69 27
15 610 15
468 17 5
190 476 4
454 641 22
219 523 11
11 9 13
218 457 23
784 312 29
446 184 7
347 199 16
209 282 13
701 717 27
392 482 3
183 650 9
790 6 8
414 170 15
92 502 20
162 732 2
541 159 29
203 669 31
333 513 25
280 749 29
768 26 1
198 164 24
364 50 19
287 139 9
284 506 2
206 146 36
396 10 36
436 803 6
655 595 15
803 10 21
174 322 32
755 803 24
809 130 6
159 540 34
384 674 16
577 333 22
701 64 21
240 732 33
138 133 9
271 11 33
267 6 32
565 219 24
355 739 28
422 573 33
81 401 2
783 381 2
51 31 7
679 782 30
71 111 6
727 168 2
323 264 26
204 414 2
396 516 3
434 806 4
164 721 20
421 485 13
323 295 36
750 798 20
187 519 26
659 523 33
437 281 22
9 722 19
456 60 34
522 332 27
654 475 15
759 233 35
686 664 15
68 721 16
783 729 23
65 247 20
558 16 34
604 576 9
589 357 4
570 236 5
756 678 11
631 810 26
546 165 17
676 802 25
460 597 24
309 288 11
243 643 29
440 15 34
503 112 28
212 333 7
693 248 2
749 617 13
781 406 21
687 123 34
570 767 10
338 112 14
705 148 1
320 13 18
244 417 22
357 654 23
730 635 26
788 161 21
120 775 36
308 647 24
15 536 13
360 542 14
39 758 27
772 705 31
596 267 21
568 781 10
202 754 19
273 674 14
577 89 16
118 340 35
297 159 34
320 56 21
631 585 2
230 391 2
140 676 22
677 35 11
15 408 19
272 180 35
241 77 32
254 321 10
142 196 2
589 468 36
525 370 28
132 473 14
517 737 20
181 277 4
500 696 12
142 147 4
576 586 28
797 244 8
236 197 9
455 259 21
408 250 7
178 332 32
477 618 18
50 571 1
601 200 14
647 139 14
503 673 7
142 111 23
451 257 32
30 709 24
30 478 27
55 451 10
382 3 34
647 753 23
586 475 1
509 710 34
214 317 4
134 120 28
572 149 17
356 110 33
129 2 13
626 30 23
303 316 35
334 153 13
120 7 3
138 252 30
664 170 36
235 23 11
497 438 5
729 393 7
802 153 24
663 11 26
409 256 15
107 220 12
7 413 28
636 682 28
578 289 30
594 101 36
408 178 7
53 373 4
151 162 14
165 167 9
682 433 36
72 587 29
662 159 14
118 802 36
779 622 24
323 43 17
263 37 24
362 219 29
591 806 12
588 125 12
283 705 8
542 686 30
379 465 22
308 530 31
713 51 7
7 607 16
348 280 20
680 396 27
300 440 25
73 218 1
38 20 34
540 460 6
76 489 21
208 199 28
331 461 22
289 168 26
382 127 5
235 18 25
271 740 22
165 337 15
211 204 17
405 441 5
344 279 14
672 307 4
369 453 8
639 487 34
416 567 17
458 790 4
289 478 26
710 682 29
586 585 5
476 787 34
572 202 36
71 568 4
270 381 10
749 652 14
11 418 23
664 128 4
85 508 21
750 571 28
373 101 2
598 74 21
731 32 35
214 290 23
504 211 19
677 618 11
64 737 13
555 672 16
71 667 6
617 264 30
154 288 12
158 604 26
58 329 11
632 1 23
99 97 21
502 500 23
478 308 1
280 618 36
154 629 13
48 122 18
589 60 11
626 191 23
303 614 15
566 186 17
451 142 33
174 180 25
143 459 24
382 1 5
646 608 4
394 31 17
428 172 22
202 790 18
686 515 9
519 549 18
417 91 2
754 126 36
310 320 23
235 309 21
230 152 15
146 130 34
532 273 36
497 193 18
650 759 20
410 748 28
401 264 32
486 809 1
536 632 24
119 404 2
545 465 5
373 548 11
381 105 13
159 635 19
520 55 12
246 661 20
776 537 18
76 711 33
105 163 23
631 746 31
786 583 14
415 721 12
201 259 14
62 265 23
289 289 7
741 375 11
75 103 5
257 389 1
220 303 3
413 342 28
235 572 3
725 791 26
635 495 22
327 124 31
510 319 34
556 379 28
36 728 18
52 711 16
73 600 8
120 320 15
430 336 21
568 808 27
68 576 5
732 697 18
256 311 25
460 732 35
346 655 13
407 277 15
183 604 16
664 337 15
206 447 11
658 321 22
437 551 17
118 292 16
329 592 3
683 578 31
186 370 6
289 710 36
559 285 7
561 442 1
48 677 25
312 574 19
773 695 33
775 184 27
399 526 32
580 790 21
316 206 1
493 501 8
43 481 35
276 220 36
151 509 2
197 389 4
220 278 8
647 264 5
102 17 8
195 333 32
619 621 3
23 723 9
242 229 16
515 212 2
482 137 32
101 16 35
301 14 21
108 745 23
773 252 10
92 161 8
427 719 7
451 655 22
160 783 30
808 584 6
461 281 34
33 715 34
738 310 26
362 15 30
636 527 14
205 465 9
575 761 36
600 305 1
702 9 16
745 106 7
797 546 14
236 402 23
758 84 27
453 452 20
167 440 12
367 752 11
227 154 28
388 494 16
192 347 29
479 299 14
170 2 22
406 34 9
379 376 11
763 805 6
653 436 28
94 176 4
11 132 22
394 791 30
56 259 6
1 598 22
65 201 10
85 377 10
367 198 17
484 804 20
783 291 9
125 115 15
806 642 16
797 64 3
9 64 35
196 728 23
563 427 2
11 542 12
308 692 11
694 563 20
146 151 22
58 234 10
588 580 7
618 692 10
204 281 26
681 291 14
346 552 18
122 478 36
7 132 6
80 94 36
563 301 8
716 426 14
216 490 5
259 102 9
96 16 4
453 256 12
810 633 12
512 347 29
604 21 2
688 51 1
677 385 8
487 678 29
153 261 30
590 367 12
13 68 25
309 762 30
298 4 11
546 63 7
120 146 34
231 715 31
73 558 15
155 432 36
72 85 6
221 594 11
359 92 5
104 180 24
192 412 11
498 630 33
592 203 6
141 78 9
627 530 7
736 317 5
252 561 16
736 527 29
388 528 11
320 701 19
225 656 20
135 696 28
538 67 22
460 654 29
648 82 25
614 534 21
15 344 26
322 63 8
793 244 25
307 279 34
99 198 7
619 27 10
6 280 1
628 354 30
92 449 7
722 126 32
705 186 31
644 796 3
783 321 13
165 30 24
178 94 25
587 270 2
312 26 3
134 721 21
795 275 34
367 544 9
405 644 11
294 549 14
679 46 13
632 183 26
226 8 15
97 386 6
213 229 20
337 376 34
500 752 15
530 725 1
471 352 27
718 273 24
660 523 35
639 117 6
310 409 11
166 178 8
136 614 3
337 386 13
544 715 14
108 191 20
7 34 32
201 606 36
422 479 13
699 231 16
278 481 17
660 279 16
595 198 21
300 94 10
367 297 11
792 744 18
523 187 8
681 282 30
105 690 9
556 528 28
588 749 32
540 367 11
687 272 25
232 246 7
515 127 6
392 677 25
254 66 33
92 441 15
702 407 17
367 503 27
323 464 25
621 373 12
673 636 27
259 14 2
808 250 12
90 500 30
546 416 13
289 169 35
429 233 7
805 439 13
378 596 30
797 143 26
53 372 19
593 68 32
795 805 22
336 358 16
285 4 8
244 283 5
710 146 24
255 166 11
563 754 8
753 732 1
328 68 18
495 359 10
143 742 2
654 211 14
153 263 16
442 101 11
57 487 30
382 641 16
635 697 14
97 491 20
464 313 3
399 539 6
428 566 6
694 151 34
714 421 26
334 655 34
75 34 12
537 756 11
706 170 2
190 506 25
185 687 33
157 709 16
416 243 29
131 197 22
376 589 36
7 370 5
172 576 25
344 53 35
493 675 11
338 643 14
371 570 27
579 200 10
115 553 5
550 154 29
368 208 35
619 274 9
505 356 19
398 600 4
251 171 33
791 298 6
541 383 36
582 263 28
498 245 6
584 707 25
782 89 25
92 469 14
565 465 21
611 308 32
314 589 21
73 698 32
436 509 16
429 723 1
442 735 9
24 693 22
159 776 2
686 49 16
543 805 16
8 309 19
648 132 27
27 350 5
5 196 21
644 245 2
200 515 1
701 457 4
22 302 29
271 443 8
300 301 27
519 206 30
351 418 8
126 561 23
693 575 10
37 21 4
250 713 18
158 86 6
139 678 32
132 41 30
71 83 24
168 635 12
376 630 19
209 105 24
690 243 4
725 66 34
618 108 17
556 775 17
350 321 31
301 450 19
583 800 24
301 376 27
377 578 6
256 646 18
410 317 6
53 804 2
35 396 18
509 543 19
328 667 11
735 367 14
451 773 24
7 374 1
86 271 16
698 141 25
580 300 32
230 115 22
389 486 10
345 781 4
513 294 24
253 470 23
653 682 7
670 62 1
301 437 7
297 670 20
29 617 10
94 453 27
568 355 29
531 651 31
422 481 36
378 533 36
706 549 22
151 649 35
568 361 4
28 208 21
97 545 29
68 373 28
747 420 8
571 340 15
214 319 8
379 352 6
281 411 31
149 598 22
46 456 33
578 596 34
433 487 22
420 340 35
386 747 20
730 129 15
276 138 25
423 234 13
253 134 17
370 414 33
536 316 20
578 306 29
545 168 16
582 544 4
178 608 2
732 441 23
538 255 36
364 678 14
268 400 3
310 687 3
300 761 27
102 188 24
764 253 14
23 413 4
790 313 2
245 29 12
757 221 36
117 276 21
122 499 9
636 586 29
281 643 19
118 397 4
269 550 9
493 718 13
29 632 6
56 144 36
30 705 21
713 770 21
348 438 9
639 63 4
225 745 6
508 344 20
45 769 12
244 793 6
788 650 25
288 298 31
764 195 33
310 523 15
72 178 22
383 283 14
687 435 21
623 385 33
484 471 5
391 413 21
267 385 2
279 515 6
642 345 13
295 250 30
233 309 35
448 476 34
475 340 35
129 3 35
350 324 27
401 402 17
136 139 35
393 307 12
801 252 23
443 104 8
212 672 5
249 37 35
796 523 28
717 199 33
179 609 35
10 740 8
800 627 1
278 724 32
271 305 35
35 313 32
156 780 36
589 203 16
469 92 16
7 489 35
242 163 14
546 432 22
542 561 27
570 671 34
334 410 35
29 437 16
795 571 30
162 630 30
240 711 26
679 766 9
16 77 31
295 120 12
589 619 19
42 567 7
674 439 13
96 780 8
121 249 20
237 248 18
775 789 16
413 479 23
344 709 7
621 474 16
224 787 7
394 522 23
425 516 13
191 297 18
226 95 8
4 711 27
297 673 31
678 713 20
469 159 4
743 24 33
603 560 25
36 504 18
2 124 21
128 205 11
459 528 7
187 657 18
123 487 20
681 802 14
593 568 35
128 215 25
276 494 22
780 413 26
442 588 31
495 587 5
138 50 4
745 470 1
196 208 18
265 197 36
323 236 17
334 599 33
293 766 21
435 746 9
641 130 22
160 661 19
110 406 21
312 535 30
231 351 15
484 714 21
763 169 11
79 708 31
210 108 30
165 262 29
622 422 29
221 351 14
711 757 7
474 486 10
65 234 23
706 676 15
660 441 30
16 119 33
694 550 31
124 40 5
96 717 19
689 199 18
620 714 24
270 400 14
377 455 6
293 189 5
695 679 12
485 619 7
168 410 16
580 784 19
753 733 6
458 548 8
122 11 22
67 8 6
34 187 13
548 27 13
595 260 26
284 223 15
467 306 3
193 217 5
719 730 35
59 50 2
705 479 24
366 289 35
240 258 7
522 640 13
145 603 21
209 507 16
532 304 11
403 196 3
250 357 31
689 168 27
293 524 15
82 303 2
305 787 9
260 64 10
586 462 13
6 679 31
640 109 3
509 695 35
271 420 30
517 175 7
232 366 5
242 494 5
583 552 2
716 150 35
759 96 19
14 441 30
810 330 21
204 51 14
464 523 22
66 119 11
715 278 4
657 654 7
8 726 33
267 486 9
645 226 8
624 165 27
304 130 35
587 130 4
691 368 24
776 432 36
46 756 4
708 633 34
601 549 5
235 61 22
395 406 1
787 118 28
5 537 8
90 173 14
472 706 6
349 185 22
92 529 25
657 199 10
635 787 32
354 754 26
792 286 34
538 27 2
515 389 26
715 532 10
509 239 16
494 653 13
229 85 3
323 289 13
811 787 27
655 553 15
263 286 9
557 569 25
664 247 3
624 698 3
317 158 19
209 534 28
416 661 29
308 497 13
119 594 7
635 101 8
499 235 24
45 628 5
185 69 30
331 315 21
458 641 5
357 39 31
129 299 2
120 570 30
208 51 6
784 663 32
559 370 10
560 299 14
291 526 7
192 345 4
98 540 36
715 457 11
565 226 7
254 679 35
250 247 29
731 668 14
740 743 15
482 283 29
511 589 18
721 116 21
292 722 4
617 477 24
680 620 24
370 548 24
250 481 6
345 491 11
353 192 34
424 781 7
115 64 30
240 166 25
731 443 3
237 507 35
365 163 28
616 519 18
627 161 32
172 381 8
391 308 36
710 615 11
49 63 33
107 296 11
127 60 11
142 29 30
586 102 30
765 278 31
525 142 35
401 198 7
138 185 13
182 189 10
525 66 13
487 61 27
800 62 19
35 385 34
503 633 30
25 21 19
200 494 30
212 587 35
646 419 15
240 243 30
266 633 30
26 491 36
306 364 3
504 594 17
434 222 19
312 277 16
587 788 22
588 736 2
676 630 36
443 539 31
321 692 6
721 517 32
527 206 34
765 272 22
192 147 10
728 340 13
426 157 29
256 241 9
314 105 15
625 445 30
590 284 33
498 565 4
709 408 35
40 713 14
719 406 33
470 330 20
290 188 15
309 705 8
646 89 8
349 497 11
675 540 27
251 481 30
7 580 33
615 167 11
142 591 4
268 627 10
444 296 23
331 632 4
522 613 23
600 115 30
748 192 8
327 603 27
284 695 17
120 483 2
803 203 7
484 674 33
242 242 4
533 326 14
574 216 27
212 758 9
43 179 14
57 339 35
56 87 10
48 207 9
273 147 30
192 771 4
130 158 23
446 266 11
751 282 14
519 256 23
418 288 5
429 305 13
577 463 27
389 281 25
127 802 16
728 618 9
533 364 14
668 655 12
656 603 31
152 435 18
337 420 13
195 343 3
39 671 28
759 316 30
789 679 6
323 214 21
378 773 16
77 620 13
393 359 22
311 506 31
247 202 36
389 173 6
139 159 22
286 552 7
229 140 20
777 173 13
353 744 12
474 58 26
343 340 9
266 764 11
132 34 29
498 438 28
497 323 29
724 475 4
364 476 2
248 811 8
268 308 15
572 573 17
43 297 23
129 451 33
662 613 30
670 808 35
340 688 33
331 740 23
519 509 19
408 800 5
203 305 32
395 663 14
70 384 6
618 132 10
546 375 8
485 807 35
235 490 9
448 538 15
694 495 11
482 246 12
104 253 28
207 268 26
83 726 26
807 553 31
345 480 4
690 317 14
600 718 36
231 246 1
499 421 2
35 197 16
363 132 11
383 786 27
372 57 31
609 601 26
628 132 12
635 622 7
98 670 13
357 238 16
70 180 34
534 781 8
76 233 35
375 291 34
617 276 36
494 128 36
272 352 32
806 528 15
589 4 35
651 251 20
226 183 18
380 121 8
788 265 7
470 38 9
756 622 31
800 297 30
289 183 35
579 398 29
736 166 27
54 764 27
616 561 2
627 287 25
730 727 5
6 168 12
688 514 6
718 374 4
792 461 30
811 277 25
398 586 32
109 471 21
561 555 7
465 564 17
421 544 29
404 479 18
673 641 10
617 508 28
196 148 27
47 463 34
145 182 12
516 562 8
742 536 4
503 520 36
14 527 14
101 95 3
373 621 28
212 578 7
177 185 31
788 621 16
656 158 3
322 40 24
325 756 19
305 266 20
607 298 27
226 13 27
315 583 34
747 45 24
131 230 4
152 117 24
583 322 11
336 269 33
372 706 18
324 625 31
405 402 30
740 598 29
663 172 8
775 131 19
27 734 7
68 255 14
171 686 1
282 807 14
44 638 34
450 115 18
326 683 3
758 641 9
237 66 3
526 772 26
590 216 13
58 787 13
366 540 4
640 499 16
402 192 22
811 358 25
241 733 27
589 391 9
312 642 8
447 296 10
132 417 18
187 103 21
683 754 28
66 640 31
18 118 27
397 602 7
201 694 11
26 429 12
119 225 29
614 169 16
679 591 5
532 341 6
696 59 22
809 807 13
598 410 2
67 187 26
248 412 25
636 651 30
359 580 6
611 387 26
359 627 13
316 520 9
118 396 17
69 517 20
263 595 13
514 421 21
262 372 11
423 380 23
404 111 17
383 79 10
207 779 3
561 521 26
535 295 16
569 671 25
132 38 25
396 502 30
277 409 9
650 650 16
451 765 19
704 396 3
343 552 35
217 52 33
38 403 33
749 75 7
44 440 22
480 114 5
399 254 13
335 218 10
686 739 6
255 729 36
123 193 26
741 705 13
109 696 32
30 211 17
451 208 7
232 64 26
281 168 26
270 84 14
311 115 5
697 436 7
257 741 17
233 438 23
809 190 3
440 334 34
426 640 3
728 51 34
84 32 10
590 147 5
363 299 35
118 158 23
462 732 14
564 745 14
499 355 5
62 169 9
385 234 25
469 57 23
666 376 7
247 89 35
771 721 18
513 794 36
626 200 26
277 283 13
658 309 17
522 291 2
180 452 35
538 580 13
514 511 34
248 98 32
463 554 11
618 161 25
651 651 7
582 512 33
496 326 11
288 195 34
645 705 7
342 104 33
75 49 26
263 689 3
54 300 8
436 58 7
620 179 23
625 563 25
72 439 9
438 739 34
438 638 26
362 297 10
751 30 12
456 422 1
421 654 1
333 692 3
263 720 31
577 465 24
62 316 31
569 232 29
690 762 29
100 778 14
605 414 9
208 763 24
366 58 31
712 208 3
682 6 19
417 772 19
498 178 12
383 12 7
541 144 25
142 183 3
307 71 21
315 559 7
461 457 15
98 177 7
149 20 3
687 236 10
447 645 22
795 284 11
2 114 36
342 85 15
476 554 2
183 690 30
264 778 14
395 429 36
482 802 5
673 4 15
744 581 24
591 488 6
730 241 22
725 599 24
807 112 36
596 285 3
52 732 21
699 640 25
673 752 34
56 402 36
450 384 11
776 633 3
746 474 21
70 192 19
179 362 26
103 731 35
274 770 25
252 337 32
499 476 9
561 286 23
75 485 23
582 294 7
534 66 32
385 682 11
118 202 28
108 467 33
674 596 30
541 313 5
518 736 36
570 414 35
444 284 9
192 412 35
624 559 31
101 476 34
5 312 9
122 88 30
785 447 28
376 577 27
300 160 36
392 581 14
620 726 6
214 304 32
493 303 27
654 457 34
166 78 31
621 685 24
638 397 12
401 448 14
12 534 8
260 178 23
294 533 23
386 431 32
157 660 21
343 341 6
602 346 28
316 589 4
536 741 34
111 498 30
115 89 26
357 57 35
271 528 34
632 199 24
664 686 4
653 98 27
519 236 19
793 462 31
352 545 34
195 640 19
782 103 27
324 261 21
35 55 21
485 16 22
334 235 7
457 247 9
57 219 15
779 366 3
250 262 36
440 384 21
460 404 12
781 537 24
535 390 18
563 66 8
375 520 30
345 796 9
307 131 8
651 589 1
753 362 3
772 741 10
444 704 18
508 302 9
568 581 4
783 630 7
299 128 17
511 403 2
291 10 34
566 318 5
289 65 16
643 120 18
361 257 27
313 704 15
509 334 31
774 717 32
502 312 1
505 245 7
774 342 4
320 548 29
408 82 3
522 118 3
601 134 32
19 222 19
554 442 3
464 518 7
89 3 28
548 640 25
778 74 20
161 576 21
362 803 35
59 382 8
645 236 16
187 606 33
648 168 36
416 280 28
768 433 5
786 700 9
439 109 18
597 31 26
66 89 28
412 457 5
671 333 21
265 788 14
74 290 7
610 589 10
311 191 10
203 328 13
216 564 29
7 387 36
749 655 11
114 429 29
477 108 34
368 253 28
335 517 15
764 163 31
16 111 25
712 303 2
13 614 26
800 316 11
253 158 3
484 658 3
214 18 16
604 299 5
402 779 21
476 723 20
688 800 3
245 668 8
744 656 9
201 590 15
264 41 36
709 223 30
128 415 32
555 213 33
580 688 5
485 10 18
430 153 7
74 429 14
225 284 29
271 515 9
612 446 16
792 777 4
116 612 28
663 112 1
314 209 10
380 337 9
531 739 26
755 694 35
546 58 28
530 177 22
433 101 7
270 585 26
645 643 20
395 243 21
540 340 10
330 54 9
711 181 4
261 542 33
141 78 17
241 193 32
206 490 36
88 67 24
251 723 23
181 402 23
528 255 30
313 574 18
501 333 32
31 120 34
681 115 11
440 788 19
159 423 17
481 376 22
707 134 2
21 293 35
127 254 9
489 457 13
286 372 14
140 763 22
404 242 3
328 224 16
170 263 31
257 252 5
1 770 1
599 477 26
752 789 8
209 493 16
181 68 15
800 467 25
174 666 18
784 44 21
811 249 27
740 287 11
10 461 27
420 631 25
622 704 7
90 653 28
56 336 1
275 565 19
265 786 29
104 686 22
202 623 13
569 684 6
599 355 5
691 720 6
199 318 18
696 119 5
808 426 34
8 742 33
291 370 31
596 761 33
8 218 24
369 352 20
156 468 27
273 672 19
64 130 30
367 618 19
637 693 26
106 349 22
571 785 16
387 540 22
533 633 23
462 708 13
301 98 8
687 64 18
341 368 2
612 137 21
242 470 34
320 578 11
213 661 10
508 762 2
256 177 23
14 215 24
184 120 32
776 664 6
586 4 13
76 405 6
454 775 23
122 328 29
506 363 7
389 275 14
364 229 8
602 786 1
30 116 20
397 779 10
279 482 2
354 524 28
674 765 5
370 85 3
6 454 22
36 434 13
143 253 12
258 490 6
779 136 17
691 753 4
377 523 1
76 63 4
607 774 9
670 71 13
477 187 24
661 529 15
777 362 18
733 69 34
304 323 28
562 622 2
255 37 30
380 810 4
782 710 34
428 626 36
49 142 2
193 607 14
470 168 1
61 213 22
718 397 22
410 440 36
161 277 15
282 226 6
602 641 9
342 303 27
588 766 1
794 293 31
741 344 8
34 403 16
76 182 5
450 481 6
354 801 8
712 349 15
241 394 30
160 511 30
144 185 22
370 294 23
1 248 36
772 329 27
307 704 18
422 367 33
334 694 27
569 299 21
44 425 26
454 326 8
214 437 8
84 244 36
477 334 27
437 476 25
594 155 17
158 661 21
97 147 13
535 114 2
698 98 26
690 286 8
135 670 24
367 33 14
614 477 23
354 513 18
434 618 23
399 77 11
448 140 31
628 586 19
86 642 23
279 102 11
586 356 9
509 375 16
497 500 5
575 541 15
128 591 35
387 770 16
701 65 2
646 529 6
457 589 36
496 579 9
553 490 16
268 727 9
716 425 21
434 116 32
775 644 11
173 251 32
729 465 3
252 656 22
258 300 14
99 601 26
678 523 27
686 345 9
208 475 31
376 130 1
463 442 8
144 731 29
791 216 10
444 645 21
81 125 26
195 685 19
393 208 12
560 69 20
535 45 16
471 353 6
630 141 35
160 206 31
665 191 11
761 353 21
338 726 20
463 504 35
543 21 16
547 787 10
645 385 26
736 143 33
186 109 11
399 166 31
759 648 12
144 648 8
147 257 35
155 140 26
155 800 36
90 229 14
488 43 17
402 434 24
788 350 13
776 502 26
239 457 35
392 677 24
421 46 8
425 393 28
595 30 21
784 200 32
545 210 22
269 791 14
149 487 30
179 330 16
16 527 22
781 721 30
95 716 27
91 340 2
490 120 12
427 127 32
331 184 28
1 350 33
691 722 4
528 290 15
293 201 30
739 294 12
519 307 32
435 782 30
586 521 29
186 82 30
728 34 9
610 178 20
447 44 6
587 392 10
182 800 30
497 782 9
239 241 36
531 72 11
357 328 36
703 205 21
581 629 10
55 124 16
100 548 32
1 376 15
258 61 27
523 161 33
146 80 33
303 304 20
374 683 16
539 547 12
91 413 32
505 691 10
168 227 7
725 160 23
574 762 32
68 6 27
587 386 17
143 566 20
116 112 32
319 691 15
336 59 25
314 479 30
246 41 13
102 206 3
349 598 2
764 373 13
179 374 19
37 760 6
230 367 2
442 733 27
707 259 7
472 150 8
300 219 31
598 409 34
611 333 31
147 356 13
624 347 25
410 608 28
160 763 19
12 630 21
338 549 36
656 191 14
588 75 4
769 226 26
234 395 15
598 465 7
749 197 18
669 792 20
612 611 1
22 469 25
641 114 2
489 615 5
631 734 1
180 567 27
435 748 7
163 310 26
51 303 26
225 402 23
610 486 21
265 417 20
418 218 28
421 396 9
28 514 19
459 656 2
375 439 2
10 161 17
102 366 16
116 792 25
353 533 33
222 87 24
780 716 32
57 63 15
110 189 3
755 4 24
248 554 2
744 326 26
266 629 21
195 290 1
287 355 16
250 742 6
161 740 36
529 723 14
188 95 11
73 554 8
54 76 28
794 290 13
361 527 18
727 711 19
259 703 5
674 636 3
8 743 35
98 273 27
319 564 2
504 657 24
721 137 32
805 798 7
622 190 33
647 428 24
223 31 18
162 330 11
664 146 18
394 7 17
584 713 32
694 10 20
22 47 13
3 486 11
1 88 25
419 533 23
672 241 3
641 587 17
303 147 18
756 179 18
67 587 36
655 739 32
723 7 17
536 74 16
316 301 14
374 137 36
805 223 22
101 515 6
176 408 5
265 530 3
164 131 22
93 609 30
459 104 27
465 140 4
128 18 17
499 191 11
507 94 13
239 610 28
114 78 28
524 385 9
222 165 31
653 50 32
192 717 27
77 734 15
225 185 28
426 583 24
309 406 27
98 60 8
85 799 35
88 298 9
559 220 27
450 49 16
755 563 3
321 582 20
307 601 30
714 307 1
612 402 31
33 791 34
120 568 24
124 201 30
544 19 9
112 539 22
152 29 17
703 297 22
615 609 31
153 730 20
185 192 1
138 94 26
570 108 5
585 200 4
214 370 1
394 482 9
727 70 23
452 127 15
327 489 5
240 76 36
13 654 10
702 141 8
249 788 6
246 195 18
44 101 31
504 615 15
626 560 12
434 792 15
458 735 23
548 433 30
96 778 14
475 766 24
589 75 14
23 222 1
72 110 17
499 172 5
745 268 15
390 554 23
284 470 13
279 265 26
188 798 34
252 217 16
310 120 29
662 369 6
59 406 5
536 385 33
367 51 9
365 312 27
475 422 21
618 321 12
765 153 7
468 275 5
802 582 13
734 129 13
355 110 34
373 201 3
505 745 36
715 631 32
737 641 15
560 708 32
769 272 29
585 340 15
436 351 1
45 262 17
346 578 19
802 232 18
608 188 10
113 10 36
230 412 19
168 487 33
807 680 8
290 203 36
122 202 22
630 463 30
806 482 2
584 170 36
648 248 28
18 360 32
625 809 22
139 122 12
180 673 29
417 613 12
524 261 29
161 595 22
277 474 25
232 762 23
474 526 21
602 304 23
790 508 33
625 62 27
616 779 19
443 510 12
258 637 19
560 241 17
43 759 30
203 579 14
460 752 8
344 191 9
577 410 33
147 172 3
224 557 26
521 146 16
752 221 4
740 115 36
280 353 17
170 405 18
138 566 1
677 555 10
445 690 35
129 217 13
130 653 34
24 542 33
667 488 10
738 340 33
381 516 16
540 590 28
543 755 15
334 565 34
185 395 2
513 403 22
349 558 2
44 3 10
234 722 19
572 63 10
101 177 11
113 462 34
63 747 23
799 147 31
190 700 34
686 323 20
455 692 27
518 455 3
732 363 33
62 696 11
380 637 16
613 53 9
443 36 3
234 10 27
184 3 7
501 154 27
546 710 21
71 252 10
611 310 35
93 495 13
298 190 33
736 5 10
734 810 24
420 489 23
687 425 13
392 680 21
450 294 19
657 63 10
481 675 17
238 713 29
343 516 12
169 40 33
201 685 27
50 374 11
476 566 11
427 10 25
665 663 7
68 692 22
435 15 13
245 45 1
389 33 28
632 163 7
281 654 3
191 125 24
122 619 34
119 755 27
9 231 30
615 568 24
291 642 21
674 165 13
25 423 21
438 11 27
741 809 31
129 758 14
375 738 31
314 650 36
35 369 17
206 41 27
629 196 9
667 243 31
672 671 9
586 63 36
653 253 30
26 211 3
550 389 27
137 380 23
340 404 15
132 369 24
275 353 36
610 211 29
351 244 22
379 749 8
208 17 16
648 271 3
679 149 29
51 251 14
489 457 12
546 459 22
400 708 36
385 658 17
691 385 17
632 176 36
534 400 28
86 109 21
1 636 12
621 375 15
358 480 25
750 733 15
33 431 3
459 388 8
716 560 34
742 360 4
212 28 15
237 462 10
36 298 8
98 808 28
418 223 16
664 220 6
570 568 7
380 376 33
199 627 18
341 38 31
335 796 21
405 287 17
214 327 20
745 127 10
741 102 31
73 308 4
522 811 14
339 310 23
348 587 26
789 795 5
491 158 14
451 507 14
130 97 27
386 336 14
482 353 13
223 480 35
490 663 14
593 576 22
582 400 21
549 471 34
476 356 15
635 203 23
763 436 9
358 741 28
15 742 24
240 621 18
396 696 35
509 567 22
305 544 34
225 498 16
409 809 3
127 325 2
15 458 7
575 168 15
634 234 9
116 239 26
760 633 35
173 386 29
49 457 35
179 638 5
796 578 8
132 656 27
661 597 25
585 634 22
677 438 23
807 496 34
677 44 23
284 739 7
709 702 6
266 526 15
412 611 23
235 131 1
601 230 31
737 161 33
684 42 7
276 404 27
544 423 12
602 593 18
695 448 34
459 59 7
321 513 12
289 53 24
378 81 33
522 8 34
750 776 20
33 419 32
593 755 28
112 365 9
240 803 32
412 343 3
240 472 25
84 267 8
665 772 13
635 321 15
728 461 29
193 312 32
491 45 20
744 574 7
240 34 22
430 72 6
347 808 10
620 782 30
644 226 32
156 475 32
501 713 2
87 275 12
293 553 19
102 173 35
363 190 11
529 334 27
703 705 19
534 799 7
85 94 6
161 789 13
144 275 22
91 274 9
722 129 6
589 100 4
310 24 13
311 75 8
415 167 32
433 438 33
633 453 13
751 80 35
677 748 32
623 423 30
735 194 14
518 321 11
274 545 25
386 732 19
52 799 9
374 254 19
270 446 17
128 360 31
786 399 20
417 445 31
271 220 34
360 90 18
690 520 11
657 177 32
655 775 19
541 120 31
262 349 32
676 574 12
605 638 7
172 772 36
553 683 21
539 665 2
401 57 23
456 635 7
545 536 12
403 539 7
680 209 31
591 435 11
714 591 34
268 325 12
809 771 31
415 408 5
154 80 36
305 788 17
662 15 36
415 329 7
517 539 21
366 803 4
207 225 34
693 391 22
798 649 29
487 179 4
281 483 28
517 800 22
337 397 18
177 126 36
635 498 11
21 712 28
466 594 21
553 252 4
412 212 7
648 808 16
285 757 18
373 668 25
100 799 21
309 548 19
98 173 22
322 722 27
119 364 13
710 567 34
309 631 17
378 512 14
292 653 3
124 365 28
512 612 34
266 99 7
35 670 29
509 800 29
627 634 28
626 649 8
329 755 30
128 240 27
453 171 11
336 649 34
569 333 27
530 556 32
109 436 34
511 557 25
18 161 18
790 328 25
641 736 28
658 608 35
540 445 36
4 100 4
569 329 30
423 431 19
688 697 34
655 798 4
500 311 28
320 274 11
598 569 16
557 182 5
515 695 36
729 575 4
217 529 30
568 623 11
738 99 14
80 335 16
434 646 20
723 275 4
159 22 34
26 299 15
541 561 15
268 321 30
320 650 3
164 350 31
443 150 7
64 713 20
145 370 24
38 662 24
187 156 14
476 557 1
424 70 19
277 148 25
604 540 3
231 270 28
735 548 22
638 134 28
726 566 11
628 633 2
755 166 13
285 233 13
713 338 35
153 125 21
675 688 19
651 765 13
647 145 31
194 495 22
683 260 13
592 163 15
47 148 31
298 56 20
521 161 14
333 358 32
190 472 33
192 643 15
804 46 28
748 192 1
649 788 36
575 491 5
22 81 11
65 272 15
658 714 16
692 797 10
602 726 19
350 209 17
311 365 1
338 413 6
142 530 33
564 463 31
66 764 11
207 506 6
699 676 14
117 487 28
299 606 6
16 322 14
136 237 34
468 463 34
789 620 13
88 89 19
51 99 2
209 769 19
554 768 26
72 151 5
72 95 17
463 287 8
440 560 23
339 144 6
765 589 31
577 391 32
293 78 3
31 331 20
201 665 36
107 444 27
731 22 24
504 681 19
765 122 14
733 665 35
774 510 32
272 386 28
65 714 34
621 263 29
455 513 11
700 803 26
58 393 36
306 143 26
514 292 18
44 100 23
250 275 24
760 757 29
629 597 17
456 278 20
589 470 13
494 537 1
315 629 20
783 369 15
215 102 33
581 148 33
797 412 2
466 18 6
211 255 8
589 203 22
213 457 28
743 674 36
477 650 17
226 402 33
354 91 31
129 43 16
591 786 36
476 448 30
577 432 13
238 720 11
360 765 2
810 521 22
390 566 17
331 212 34
672 576 3
229 332 23
673 9 7
312 128 25
604 127 1
454 124 29
199 273 31
48 305 1
404 487 16
155 39 7
6 539 5
568 167 23
636 399 33
544 398 10
322 148 25
619 468 12
299 530 33
390 236 30
649 197 16
613 757 11
221 96 19
614 39 10
448 594 5
525 615 34
32 285 28
394 141 18
427 222 14
427 140 26
693 232 11
89 727 12
529 763 33
692 776 11
505 795 12
663 524 16
304 638 16
82 464 22
640 366 26
77 612 15
725 770 32
628 9 30
482 811 27
162 3 10
147 707 12
608 424 33
249 162 20
656 396 19
211 17 14
563 50 32
473 496 11
612 414 16
292 790 6
717 722 4
752 746 18
479 410 35
226 627 10
443 401 16
375 518 31
566 143 21
769 754 25
567 136 5
778 482 33
216 516 6
209 323 25
677 656 10
47 485 20
751 355 9
369 656 5
110 171 6
120 356 10
189 624 15
613 645 4
540 787 15
125 171 27
346 216 30
548 432 26
466 36 14
713 360 9
54 311 18
436 432 19
81 656 6
132 3 1
581 53 33
426 353 33
757 173 19
403 790 20
575 619 28
415 736 18
112 525 16
311 279 7
479 282 19
567 589 18
784 296 7
356 102 17
300 117 7
590 645 28
117 520 1
66 786 5
386 377 24
88 514 34
581 25 31
145 287 30
459 461 30
555 312 22
218 473 2
480 432 33
261 635 22
752 546 31
105 649 15
661 111 36
409 136 3
255 607 10
543 604 19
276 350 29
309 56 20
604 148 2
771 572 29
174 124 18
123 562 25
763 116 20
804 383 15
560 121 28
760 168 21
75 717 30
303 96 16
369 185 11
174 512 33
214 631 20
301 690 23
69 545 12
685 467 23
739 435 12
792 310 23
600 597 23
307 142 23
658 128 12
362 751 9
274 500 24
384 154 34
58 108 16
208 454 10
400 400 3
596 701 34
172 494 14
432 86 26
811 228 12
423 395 23
583 360 29
246 357 5
546 663 16
263 624 13
296 638 13
36 190 32
589 401 12
325 397 35
640 660 1
215 521 14
632 578 4
702 512 35
408 743 23
39 321 4
84 561 23
631 394 33
235 113 36
576 264 5
270 422 36
457 433 30
349 341 22
444 111 2
639 6 23
524 615 17
602 606 23
626 91 1
292 667 12
243 734 2
67 484 22
539 443 32
753 17 29
140 417 10
316 20 12
29 767 2
435 370 7
765 530 2
159 752 10
720 96 33
613 294 2
396 519 1
57 274 4
699 301 34
124 709 34
656 800 14
299 547 12
764 72 23
582 356 33
8 379 15
618 805 26
636 771 7
636 483 27
496 680 27
312 637 30
340 238 27
558 713 4
666 569 15
667 213 28
655 666 33
676 346 4
702 182 19
7 166 10
182 318 2
82 657 9
748 28 11
472 630 6
694 434 24
3 601 26
204 186 15
545 301 26
778 463 26
606 395 5
31 521 8
501 541 18
489 1 27
19 143 11
718 172 9
762 151 26
577 362 10
114 710 34
5 740 7
754 59 25
803 421 30
716 108 5
537 247 13
85 677 17
750 702 3
665 420 12
124 772 32
720 283 27
333 166 1
442 749 22
122 597 17
799 727 32
791 197 8
413 470 32
545 146 15
137 660 25
376 64 31
164 611 9
223 195 35
370 703 23
163 73 35
1 464 32
49 449 8
810 558 27
191 609 16
119 574 22
509 202 14
602 504 7
167 187 27
14 224 14
97 16 12
351 671 26
810 305 28
513 594 31
68 312 14
244 465 9
754 639 3
534 96 7
180 745 24
111 248 29
234 150 30
498 149 6
569 581 20
121 555 16
26 26 7
39 310 4
733 120 33
661 771 2
504 496 1
277 349 1
37 323 11
620 493 1
81 21 10
265 667 32
218 101 12
129 226 32
575 8 20
442 567 14
280 316 10
750 154 22
385 225 4
677 130 11
604 547 18
305 488 4
673 177 19
658 678 19
609 454 26
737 226 16
392 651 12
810 549 27
553 376 20
556 476 25
782 692 19
387 80 18
21 521 15
326 676 29
544 123 19
642 136 33
55 504 27
128 566 10
146 774 25
415 506 18
170 499 18
472 766 33
347 530 26
645 804 18
359 132 21
377 287 30
120 503 30
11 425 20
641 429 14
270 26 35
682 670 1
500 559 31
275 750 3
258 530 17
422 288 18
641 268 24
735 237 23
161 238 17
55 185 28
320 509 26
456 734 24
57 398 21
463 83 18
692 468 34
137 381 35
43 663 28
232 253 2
565 190 30
214 45 4
296 539 35
731 90 19
515 32 28
563 615 35
368 28 18
777 389 19
482 107 30
6 758 13
166 164 2
313 261 26
516 567 1
709 44 6
117 608 18
491 383 28
426 611 29
295 476 2
51 729 20
351 512 30
72 547 8
71 331 26
478 599 18
295 542 11
447 590 34
478 738 19
29 700 15
488 197 33
413 700 10
181 120 18
684 780 9
554 607 15
275 761 10
760 662 9
167 179 32
76 260 16
108 361 8
68 601 35
680 678 33
461 146 24
700 323 25
18 506 6
593 339 26
552 655 20
288 690 34
811 242 6
774 630 30
105 677 26
194 382 15
100 302 19
795 40 29
257 493 22
226 422 30
344 669 29
43 714 19
660 707 5
216 714 30
427 286 23
316 492 28
29 581 19
522 26 31
95 198 12
215 233 33
16 317 29
22 532 35
465 377 17
775 760 34
468 315 16
654 53 15
103 395 9
339 562 32
501 664 9
66 267 26
112 266 2
368 268 13
426 385 6
432 190 4
396 192 26
111 115 1
676 226 30
157 625 34
507 221 18
729 431 17
369 349 25
389 121 5
683 99 1
696 298 29
493 429 27
376 175 15
613 729 21
235 293 24
63 161 26
219 626 1
800 437 13
578 364 35
703 252 22
407 163 22
491 269 13
389 352 30
595 142 30
387 309 32
709 232 31
174 476 34
270 641 6
90 569 3
39 423 11
411 571 14
142 59 16
446 760 23
145 361 3
650 764 24
540 179 30
456 301 14
355 788 14
561 181 30
378 638 21
428 506 14
802 74 35
545 748 28
525 731 13
489 10 20
442 422 16
659 623 24
775 34 4
288 576 10
420 141 34
644 178 8
464 146 16
585 349 32
784 153 35
303 653 15
575 43 30
127 224 15
259 686 28
561 109 36
294 599 20
410 100 9
549 503 26
225 398 34
710 792 5
266 240 2
751 506 34
521 447 33
765 350 28
541 631 19
262 76 20
285 794 19
203 288 28
303 467 29
538 244 17
500 236 32
286 709 32
328 2 27
123 716 22
647 372 29
80 260 15
221 348 30
498 647 25
218 538 21
292 478 24
599 382 17
195 336 29
518 529 14
280 84 30
379 85 7
453 675 31
730 207 21
97 355 32
435 610 4
383 406 27
562 412 31
609 707 28
658 186 17
755 113 34
194 572 36
45 5 27
724 768 7
722 781 13
558 585 12
795 500 5
322 145 6
445 85 35
686 183 25
47 512 36
9 11 23
639 639 7
569 545 25
631 515 4
514 466 1
50 150 16
16 152 21
763 503 27
221 778 11
733 774 30
66 801 29
732 502 24
676 500 8
519 681 29
746 67 13
126 333 12
647 66 19
632 120 30
332 276 11
721 449 22
395 545 14
420 764 9
10 577 1
242 692 29
149 784 9
494 311 16
577 13 36
586 11 11
220 1 30
696 729 10
312 534 32
148 192 16
412 13 22
118 75 27
340 77 24
768 453 27
498 677 21
21 296 23
255 129 19
171 769 7
492 423 9
56 428 25
103 194 13
644 372 14
280 349 7
787 161 35
653 531 21
435 508 3
531 56 10
289 484 25
557 483 10
626 234 35
17 556 35
763 668 26
415 365 22
154 300 23
316 792 11
419 785 18
529 731 21
406 555 24
13 98 30
393 181 1
512 506 32
340 589 5
701 138 30
568 122 22
767 793 4
427 327 13
740 724 36
99 138 24
84 113 21
643 30 12
719 683 35
804 353 9
658 526 30
181 98 25
104 776 27
738 598 5
220 528 15
49 253 29
766 77 20
415 202 27
294 175 21
425 358 4
325 650 16
678 205 33
369 446 5
692 766 11
260 496 12
244 408 19
771 457 15
522 451 26
708 178 1
741 125 18
504 185 3
730 62 28
77 322 11
485 518 17
425 475 7
407 652 14
810 375 10
477 640 14
269 234 27
224 191 16
456 707 24
356 677 36
395 141 26
37 65 6
613 637 23
604 635 15
150 29 27
676 7 14
540 746 33
710 441 11
532 541 11
727 448 11
56 437 16
208 338 35
674 331 20
165 111 26
51 169 10
583 80 33
352 363 21
620 501 2
360 521 19
702 520 19
403 386 26
353 366 11
558 248 17
457 37 9
782 403 6
154 803 21
438 436 36
337 395 13
643 601 32
564 542 21
377 86 28
721 661 8
139 25 8
799 786 26
636 130 7
634 109 27
154 670 32
348 290 25
224 351 7
377 277 3
48 140 2
42 654 35
180 662 17
463 151 20
661 803 30
110 346 1
767 103 15
118 811 3
265 633 27
344 169 22
589 210 24
698 382 9
775 47 28
311 329 6
347 385 20
724 99 2
412 736 29
78 479 6
651 235 36
64 201 33
591 182 34
424 604 15
213 393 10
112 275 1
300 435 20
597 707 19
668 131 14
85 678 14
289 481 17
436 695 25
207 310 34
367 682 34
371 374 24
63 466 5
788 675 27
537 112 16
643 531 13
109 232 32
285 497 25
600 247 12
586 350 30
308 576 16
67 88 3
4 244 32
489 460 36
305 219 8
485 634 13
125 609 33
202 810 10
492 655 33
115 4 11
533 675 22
554 37 16
700 508 11
51 212 22
713 159 29
395 577 36
477 319 36
467 49 22
732 443 3
488 691 31
279 156 23
333 637 16
258 547 25
559 235 11
599 126 12
387 727 9
190 745 22
108 452 24
96 131 11
481 699 21
539 356 18
161 781 20
534 122 1
188 523 36
434 428 32
70 628 29
366 389 20
360 93 28
334 207 10
277 97 24
111 240 18
185 609 19
636 734 33
379 393 5
558 188 6
450 174 32
694 70 6
47 503 8
687 539 31
668 136 22
66 608 4
189 775 10
18 339 13
545 442 8
783 394 34
15 455 14
37 435 22
225 556 20
66 34 30
472 805 14
385 664 27
420 654 11
552 208 28
77 749 7
35 704 23
189 578 34
689 15 6
518 67 32
785 365 31
285 189 16
370 766 6
79 172 14
471 148 10
733 71 6
505 152 5
758 532 22
480 183 10
516 633 6
117 775 21
381 701 17
558 261 33
402 370 24
92 232 7
663 163 2
632 636 12
442 272 36
269 388 36
428 593 8
401 446 8
533 340 8
169 574 26
330 376 29
258 25 25
96 647 24
578 666 31
281 213 14
737 169 29
613 264 8
65 651 15
718 464 28
391 64 4
393 328 17
515 176 1
418 210 3
679 776 33
224 39 27
236 99 30
546 508 1
218 345 17
517 648 23
193 149 10
362 591 1
349 469 32
699 796 32
113 18 27
775 689 12
120 389 9
60 726 11
99 432 22
628 283 14
296 213 28
310 473 34
296 549 16
127 687 24
645 712 3
412 527 21
1 476 27
181 273 29
321 69 18
374 539 32
350 202 36
406 11 26
86 377 13
326 14 8
173 576 1
532 13 4
360 304 12
662 267 9
657 225 10
231 129 24
130 259 22
106 418 8
53 110 7
177 473 5
796 386 24
502 580 26
486 200 18
215 188 33
719 213 36
504 154 15
241 484 3
62 605 6
723 475 9
241 107 36
32 58 8
804 218 3
21 509 21
91 353 14
616 777 3
599 228 21
16 204 12
152 666 32
412 692 17
684 707 19
357 237 29
74 584 10
339 537 34
103 559 36
211 433 20
556 373 34
212 762 12
199 364 3
769 231 11
136 699 6
395 303 21
486 499 4
91 654 8
480 172 11
210 312 31
21 557 11
83 27 25
786 737 1
782 58 29
801 796 19
18 606 31
71 736 1
518 377 6
590 1 35
576 330 14
354 646 8
731 247 20
242 170 32
41 513 30
692 402 24
240 210 7
557 544 24
270 393 10
161 611 14
250 342 1
552 551 34
118 236 29
645 207 7
341 423 9
384 556 17
744 97 4
134 516 15
4 1 26
630 456 2
22 230 9
468 612 24
483 163 13
174 522 30
347 229 7
448 653 18
675 64 34
52 161 25
663 357 17
695 599 11
51 804 19
735 769 34
621 368 12
569 721 28
758 186 25
181 479 7
616 738 11
654 550 25
337 538 18
771 511 13
411 729 15
367 345 34
609 567 26
248 809 8
559 17 1
40 415 5
740 156 10
707 30 24
63 464 4
222 173 11
607 728 31
262 694 24
646 792 5
359 407 34
492 171 29
715 810 34
735 434 1
334 72 4
552 180 34
805 366 31
341 574 10
799 719 13
182 800 24
207 375 18
107 441 36
7 595 2
239 392 3
782 39 31
362 508 19
656 57 3
398 225 1
294 250 5
568 332 32
67 756 26
372 399 10
206 272 25
467 653 13
324 154 18
592 528 8
107 250 33
509 426 29
114 543 9
171 806 15
292 367 13
498 189 23
378 518 36
687 215 18
107 383 15
385 86 7
631 48 25
140 367 35
723 342 19
605 549 10
393 241 9
690 245 9
513 111 3
323 92 22
710 646 6
502 557 27
296 401 32
380 596 27
292 409 7
221 166 35
640 681 10
793 121 1
16 190 9
699 117 10
569 651 10
436 504 3
55 728 16
731 225 25
95 101 22
556 175 2
791 603 7
425 14 7
605 741 23
183 45 22
292 527 32
657 88 18
706 331 23
625 63 20
146 729 1
798 31 13
734 209 29
239 780 14
142 315 18
764 122 1
726 713 14
67 282 25
627 193 11
81 490 11
120 27 34
10 18 15
762 575 14
271 656 25
92 659 21
375 539 12
222 72 20
137 273 19
211 417 35
299 157 6
341 791 22
384 3 10
278 315 13
282 462 8
767 574 9
167 361 10
699 38 8
343 693 11
659 392 21
807 74 28
26 764 10
426 374 5
338 524 7
105 495 4
544 625 11
313 705 24
737 329 2
498 798 15
540 684 32
715 331 26
480 275 19
418 487 31
606 600 25
125 121 22
198 470 29
434 408 31
176 746 13
640 308 20
736 339 5
792 396 9
645 730 13
305 464 8
569 339 11
447 715 4
390 12 20
791 2 5
559 671 35
365 710 2
362 189 23
667 179 28
707 80 6
170 566 3
451 226 7
421 115 23
742 348 17
772 659 24
328 464 9
537 492 1
460 354 27
165 639 32
369 722 29
537 724 9
116 692 30
685 541 26
460 341 19
364 596 22
734 757 3
263 667 26
120 184 11
82 454 27
765 446 23
575 735 30
193 439 17
776 415 16
9 146 25
227 125 4
774 439 27
486 552 5
779 357 33
286 141 22
732 56 12
538 686 30
497 561 8
174 780 6
417 313 24
151 457 5
764 797 9
124 749 9
573 727 3
374 578 26
792 709 18
277 15 6
300 696 11
278 442 9
444 682 24
567 500 17
33 92 7
559 692 15
594 590 31
628 506 16
565 205 9
624 124 9
43 7 1
516 205 15
578 375 5
20 722 19
456 679 9
122 521 4
168 222 5
580 145 8
445 661 22
637 35 10
391 484 31
460 650 18
247 809 7
193 314 10
580 606 20
191 454 32
609 682 15
719 516 19
762 767 12
784 794 2
410 425 29
570 234 7
88 187 28
644 392 33
420 76 29
296 538 16
148 129 20
599 671 32
243 442 16
222 781 19
685 449 35
100 677 32
330 547 17
264 645 20
459 270 5
192 794 14
134 403 25
486 356 15
182 661 28
563 591 19
737 44 1
489 516 2
55 397 26
660 394 26
543 307 19
538 701 35
516 636 26
209 528 14
723 25 27
780 700 8
160 407 8
355 775 36
745 378 33
102 141 11
546 222 8
199 564 6
455 4 19
252 296 14
47 735 24
261 47 1
753 223 34
348 713 24
460 114 11
234 684 11
617 662 9
789 636 9
781 284 36
33 387 4
298 656 25
557 678 4
268 562 12
171 51 32
575 772 31
504 213 4
320 129 14
290 275 15
385 723 24
709 793 3
94 528 28
134 211 33
352 574 27
245 455 35
572 471 11
65 460 27
777 273 17
545 751 30
169 599 12
261 375 20
22 56 31
793 415 32
495 71 31
182 694 32
692 712 10
525 147 10
11 545 3
109 340 14
618 193 20
3 702 33
283 724 9
22 667 19
494 810 1
532 671 25
189 325 35
3 689 18
811 89 6
586 551 12
314 376 27
239 665 16
52 411 5
266 358 19
371 462 9
459 376 18
67 167 9
722 193 19
731 376 13
683 201 10
48 728 19
748 264 36
23 398 35
290 185 6
433 314 4
581 107 29
133 69 32
430 274 21
639 773 35
366 113 12
261 235 36
427 218 30
86 71 15
559 8 19
803 810 1
153 431 5
391 513 16
89 716 31
318 510 30
666 731 34
52 78 7
299 468 14
121 210 3
230 146 19
722 134 35
803 494 13
782 744 12
58 542 2
279 45 16
375 142 10
614 657 25
632 424 5
151 438 6
233 580 9
317 566 4
135 643 22
12 307 19
264 356 15
577 43 13
606 268 9
494 368 20
240 131 25
415 47 28
736 633 23
153 703 1
54 301 12
574 610 6
412 27 32
202 338 24
792 62 1
676 297 23
450 807 6
667 709 5
567 304 24
318 540 11
706 540 21
525 216 16
240 66 11
64 340 6
171 526 25
436 326 20
327 366 36
511 738 27
467 482 36
433 557 36
595 275 4
376 281 4
399 499 28
32 680 1
589 568 28
769 362 28
703 254 8
596 673 8
136 148 9
81 46 16
246 541 23
352 644 22
357 495 11
573 108 13
774 264 16
713 602 33
7 461 33
671 271 1
314 441 9
411 711 3
435 622 7
589 608 27
521 746 22
511 202 9
233 461 23
731 226 33
285 437 8
739 770 22
549 535 11
508 423 13
720 574 25
123 631 12
639 349 22
409 725 35
459 745 14
801 56 34
639 265 25
12 246 3
491 490 23
202 764 7
174 766 26
663 238 15
185 174 24
421 190 12
731 33 13
644 557 19
100 160 32
592 95 17
189 797 7
802 532 9
801 548 20
634 87 3
695 809 13
262 421 3
755 453 14
217 448 22
468 87 35
191 219 10
617 269 12
147 64 22
217 386 30
224 673 13
267 63 13
643 400 23
145 612 35
754 554 18
70 95 25
418 185 11
735 388 26
592 123 14
807 303 12
407 151 25
258 381 33
554 62 11
726 703 11
86 405 27
80 762 24
636 779 8
567 273 15
729 43 13
662 353 24
345 355 23
222 167 23
372 170 13
433 192 12
264 542 29
1 71 24
343 162 5
427 613 22
386 374 35
645 145 26
728 620 16
273 317 8
758 222 24
24 91 35
698 807 29
714 690 24
198 357 27
808 477 10
726 744 6
536 488 2
618 337 10
778 466 25
670 200 11
526 52 16
220 188 24
677 160 3
443 524 5
619 771 19
779 296 2
803 764 26
375 84 25
734 329 32
455 158 33
469 613 10
175 488 21
506 145 9
750 664 35
273 76 16
590 355 20
653 473 14
8 791 13
442 301 33
34 335 20
623 242 11
175 482 2
581 280 28
458 796 7
433 561 21
579 83 27
279 653 16
157 327 32
501 299 33
534 187 21
796 78 31
26 510 8
154 233 11
20 270 16
727 549 25
130 232 31
727 712 10
536 87 19
304 674 32
400 646 20
722 580 34
521 159 5
489 542 11
138 176 23
678 239 1
303 589 29
768 705 14
533 787 19
371 720 9
500 88 19
215 280 25
724 183 23
123 647 8
569 608 8
436 260 30
401 692 11
409 518 20
789 691 28
732 419 7
354 777 15
511 376 12
463 552 29
592 135 8
287 454 35
132 373 16
48 259 10
797 98 16
489 110 10
430 342 24
545 497 11
440 744 5
484 61 9
710 221 30
678 387 34
792 457 12
807 232 8
307 228 36
290 402 2
81 432 25
322 517 15
250 803 34
315 9 24
790 155 19
413 235 18
562 484 21
177 367 33
64 386 30
478 310 14
166 779 23
351 701 13
638 601 22
792 418 4
410 545 9
638 365 14
170 45 14
616 584 22
654 465 26
276 87 7
735 388 16
187 402 33
202 701 24
110 173 19
629 139 7
744 595 12
276 544 21
8 46 5
425 751 10
745 382 10
537 724 35
236 15 33
339 483 24
642 182 17
429 270 14
80 776 22
261 5 18
26 7 21
509 499 21
101 573 23
585 347 13
75 91 14
526 809 32
692 256 19
691 358 27
108 457 16
766 560 1
593 59 28
169 588 31
359 16 17
418 560 29
703 802 17
573 327 36
269 601 24
680 473 4
483 407 3
39 725 14
525 88 21
185 727 36
207 318 26
255 762 3
714 78 16
83 423 35
136 334 33
274 388 13
678 521 20
152 684 1
71 161 17
562 399 22
2 170 17
74 306 35
671 555 17
555 431 17
778 645 27
683 727 16
558 542 19
334 85 19
408 689 6
557 12 13
771 645 4
94 260 21
486 720 16
595 30 16
634 211 18
16 767 23
489 392 18
137 21 3
148 204 17
531 243 36
494 739 9
341 789 25
575 196 11
85 98 21
98 241 14
220 435 10
416 250 9
287 640 21
233 666 35
461 710 13
545 443 18
177 153 28
165 63 23
57 670 35
247 642 14
766 676 10
237 110 20
551 527 10
215 702 9
461 105 18
89 368 9
95 257 5
498 215 26
718 343 34
479 75 12
441 509 14
252 217 25
82 459 14
488 218 13
507 410 34
271 257 16
228 476 8
238 357 2
104 318 18
396 184 20
291 64 23
340 472 5
300 66 22
118 304 15
419 573 26
374 768 24
184 808 26
249 17 10
385 132 35
407 746 31
609 545 29
728 59 6
723 307 17
682 172 33
610 327 32
768 264 5
183 332 36
669 658 10
213 661 8
208 440 11
222 628 25
722 435 5
687 509 2
309 270 9
367 760 24
580 81 15
272 493 17
515 224 29
19 231 12
458 348 3
4 739 21
364 295 35
570 484 30
536 462 2
609 608 10
725 466 18
141 731 8
87 665 16
479 382 23
317 161 26
160 64 11
334 137 16
790 618 14
42 746 30
299 310 8
694 331 11
449 274 9
203 321 5
398 117 19
423 435 25
437 138 9
302 800 23
341 360 28
797 523 7
696 453 5
229 116 26
773 167 8
661 57 14
167 286 35
797 367 30
52 491 21
465 114 4
391 98 1
137 488 30
743 328 27
675 2 24
664 452 10
466 765 11
223 421 13
620 123 30
654 16 12
299 78 10
402 602 4
109 575 27
740 666 30
536 444 3
802 684 9
262 801 5
15 165 27
478 676 2
506 115 22
100 246 6
792 145 5
489 384 25
412 134 11
733 552 35
585 219 14
244 592 6
344 128 36
268 765 21
390 302 4
327 395 29
171 698 5
348 539 18
456 554 1
276 753 4
328 447 18
319 46 1
158 75 12
376 807 35
538 390 16
532 16 32
419 486 11
302 380 14
142 543 6
809 807 11
397 653 19
206 737 25
298 718 32
431 591 28
571 98 23
408 486 12
418 246 14
475 545 4
32 50 5
292 595 18
696 485 35
422 356 9
298 384 33
99 391 21
151 198 26
338 235 8
187 434 18
765 773 8
178 766 26
720 595 18
439 656 20
322 157 22
563 722 6
231 591 14
566 755 26
763 176 35
231 365 34
441 799 27
2 540 35
474 29 13
459 670 1
727 95 27
605 526 29
445 346 34
325 457 32
474 142 12
703 595 15
538 252 31
184 779 29
203 713 10
807 295 12
771 705 3
756 370 18
643 485 7
238 495 3
749 612 17
716 787 21
609 787 35
262 262 21
763 706 18
672 548 5
765 636 9
464 472 35
760 71 23
153 358 34
588 508 12
292 499 16
766 485 35
435 186 36
334 285 30
180 40 7
111 623 8
123 131 34
488 592 14
300 590 21
176 118 5
714 559 29
511 7 24
235 72 25
404 454 24
131 247 18
811 492 34
34 229 30
493 706 35
410 780 28
159 135 1
665 187 19
291 13 20
479 656 20
117 7 18
674 723 2
97 12 19
555 550 16
763 388 36
410 566 5
250 350 24
701 288 33
182 371 2
592 337 34
505 373 34
466 285 22
316 52 28
553 798 10
597 712 13
314 397 12
729 498 10
565 350 13
507 499 8
96 681 29
330 329 30
321 329 27
344 801 16
230 53 30
19 623 26
457 725 1
681 436 27
94 562 19
683 313 22
65 537 18
407 29 14
448 198 12
534 56 33
150 363 21
646 526 1
321 57 14
430 158 29
236 150 8
87 159 1
475 657 26
446 25 36
674 140 32
292 669 1
784 396 20
643 221 18
27 677 13
759 650 31
621 652 5
521 494 31
201 139 19
599 749 13
479 574 33
414 679 7
723 297 8
591 775 18
428 129 8
213 340 8
296 455 10
497 566 25
171 187 13
177 188 1
395 770 13
786 810 4
442 202 11
324 580 30
306 511 34
514 461 20
607 692 11
70 182 29
161 223 9
461 245 21
363 300 22
391 517 26
739 43 2
724 234 18
152 144 3
747 441 12
701 235 28
740 685 6
690 132 1
83 746 26
174 69 31
376 50 35
23 288 17
582 569 20
659 802 16
361 519 2
78 151 30
594 640 19
787 84 24
518 164 13
56 94 21
76 395 11
234 547 25
210 792 6
780 260 23
300 394 15
497 597 35
737 346 8
53 39 1
209 428 7
380 22 1
650 290 11
21 718 4
203 786 31
523 295 1
361 307 32
743 575 9
717 556 26
349 697 3
490 724 24
733 323 24
548 369 12
502 270 14
277 719 1
425 578 18
149 397 22
709 298 13
451 447 18
612 630 33
795 709 2
797 473 11
775 1 26
90 442 24
101 507 31
94 381 11
555 32 1
207 111 15
609 628 35
720 408 9
303 304 25
798 128 2
518 686 32
677 470 15
626 55 3
441 599 2
683 676 18
310 123 24
733 627 24
79 517 16
14 248 16
461 452 19
556 370 15
133 105 15
532 313 16
791 284 16
338 73 21
178 584 9
727 799 31
4 578 22
99 455 15
713 736 10
227 340 3
326 768 31
50 717 16
463 736 20
29 592 27
308 354 32
560 407 3
192 433 34
2 398 27
528 390 22
559 563 21
592 105 16
211 143 29
629 545 1
316 722 31
492 299 33
591 256 31
115 7 10
503 540 23
223 37 13
284 709 18
346 156 33
679 290 22
303 507 13
633 137 29
347 557 26
95 743 36
242 759 19
387 304 35
385 454 1
764 463 22
673 612 23
568 394 5
245 494 15
553 260 24
450 579 27
427 397 10
578 526 26
201 284 26
448 395 31
698 26 5
702 458 1
452 528 20
247 112 35
573 352 31
19 523 7
560 321 26
6 165 3
200 79 8
529 387 9
479 406 5
508 218 24
74 435 11
90 273 29
219 785 27
647 694 17
516 43 8
582 780 18
719 706 19
371 488 3
350 566 22
379 492 2
611 203 15
46 127 26
213 302 21
802 484 20
415 157 2
450 537 23
144 570 3
781 458 24
588 571 2
581 294 18
242 448 17
246 90 1
257 782 17
698 49 9
165 327 9
132 394 17
77 370 14
302 771 22
696 158 20
300 773 7
129 620 24
569 122 33
719 172 24
738 734 8
604 181 1
306 51 2
460 208 34
598 41 5
761 803 14
477 619 33
256 191 15
750 545 21
288 482 15
415 330 21
756 663 26
9 335 13
50 800 35
529 628 5
478 81 9
540 691 16
599 327 31
275 305 36
342 641 20
489 297 19
32 457 25
83 355 14
776 708 15
745 78 13
750 748 25
28 583 6
516 758 34
465 338 35
306 341 2
697 164 36
548 380 35
777 72 27
798 370 28
97 803 2
725 254 5
683 805 10
713 798 3
451 733 17
682 435 28
301 524 6
205 529 34
167 489 26
504 779 8
457 754 18
632 600 19
601 121 26
378 651 30
808 339 4
170 620 22
23 325 17
575 442 18
107 647 13
194 60 18
685 436 21
529 585 33
223 577 7
97 314 11
519 254 32
424 219 2
750 134 20
141 73 19
666 559 27
657 367 15
512 487 17
125 540 36
26 622 7
360 470 18
307 586 35
660 31 2
615 27 6
269 175 18
762 771 23
229 296 7
334 669 36
362 94 25
577 512 35
37 510 2
381 230 5
121 535 36
756 299 18
242 233 18
182 89 12
627 804 25
302 144 17
660 13 23
769 193 32
494 675 26
438 60 16
673 233 8
552 498 6
85 506 18
169 351 21
674 652 29
655 389 16
698 404 6
679 143 20
650 560 23
403 680 28
335 467 28
285 173 31
699 625 22
237 252 3
187 209 32
289 789 19
218 469 29
139 601 36
195 210 30
388 237 13
173 683 26
702 409 17
53 245 3
125 742 31
81 475 12
719 810 12
784 681 31
187 675 33
161 762 23
116 118 25
722 130 17
805 432 25
360 792 31
738 489 5
446 487 28
366 435 30
446 91 12
227 628 4
512 145 1
202 566 33
515 150 10
94 713 34
59 552 35
43 249 17
701 227 11
94 128 20
621 430 18
78 807 36
796 733 13
309 726 34
346 696 16
563 261 19
519 295 28
82 543 17
288 50 28
302 807 22
478 80 4
430 6 13
515 117 4
686 51 22
87 693 4
333 265 2
499 394 2
395 90 15
120 697 20
443 781 16
439 10 14
609 662 16
491 148 5
142 270 7
612 780 25
434 537 13
636 777 5
94 387 12
9 653 3
194 50 15
170 488 29
361 304 1
503 351 9
42 114 6
797 500 15
704 247 1
314 89 18
622 124 33
68 242 20
302 165 8
171 240 35
587 251 35
410 461 19
648 148 33
575 281 35
652 633 16
418 188 28
360 196 10
43 682 34
178 746 7
343 106 32
330 174 9
457 561 14
544 285 29
761 527 21
750 37 22
410 563 5
304 399 13
397 725 19
387 238 16
795 412 19
700 446 8
478 323 19
734 8 13
381 238 3
281 595 3
728 283 9
373 385 16
461 453 8
234 749 9
89 744 1
185 319 11
18 265 8
190 574 36
376 493 28
119 531 27
26 52 25
382 81 30
482 158 9
153 342 4
591 794 17
534 507 25
341 4 32
605 522 9
183 244 26
79 308 24
427 464 17
625 72 28
509 301 36
126 196 1
781 240 32
18 782 18
388 124 20
234 443 33
33 782 26
587 735 36
538 508 2
350 755 11
788 20 10
249 274 10
187 405 11
404 555 32
95 394 16
337 208 6
175 774 13
97 63 5
483 436 34
145 422 29
387 37 9
75 597 6
293 310 18
431 237 6
274 745 26
737 687 25
629 31 26
141 265 7
364 798 4
519 739 28
166 128 14
753 574 28
154 775 27
617 662 5
667 356 21
544 6 35
88 646 6
408 359 8
781 96 34
389 703 28
79 684 28
76 261 8
101 649 12
780 153 26
741 317 5
272 254 15
5 341 36
262 420 22
520 276 4
462 777 36
216 130 24
573 580 22
128 329 34
730 761 11
198 454 18
388 114 22
782 30 28
106 19 17
169 708 5
336 253 2
577 50 5
559 61 2
757 785 26
506 42 10
472 95 2
127 450 4
165 141 26
378 59 3
440 548 3
346 371 36
646 316 28
593 206 9
555 559 31
798 499 18
6 501 15
629 648 34
375 186 1
379 625 28
212 387 34
281 81 25
424 241 4
572 300 7
121 121 21
272 96 33
271 611 1
344 750 7
362 331 27
780 676 12
290 599 27
727 342 3
160 449 4
176 196 23
640 9 27
220 172 10
378 309 2
515 211 20
745 741 26
614 396 2
727 289 10
46 100 19
756 51 32
43 632 20
180 202 8
400 563 18
10 343 33
422 217 34
458 445 23
124 507 15
348 575 34
474 31 5
140 204 20
36 33 3
185 216 36
163 574 10
375 243 5
728 82 5
208 385 14
637 609 4
109 699 31
456 613 24
810 541 16
109 483 1
67 765 12
438 393 10
226 358 19
694 788 22
716 222 2
652 552 33
29 26 14
288 667 12
143 57 2
614 756 13
454 759 19
680 512 7
704 137 30
326 707 32
484 309 27
653 254 15
764 657 23
282 280 6
629 600 29
153 110 8
790 390 12
541 269 36
739 6 23
573 479 34
211 502 33
35 300 29
125 602 11
107 215 16
560 151 35
138 601 7
123 464 1
610 242 27
124 142 21
152 51 32
633 483 9
233 78 16
791 127 1
310 135 24
9 562 13
516 152 22
246 470 28
44 606 28
97 785 6
636 556 6
21 798 20
150 549 4
397 364 10
249 364 11
66 701 24
383 462 1
419 778 1
650 415 27
317 183 23
682 528 14
387 402 14
30 96 2
239 661 14
597 791 19
488 348 8
381 210 12
645 307 29
35 240 31
738 70 10
182 585 1
449 581 31
803 48 1
445 280 10
300 719 15
135 82 6
67 772 32
64 802 16
438 672 26
590 227 33
661 601 24
530 593 26
735 109 10
195 749 28
293 742 9
443 747 4
300 446 2
625 600 35
314 223 27
618 791 17
272 231 5
589 697 22
316 26 16
152 627 8
34 44 27
234 793 28
399 539 36
18 231 5
622 764 4
798 482 25
27 711 27
292 404 21
58 532 27
667 575 27
447 163 7
715 87 12
155 546 5
110 369 3
539 150 1
53 297 1
241 194 29
615 728 13
653 326 21
654 245 17
668 473 36
386 551 20
212 189 7
501 483 12
111 427 27
400 491 3
213 105 28
328 320 19
415 740 31
27 475 25
535 559 30
262 246 3
123 246 9
605 634 12
250 358 21
689 625 5
596 747 30
127 226 19
232 731 18
573 735 33
281 312 27
572 214 31
810 101 15
193 782 32
690 337 13
214 129 29
791 671 6
501 9 35
490 404 3
639 478 19
330 292 3
238 74 17
302 11 16
771 433 21
3 683 23
572 568 11
8 401 28
383 476 11
156 57 13
22 91 10
349 266 23
525 617 31
196 288 7
762 79 3
509 403 34
630 700 33
192 490 20
677 713 16
202 151 18
109 715 3
318 647 19
741 268 10
743 673 33
381 449 5
594 710 30
725 309 18
226 370 7
97 55 29
592 473 21
780 54 29
697 811 17
723 109 30
302 716 19
604 338 26
371 75 10
430 288 26
25 610 1
445 322 36
524 36 36
329 169 28
83 133 25
665 519 7
655 344 34
570 535 35
318 103 15
552 615 1
593 107 7
424 352 20
749 178 16
506 132 19
265 501 15
418 496 12
685 20 13
196 249 33
384 102 35
773 251 28
281 233 7
789 163 20
680 474 14
74 772 16
547 796 1
439 248 4
403 764 30
701 308 19
683 745 3
207 222 5
767 159 12
199 692 18
68 206 8
368 642 6
731 480 1
181 84 18
485 39 2
535 504 14
768 31 3
140 361 17
157 213 15
324 52 19
417 298 36
6 132 20
551 740 7
489 156 23
403 218 14
542 775 24
128 701 16
300 275 12
367 10 15
485 351 17
41 394 7
434 362 9
441 479 13
766 719 4
93 165 36
614 58 17
341 454 20
424 530 9
80 610 23
115 562 32
296 552 25
721 134 9
307 191 14
99 160 33
23 727 34
238 433 33
719 595 1
157 302 10
716 54 24
596 393 8
668 528 5
236 533 26
263 384 29
70 135 18
105 105 14
51 137 15
250 417 13
502 806 28
147 727 30
534 678 14
205 436 28
67 420 25
507 393 22
431 718 27
190 67 8
55 653 17
418 294 28
29 330 14
163 683 25
114 103 23
244 660 7
717 685 7
69 609 29
296 625 27
228 770 35
260 581 1
457 584 19
422 99 3
766 322 10
134 47 15
676 78 15
250 638 32
28 403 32
92 231 19
259 106 18
485 466 22
582 737 17
256 808 24
391 368 4
394 781 23
213 226 17
287 45 34
132 128 12
385 604 16
462 125 9
122 806 36
375 692 19
804 701 16
167 619 31
180 135 32
169 259 15
316 16 10
394 591 22
294 243 32
163 16 16
684 91 23
760 303 14
372 411 29
243 784 1
214 453 3
567 559 5
811 85 11
536 117 11
292 508 9
433 507 31
177 776 27
366 25 15
641 279 21
645 270 26
258 592 21
607 390 13
435 73 6
530 714 20
126 562 36
767 139 15
243 663 25
103 337 20
510 26 33
361 690 5
746 379 18
67 241 28
747 488 6
281 95 4
669 211 19
8 447 35
299 624 21
357 765 28
117 300 18
799 342 29
665 328 14
269 635 31
577 118 4
448 162 21
593 161 16
761 344 11
680 417 5
585 771 28
307 798 20
151 474 11
804 403 13
127 431 3
302 692 22
592 137 15
310 158 26
243 397 35
243 565 6
180 274 20
216 366 2
409 131 9
455 478 6
791 26 15
52 209 1
384 567 9
61 267 33
134 234 5
380 327 5
750 620 7
801 522 31
777 765 12
526 538 7
230 580 2
217 746 35
179 507 29
673 590 26
681 246 1
59 508 25
252 352 32
790 425 10
392 540 24
504 93 3
161 410 23
741 23 8
476 616 12
197 650 18
384 674 2
126 179 30
489 807 30
144 601 9
726 714 34
73 656 20
121 364 23
427 316 17
424 395 1
126 545 23
18 281 7
693 325 22
454 489 27
773 155 4
486 420 30
345 14 31
233 337 21
489 150 24
737 191 14
263 679 34
650 238 7
641 309 25
494 148 12
450 703 25
558 752 10
668 350 34
382 285 2
779 636 33
286 57 27
73 204 35
392 340 30
243 105 8
48 35 33
692 776 17
380 453 2
481 667 14
52 241 22
761 798 23
83 489 1
578 321 26
751 315 22
526 570 22
209 83 11
193 344 25
487 315 15
674 262 12
240 799 26
692 786 10
58 354 8
108 458 35
500 746 27
470 283 12
425 784 25
109 81 31
705 597 22
719 402 17
222 61 17
810 287 20
593 263 9
188 325 3
4 327 7
710 350 14
553 492 23
95 335 7
711 725 7
371 502 7
632 442 23
706 773 35
90 807 15
145 679 33
429 253 27
676 676 5
558 33 25
138 176 6
767 587 32
222 14 2
190 45 28
679 286 15
686 512 32
331 228 18
685 620 3
444 430 21
292 209 6
107 801 12
94 298 1
373 37 1
469 563 29
499 363 10
229 793 9
790 641 5
526 483 36
28 427 30
102 272 13
416 689 29
416 105 16
301 240 20
28 565 11
114 712 13
363 223 35
712 31 17
32 767 15
664 98 7
531 238 21
34 800 4
487 401 20
462 452 4
254 506 28
398 213 1
339 93 6
189 91 22
248 639 14
267 490 10
300 427 15
419 506 18
518 147 8
190 723 33
423 483 10
455 598 36
810 596 29
433 351 4
635 460 20
547 306 25
437 91 7
716 359 21
578 182 2
307 597 12
173 419 3
396 780 17
96 282 15
201 228 26
199 584 9
566 776 6
158 366 10
76 359 2
496 754 17
369 285 21
52 604 33
517 272 33
748 555 5
70 563 25
395 32 17
290 67 5
304 52 19
641 123 6
5 489 30
396 768 10
317 711 21
335 250 21
421 283 35
181 76 15
54 67 15
667 376 25
136 350 4
90 446 35
441 602 10
91 714 25
658 195 2
636 588 31
721 200 13
75 63 7
767 315 17
41 150 11
670 784 18
539 72 26
644 135 23
432 749 19
610 441 2
187 382 7
783 319 6
578 705 15
259 208 22
150 141 22
75 551 28
809 199 16
810 531 27
617 643 15
155 53 2
223 749 18
98 457 25
225 10 19
595 14 12
305 299 21
713 127 8
135 419 20
650 387 12
620 702 17
662 408 8
625 354 25
281 582 6
389 671 15
778 484 23
709 480 19
418 632 12
655 484 17
409 247 16
639 295 28
139 225 17
588 188 17
658 440 28
646 377 14
19 88 28
4 706 12
51 133 25
93 298 17
671 243 29
25 266 12
67 214 14
730 302 16
369 317 31
221 552 36
406 348 35
61 668 30
490 521 14
381 243 31
207 513 25
727 356 34
160 150 33
121 358 18
536 575 27
267 605 4
217 158 21
434 99 10
279 633 20
660 802 31
43 89 7
315 232 10
608 781 17
244 190 32
456 648 27
249 580 10
234 518 9
739 157 24
719 393 11
554 709 16
494 606 7
467 207 10
424 695 31
593 214 10
60 485 21
60 228 29
788 126 10
192 57 28
704 674 16
47 22 36
742 538 17
686 577 21
107 725 29
485 147 6
805 490 30
239 409 24
95 779 32
276 174 19
745 218 12
791 757 17
382 146 9
114 472 20
207 493 15
732 375 11
344 332 20
769 665 31
43 73 30
534 608 4
728 294 30
549 261 6
541 101 36
501 540 36
716 101 34
192 805 34
623 345 23
706 508 4
654 703 1
705 259 35
695 350 26
672 373 24
397 169 34
235 439 13
450 112 4
11 269 8
794 565 25
316 469 21
645 550 2
695 298 2
526 247 33
605 205 14
113 121 26
411 637 26
575 196 21
399 74 29
138 679 26
150 396 14
662 311 15
49 722 12
283 501 5
604 521 19
707 549 21
395 676 21
216 647 20
701 692 19
657 566 24
752 372 22
68 379 1
506 759 10
149 740 10
288 224 9
270 541 10
355 554 23
392 708 36
798 365 21
166 586 12
441 206 13
289 252 9
734 187 33
323 599 21
396 122 26
255 77 30
700 14 33
72 46 18
624 398 13
94 415 7
610 728 6
166 9 31
103 486 3
775 124 19
198 805 28
495 570 6
216 94 12
723 53 18
273 308 3
5 755 21
385 640 20
129 221 23
281 673 16
741 242 13
697 664 34
72 742 18
430 543 14
759 153 15
515 36 5
192 476 28
160 648 3
97 265 24
538 650 4
777 762 23
503 201 15
425 418 17
483 392 6
1 539 6
297 512 33
747 46 26
412 582 11
645 678 11
95 324 6
17 583 26
384 394 7
2 270 17
709 628 31
440 492 1
50 541 15
391 50 7
132 305 29
750 77 30
457 135 11
84 162 16
473 508 4
573 543 11
777 782 26
471 161 33
620 53 21
255 487 25
633 741 14
629 375 36
810 587 28
806 150 29
453 658 32
760 711 27
645 610 25
347 470 3
129 333 30
450 810 10
636 376 21
428 176 5
756 676 23
283 289 10
226 17 31
801 466 12
386 368 6
269 529 19
483 79 34
118 586 26
765 294 34
588 221 34
310 143 19
664 39 6
689 131 34
80 63 8
113 569 17
67 92 32
530 395 2
342 392 14
582 398 12
291 335 24
1 245 28
808 764 35
546 206 23
594 227 21
163 562 25
418 682 16
280 86 8
204 348 21
575 769 14
531 344 27
485 647 11
593 356 15
348 97 6
806 236 18
70 692 6
301 635 22
681 703 1
616 142 12
209 552 9
20 602 22
555 575 10
72 255 1
653 739 11
605 509 5
86 232 18
552 154 18
350 112 16
162 716 31
400 711 9
177 126 23
646 748 10
676 628 5
448 711 29
735 709 1
436 672 7
377 225 7
280 580 2
777 388 6
738 162 10
24 55 11
494 142 19
64 236 6
241 377 15
112 50 11
186 541 21
122 661 18
348 628 2
580 722 34
429 175 35
210 76 30
62 68 2
524 64 10
716 295 8
738 106 6
161 310 12
231 766 18
775 545 31
693 79 15
145 423 31
199 163 8
659 442 28
685 782 6
318 604 22
369 73 17
139 519 31
350 309 23
292 457 3
402 729 25
761 356 35
323 281 6
14 94 1
332 164 24
111 746 32
15 742 14
703 340 36
218 153 23
530 249 18
427 373 5
187 451 27
23 740 10
464 595 35
481 763 21
79 220 25
58 379 5
772 430 20
570 784 35
295 731 28
402 489 6
165 742 14
244 559 1
625 275 18
636 666 22
721 298 31
273 174 23
65 120 7
429 300 32
702 599 10
9 180 10
434 807 14
166 674 14
108 549 4
281 34 1
599 475 6
387 123 31
71 470 13
58 399 9
531 444 17
664 375 15
330 335 15
640 48 25
68 287 7
319 380 8
495 660 9
544 613 28
208 331 31
545 435 10
101 802 32
682 756 8
121 206 34
357 24 31
135 537 17
335 658 34
430 659 34
58 103 36
427 63 12
83 405 11
461 516 36
495 496 26
60 765 2
797 445 36
542 143 31
610 323 30
38 646 7
371 633 25
421 693 19
573 647 9
474 156 6
486 243 24
244 41 27
132 579 36
548 384 13
746 86 11
162 757 3
712 458 30
449 514 17
625 368 5
68 412 3
256 258 12
647 747 22
246 139 33
400 181 12
434 345 4
617 811 26
352 226 5
64 462 25
452 238 5
412 139 20
389 347 31
332 328 22
35 65 12
455 256 34
144 768 4
399 51 5
679 23 19
509 242 10
56 417 17
215 494 3
387 22 35
245 464 12
233 233 19
740 628 24
508 757 36
192 359 10
493 742 15
7 270 26
173 672 17
541 17 7
232 502 16
771 529 29
85 536 31
272 448 11
682 167 35
262 333 30
408 227 23
608 77 32
208 660 7
115 110 21
9 23 26
399 84 13
611 109 31
137 244 17
26 643 32
117 38 4
254 443 27
513 297 10
147 756 24
730 385 13
80 226 11
25 521 35
107 297 27
695 335 12
58 83 5
777 263 29
580 272 24
329 680 8
715 477 36
330 370 21
213 64 11
232 186 13
169 159 28
581 230 28
606 788 19
584 726 33
462 521 6
518 261 6
398 537 27
343 676 35
78 221 19
506 735 15
802 187 7
186 703 28
555 143 2
220 715 9
637 526 20
681 294 12
169 601 10
261 63 14
425 800 24
189 737 16
358 457 36
382 660 5
449 736 18
287 556 14
761 101 32
668 168 24
313 682 33
140 549 25
511 292 26
611 40 21
422 62 32
395 453 36
452 538 24
690 94 36
769 736 23
697 748 22
305 146 36
647 69 18
336 109 8
111 171 18
665 348 13
464 41 13
115 365 14
236 171 30
608 188 10
62 770 11
632 182 26
504 436 12
154 618 26
307 586 17
349 329 25
772 315 27
184 595 34
39 654 23
251 185 1
284 479 23
647 128 16
342 610 24
71 268 3
708 381 9
131 140 29
312 57 23
262 150 33
515 594 33
137 284 36
579 429 7
301 383 24
219 583 18
227 516 2
306 199 14
455 437 10
36 739 24
634 301 7
754 247 13
482 572 9
310 632 17
255 170 34
443 524 27
108 387 5
718 13 10
700 11 26
288 662 12
698 388 16
738 679 14
93 432 14
415 728 25
660 465 27
344 45 9
528 574 23
331 147 1
360 590 19
440 385 21
337 567 12
322 334 13
16 803 19
495 36 36
213 668 32
206 93 28
421 103 21
108 285 15
539 509 13
62 624 21
178 520 2
553 147 4
140 757 19
15 404 18
778 206 14
464 626 14
619 324 10
748 237 20
114 43 22
108 674 10
536 67 28
643 609 35
642 376 14
123 243 33
537 558 33
547 698 6
462 179 33
689 378 20
599 527 25
283 543 36
472 440 7
7 25 5
582 434 15
803 261 27
229 705 3
669 350 10
266 342 22
31 707 22
708 451 26
98 333 23
59 631 19
368 720 6
222 768 33
63 432 6
243 617 4
633 206 31
316 797 13
740 807 10
86 500 15
601 372 34
227 503 34
154 760 33
361 136 20
304 274 31
235 276 12
610 215 36
14 640 18
53 11 22
450 165 11
119 205 1
25 615 10
52 553 18
235 496 32
490 108 34
260 227 33
13 374 17
391 595 17
734 117 14
367 496 8
749 138 14
611 674 31
34 128 35
563 656 4
119 620 10
414 564 19
643 696 32
460 764 29
24 43 21
423 14 28
637 198 22
659 414 10
731 571 27
84 744 26
348 164 4
31 100 3
122 253 36
330 480 19
663 134 33
12 572 3
312 527 1
421 312 3
743 108 7
381 348 32
138 233 2
147 252 4
72 392 13
796 253 8
356 486 28
689 332 15
279 538 14
424 535 10
11 392 9
809 600 25
557 599 22
305 483 23
705 753 35
206 183 1
235 678 21
431 241 22
452 663 29
292 446 24
573 456 36
381 242 26
443 340 9
562 88 15
96 27 24
424 418 18
505 467 35
689 431 9
466 34 10
301 498 32
653 14 32
740 56 21
281 434 20
361 73 13
240 505 19
415 178 30
291 704 2
398 76 20
248 42 25
678 307 3
375 133 33
780 86 34
112 164 20
404 668 25
664 263 13
556 586 15
18 530 19
595 368 16
113 370 7
197 651 10
332 275 2
167 538 3
770 310 20
479 421 28
474 393 33
505 234 22
591 348 21
255 535 36
582 796 7
187 263 1
189 48 32
397 631 1
331 407 15
802 673 26
586 275 28
314 467 29
23 629 1
353 601 3
629 621 20
332 357 31
452 65 13
619 203 35
231 495 25
209 746 9
605 87 14
731 309 11
569 212 24
86 396 10
14 746 14
108 458 27
783 703 16
488 647 27
428 701 34
17 669 7
290 445 23
808 63 19
421 629 23
631 245 3
540 630 19
398 384 22
200 708 14
747 583 25
401 586 3
390 80 3
421 163 4
272 157 7
556 131 11
678 145 27
745 291 5
205 475 34
22 132 31
680 694 23
546 44 24
90 684 17
264 344 28
121 165 34
215 259 8
186 665 29
606 599 16
515 722 19
736 579 18
111 792 36
452 118 12
430 764 13
511 535 30
12 288 17
789 781 5
577 724 12
86 772 33
443 328 15
389 636 15
689 212 27
403 33 23
709 373 4
795 30 34
750 150 12
721 399 30
404 131 6
627 165 6
358 591 32
761 695 31
32 615 32
577 681 23
14 174 31
269 259 15
445 52 7
605 664 23
380 557 10
189 156 9
276 600 36
617 141 7
637 795 33
388 109 19
138 627 19
808 201 2
188 533 2
147 349 35
364 743 36
111 663 2
802 529 19
677 406 11
341 648 26
71 72 8
474 17 3
247 713 17
543 698 27
108 551 2
153 269 18
734 623 5
371 702 13
157 250 7
3 481 27
674 475 3
594 501 23
574 725 14
727 180 26
746 80 8
173 539 20
251 240 34
586 588 30
592 552 36
281 148 5
270 132 1
332 705 22
12 300 3
495 39 23
9 533 30
381 139 26
475 296 16
129 490 25
551 641 32
412 354 7
436 766 8
677 90 15
47 54 2
282 118 20
679 421 34
362 526 15
340 470 18
774 144 31
556 217 7
338 753 23
709 578 25
722 503 11
313 729 3
244 206 14
36 652 14
27 478 1
491 188 31
498 593 6
590 734 28
73 596 36
747 115 19
12 352 19
288 419 1
115 295 36
174 357 15
405 798 14
63 649 34
501 794 12
628 438 8
620 388 9
701 84 35
550 174 30
776 304 5
497 515 32
431 548 26
287 439 21
523 53 21
571 739 21
142 754 11
716 54 3
42 85 34
219 544 33
83 56 3
125 730 21
544 509 12
657 238 4
53 431 27
40 739 17
123 487 20
223 91 1
462 652 14
322 396 34
311 315 4
374 532 5
7 139 19
214 110 5
248 140 14
551 759 28
744 162 31
527 641 24
458 652 7
18 429 22
684 209 26
720 637 27
667 14 18
556 222 7
106 274 15
791 771 20
378 117 16
311 790 16
324 381 36
780 121 20
647 504 34
655 621 7
235 449 5
292 459 26
548 758 34
94 423 21
390 571 9
681 92 22
361 351 28
778 724 27
270 195 36
745 748 13
793 244 33
140 595 19
299 792 17
364 781 8
285 539 6
474 210 19
741 488 31
263 218 34
236 34 35
723 241 23
420 368 18
418 144 6
481 583 8
59 313 29
247 357 24
42 507 13
583 83 23
73 546 23
30 610 3
492 549 33
341 792 24
199 421 21
586 550 27
550 229 10
72 707 2
413 630 28
353 620 25
200 171 2
437 110 31
121 387 3
381 64 22
277 703 24
476 578 14
240 622 11
727 85 35
789 36 5
323 261 36
636 277 8
362 643 21
561 435 19
781 612 30
255 576 21
503 465 35
166 462 11
522 618 3
130 31 32
586 149 1
240 743 5
754 328 27
79 561 10
76 561 2
2 742 34
731 460 21
439 444 30
226 419 3
782 425 19
247 10 34
801 68 32
217 606 8
603 212 10
411 677 31
82 131 9
447 23 14
175 235 15
352 157 26
759 723 27
533 459 13
181 696 26
359 597 26
528 115 5
258 766 7
173 725 28
615 108 16
522 4 15
659 466 28
438 791 18
7 85 5
550 776 2
474 234 30
105 630 21
312 278 3
518 554 27
158 235 10
282 188 25
691 403 30
452 179 22
612 713 23
71 36 15
161 13 27
457 556 5
67 547 15
560 597 13
99 378 15
266 534 20
669 569 9
675 383 20
731 667 12
4 163 25
456 80 22
162 98 11
723 492 21
707 671 26
52 150 10
364 727 8
794 592 21
95 606 1
420 738 8
465 64 16
50 127 1
55 179 35
620 45 2
777 535 15
117 657 17
253 708 12
302 1 11
674 418 29
228 24 32
153 244 28
691 735 36
351 585 28
405 430 17
383 801 30
405 374 1
50 557 15
342 559 26
398 441 5
757 786 8
655 718 31
381 780 27
776 560 30
24 500 16
124 87 7
321 553 5
78 725 26
133 779 7
206 386 8
124 38 5
360 351 27
644 151 14
158 13 13
593 195 24
510 190 16
190 210 14
88 728 9
294 263 26
796 7 16
164 435 11
584 186 7
586 35 14
215 254 29
477 193 6
325 571 4
175 330 33
55 506 12
182 46 5
737 673 23
723 657 6
408 336 23
140 275 32
448 70 28
282 590 32
771 274 5
530 644 4
640 657 10
426 243 3
364 206 21
512 141 6
441 395 29
734 150 9
602 681 33
294 707 32
9 750 6
388 569 14
451 679 22
455 55 15
302 562 17
368 170 4
306 279 14
514 504 31
662 620 30
725 161 5
228 108 6
456 504 24
104 120 29
557 659 11
360 157 17
682 523 23
488 580 13
242 227 18
56 159 11
628 615 32
489 415 30
558 604 22
446 810 35
403 75 29
35 367 3
340 726 21
178 180 4
531 665 25
319 55 3
246 315 6
270 412 21
28 585 30
413 108 29
134 341 2
73 325 17
633 141 18
589 74 25
516 751 7
111 433 30
338 53 20
399 640 30
195 759 32
291 727 30
764 242 1
425 523 16
784 261 34
374 368 31
575 614 11
151 713 23
678 482 10
763 476 7
97 629 21
144 544 28
59 236 20
459 157 34
680 115 12
553 544 35
271 737 15
618 412 16
102 674 19
501 415 30
710 507 21
458 67 13
350 269 12
721 138 1
638 612 32
278 330 24
192 710 21
763 519 25
143 623 21
110 708 11
676 16 35
142 154 28
434 244 30
378 564 3
23 287 12
668 724 12
469 635 8
699 652 12
154 343 34
779 248 20
257 351 16
380 198 10
82 610 13
63 251 29
597 259 35
216 214 32
685 635 3
153 231 23
85 215 6
429 243 32
618 114 5
615 440 35
567 157 25
532 180 32
347 696 21
82 26 5
372 489 29
224 404 7
710 485 12
423 19 28
514 469 16
406 150 4
157 37 10
117 143 16
214 298 29
248 408 25
123 460 29
684 617 21
630 545 34
33 403 15
732 295 16
554 474 30
132 762 11
424 169 22
748 719 14
742 460 23
496 756 33
360 130 11
556 7 18
725 278 22
301 205 19
273 359 2
786 657 5
221 510 18
179 534 12
114 132 4
669 338 22
27 788 9
166 613 9
579 556 4
60 784 17
461 771 17
724 405 33
593 362 21
742 109 10
404 122 27
252 485 31
633 585 25
32 9 12
682 792 4
576 118 30
409 779 32
404 96 15
689 621 5
161 589 4
671 390 16
476 769 30
286 43 24
693 477 21
285 462 29
738 465 30
792 54 22
296 596 21
573 490 35
688 263 14
708 218 32
776 36 6
97 772 22
547 684 7
101 167 32
492 585 33
599 148 5
509 292 3
254 560 23
479 395 35
503 444 29
750 343 27
688 122 27
803 416 22
224 571 26
506 10 16
79 261 12
400 714 9
566 591 24
746 648 36
517 350 25
535 622 7
738 296 23
615 80 7
753 797 16
634 725 9
241 118 25
95 170 3
461 102 11
70 123 34
514 437 28
435 22 33
106 502 31
552 61 11
741 354 33
646 132 20
501 500 30
485 60 33
47 183 31
57 54 13
626 488 14
66 503 19
306 746 14
763 38 32
65 634 20
277 444 10
658 735 20
54 297 18
796 337 25
624 750 5
475 226 29
60 717 30
704 503 19
1 211 17
510 60 34
1 500 3
344 573 25
760 400 22
177 430 33
196 37 28
638 242 32
436 306 19
728 451 4
438 729 28
564 748 35
504 143 19
238 533 8
95 304 31
537 392 36
379 457 33
432 704 28
15 79 12
111 197 12
608 79 21
372 767 8
85 530 30
115 455 1
618 82 7
56 80 24
174 479 13
1 294 18
731 194 7
577 706 11
659 795 32
172 157 11
482 471 3
12 656 6
375 702 10
679 24 22
687 260 19
468 784 21
577 265 35
223 197 31
198 763 10
350 333 23
729 744 8
757 4 34
49 679 25
271 351 25
411 741 13
185 52 16
522 608 13
768 20 3
109 573 17
349 510 1
675 129 24
684 192 7
341 44 31
731 26 12
119 325 22
88 94 5
170 270 2
455 156 18
799 404 31
723 125 19
310 32 28
700 389 28
259 55 34
397 727 5
353 278 1
395 279 33
325 458 28
281 333 11
581 173 24
691 749 18
39 591 28
575 800 5
776 283 33
288 186 11
514 658 22
229 271 34
165 739 6
723 234 2
446 775 10
636 160 22
127 193 10
52 246 29
70 263 18
775 365 18
327 635 26
432 28 33
598 609 23
539 727 33
291 335 13
360 431 18
56 425 34
282 172 36
681 401 32
187 67 7
349 348 3
121 109 34
663 225 13
642 584 19
178 776 26
41 341 3
220 396 33
1 121 23
29 674 2
413 598 27
770 135 21
585 744 16
661 598 15
792 253 3
24 181 34
269 633 4
497 514 30
687 407 12
704 684 33
386 364 33
344 655 8
268 290 34
381 296 16
253 614 19
22 615 31
336 398 26
377 167 26
158 275 35
739 697 28
336 674 9
399 28 13
208 272 1
521 278 32
95 358 17
101 257 10
666 419 11
276 296 36
114 755 13
310 192 2
263 418 27
775 397 30
163 619 19
319 116 16
647 205 8
54 216 22
425 403 35
601 290 16
130 372 22
378 705 27
497 748 32
139 658 24
367 592 27
533 730 2
645 32 7
684 642 20
642 53 24
483 798 20
488 183 19
618 518 26
200 429 20
350 290 15
656 526 16
347 695 25
28 31 3
342 37 34
76 458 30
808 24 33
771 100 22
652 612 5
480 348 26
155 479 1
15 409 21
243 166 35
481 189 5
316 766 9
775 664 17
726 414 23
462 79 4
552 705 2
60 457 36
435 198 22
130 523 31
209 126 32
175 478 15
532 688 15
231 653 28
631 601 19
696 358 35
164 665 24
494 647 2
86 75 13
695 18 18
748 4 21
412 282 22
162 296 24
61 23 10
421 352 27
292 602 1
268 492 1
330 288 36
522 791 27
80 17 36
14 434 9
44 49 29
140 801 27
628 535 17
160 710 33
556 504 17
391 702 19
448 293 24
497 705 2
768 53 36
405 745 27
385 646 4
665 384 4
331 467 15
172 213 28
551 337 17
118 221 24
524 345 11
445 528 36
349 47 11
681 742 24
234 758 20
172 717 7
741 208 23
389 714 28
739 428 15
379 484 5
475 501 32
354 150 8
503 382 1
594 143 9
714 559 19
641 307 32
470 323 36
706 421 33
126 794 13
353 308 20
392 50 31
400 55 34
393 274 11
364 231 33
693 649 10
199 62 30
810 772 14
20 618 3
328 795 1
234 385 16
396 405 13
781 696 25
667 172 35
552 81 20
721 704 29
615 169 15
397 749 32
273 668 14
363 568 14
206 624 26
438 97 22
32 102 21
240 131 13
630 449 21
562 784 12
14 533 13
369 493 26
22 233 35
548 128 16
368 101 31
413 303 14
417 689 28
220 395 4
236 768 4
294 701 5
133 760 23
689 666 11
672 704 12
575 39 11
674 408 4
449 44 16
676 315 4
222 667 19
9 220 17
688 133 28
753 588 30
406 134 20
433 327 17
547 632 22
107 742 1
168 43 23
547 254 28
195 222 13
508 74 35
185 475 7
703 507 8
322 560 24
590 80 33
45 108 24
349 386 13
785 365 12
639 632 6
87 577 32
483 312 21
246 241 28
137 483 21
314 222 32
241 157 10
363 791 30
499 229 33
18 662 34
499 653 18
563 714 18
429 766 22
737 338 33
224 317 1
301 60 18
760 289 32
414 796 1
474 444 22
331 214 32
352 245 32
58 466 12
48 169 22
333 727 28
70 808 6
212 610 10
574 284 20
345 259 23
585 376 12
178 327 35
601 739 11
661 210 23
178 736 30
778 373 26
185 133 12
692 573 19
398 52 20
477 568 23
731 268 4
498 26 28
34 213 22
755 561 4
369 279 9
316 262 10
759 585 25
229 714 1
789 772 8
472 136 22
349 234 19
793 87 3
636 757 11
42 302 25
507 512 24
683 155 24
144 123 22
671 486 7
426 534 13
666 648 13
370 37 25
701 276 10
58 188 14
12 327 22
462 661 13
124 31 8
740 316 31
629 135 8
286 382 27
797 437 35
85 130 24
771 526 24
104 225 30
457 419 23
665 120 1
406 319 30
278 609 25
183 418 19
305 541 23
607 163 8
273 172 32
183 35 24
721 191 31
750 566 9
229 31 36
617 148 4
559 563 29
339 160 27
421 718 35
27 541 15
595 82 36
321 742 20
573 673 5
306 626 7
551 308 26
19 167 35
590 648 33
536 17 10
5 11 14
404 755 3
335 672 17
169 429 15
610 657 5
76 683 15
711 110 18
505 267 19
217 81 14
178 217 30
411 638 29
100 276 36
150 136 1
119 182 13
90 249 33
94 210 7
176 47 10
394 811 34
256 454 21
495 180 3
270 148 24
811 429 2
330 547 34
55 647 1
725 266 14
187 736 30
485 273 7
631 475 22
127 523 18
72 467 6
490 707 10
434 706 16
94 496 12
12 36 35
341 169 8
717 680 28
558 688 19
251 570 9
460 5 14
307 296 25
179 132 13
211 121 17
461 178 36
461 37 12
446 445 26
328 207 17
418 518 34
585 369 7
164 45 15
70 549 9
236 70 36
80 34 21
190 625 1
553 150 30
560 137 22
237 706 30
558 334 4
533 713 32
416 545 26
538 665 9
387 155 1
418 515 7
809 628 21
354 198 3
121 143 29
750 456 3
681 614 15
505 239 25
564 635 32
471 436 16
542 441 29
455 588 19
802 616 27
799 192 7
610 510 20
596 229 15
544 168 9
411 427 22
211 107 28
451 65 10
568 117 27
523 55 36
596 120 23
570 32 36
445 529 1
487 699 21
60 689 31
390 20 3
484 201 23
619 654 6
734 683 21
346 802 7
728 625 21
321 63 29
370 105 23
382 658 12
804 75 5
730 82 9
667 271 17
738 611 36
4 493 12
340 523 27
596 678 31
595 137 28
419 322 2
631 661 31
515 715 34
802 266 28
441 520 35
492 203 34
775 59 7
637 751 21
47 514 11
213 79 29
514 740 19
574 40 29
676 731 8
18 477 13
612 2 4
767 667 9
803 652 28
481 256 21
322 533 15
365 183 22
569 518 12
349 708 12
220 698 18
707 172 18
206 747 14
295 445 9
166 9 21
718 179 35
228 476 36
626 94 18
144 204 2
170 642 12
680 752 20
129 171 5
117 741 1
808 355 34
561 782 21
740 632 29
663 674 31
775 269 17
633 471 25
631 627 5
488 133 7
277 705 8
649 703 36
87 529 24
429 690 13
301 379 6
517 357 31
672 540 11
492 740 33
204 708 20
374 149 28
742 658 14
389 481 23
545 511 4
734 658 13
76 382 32
599 741 10
496 571 24
12 293 29
117 162 28
118 523 22
463 241 1
75 131 15
664 4 23
742 128 12
751 453 5
698 38 5
185 255 28
108 7 6
282 794 27
686 443 2
4 653 32
597 31 27
278 611 18
693 677 28
84 790 4
19 128 27
591 58 14
405 742 25
729 353 10
555 44 33
442 278 22
400 411 35
607 636 12
104 651 9
478 682 16
706 597 34
378 86 36
478 58 10
332 56 32
264 148 29
266 402 15
305 320 29
164 91 34
568 557 10
531 368 2
263 497 16
690 426 4
574 777 36
330 455 36
201 647 5
777 658 35
662 597 31
367 743 32
455 471 6
35 552 31
741 427 18
464 45 30
136 20 22
691 704 30
312 731 27
293 451 29
627 734 26
541 394 14
9 338 31
432 556 27
363 576 16
674 455 26
490 299 4
796 194 32
771 572 24
328 672 35
712 105 21
763 808 12
172 603 5
426 621 34
410 159 13
791 653 31
810 503 23
56 271 10
783 252 12
703 337 8
268 267 31
68 732 1
350 324 10
211 655 6
337 793 29
54 784 4
43 125 35
390 152 4
134 236 28
238 292 8
335 243 35
371 543 19
81 685 27
216 316 28
90 712 27
381 444 29
126 63 11
3 298 15
232 459 13
51 278 21
352 335 29
172 506 22
715 1 21
144 587 34
805 169 5
429 749 35
445 362 29
805 401 3
563 308 35
614 44 26
464 2 12
176 519 7
31 657 7
524 372 20
102 776 24
473 401 16
754 678 6
261 150 3
621 331 24
240 766 6
257 420 16
552 293 15
13 104 10
300 573 3
755 385 4
661 733 10
219 610 10
688 598 17
62 691 31
287 440 4
274 273 26
82 439 2
66 629 24
469 354 18
424 69 3
610 193 33
246 499 24
198 258 18
353 376 35
545 318 22
7 117 21
664 410 30
666 724 29
378 141 18
393 535 16
650 594 8
34 681 24
535 250 30
391 456 2
320 551 5
355 690 31
102 685 34
116 578 18
264 167 9
342 528 10
705 273 14
700 144 14
260 763 7
676 416 5
115 560 8
703 182 26
45 636 25
701 564 16
803 355 29
689 649 20
418 313 33
596 487 20
40 424 34
83 362 2
734 724 17
213 315 34
488 514 32
779 309 24
614 784 7
271 330 36
441 458 19
298 794 32
691 644 8
270 496 30
676 559 31
517 640 24
351 108 21
141 604 8
225 529 36
685 246 15
659 124 16
705 237 31
67 494 16
795 313 30
806 742 4
312 743 28
82 155 13
627 501 16
453 298 26
598 795 3
770 570 33
507 443 8
23 267 6
246 57 19
708 753 9
647 586 11
465 12 34
501 74 15
25 397 24
645 212 19
683 225 36
336 572 27
383 609 27
468 244 4
807 472 27
208 780 36
40 180 17
234 734 31
549 737 30
29 415 11
205 561 18
449 749 2
736 575 17
687 645 9
18 100 35
556 509 20
224 15 22
226 93 15
165 648 28
797 775 18
120 318 3
90 673 21
742 389 16
684 30 3
546 513 10
487 291 23
416 695 2
21 542 1
513 348 3
49 223 2
653 54 13
188 13 34
593 133 17
681 590 11
332 87 28
274 649 24
473 737 17
419 662 6
570 379 24
385 737 25
725 795 11
121 576 32
145 356 26
560 264 26
86 190 15
505 337 31
452 247 12
752 275 30
778 263 24
299 520 11
623 403 8
719 142 23
16 664 16
67 768 2
595 763 35
757 532 31
31 526 16
535 713 7
549 756 6
56 311 21
442 34 5
672 655 30
299 529 1
624 621 19
152 323 11
452 99 21
361 599 29
669 81 14
391 807 28
795 643 20
100 216 12
19 590 10
600 488 22
237 52 6
518 345 13
342 751 3
130 760 13
14 804 33
659 609 12
729 739 29
527 799 26
748 17 8
692 102 21
238 687 8
122 769 32
771 563 16
469 359 17
223 713 30
585 803 32
255 177 4
348 571 33
118 562 9
304 689 16
715 317 20
539 54 34
268 447 16
613 808 8
361 514 6
580 90 28
368 130 13
653 295 31
307 176 32
723 718 36
168 782 26
596 104 19
462 326 10
256 654 18
522 361 19
68 606 19
686 800 23
704 756 35
234 792 9
246 8 29
399 736 1
483 243 5
101 760 26
262 734 23
290 292 13
775 471 9
567 137 19
509 516 30
221 769 14
401 474 23
233 681 33
403 641 16
320 49 20
788 231 32
353 106 26
513 215 33
97 459 14
335 159 7
745 276 20
373 352 18
670 807 35
197 440 16
395 355 5
170 208 1
805 720 23
779 453 29
385 22 10
587 783 28
460 366 3
481 323 35
642 175 7
312 811 33
644 519 2
11 302 31
3 347 14
671 123 8
729 316 23
270 547 2
641 55 6
792 709 23
807 755 9
797 283 23
719 675 1
409 365 34
280 271 14
564 572 16
187 16 3
690 228 33
346 478 14
804 605 1
600 631 29
358 137 25
436 798 10
145 318 28
168 542 35
40 542 34
353 795 4
351 523 11
191 640 33
208 604 26
356 457 35
361 429 3
1 736 5
93 775 6
156 237 7
541 188 4
601 137 29
455 575 13
418 767 9
474 538 19
161 560 36
284 534 6
657 241 6
341 281 4
512 197 10
721 56 29
787 472 9
174 441 8
560 136 3
366 370 32
153 459 22
708 577 27
559 90 35
597 470 1
777 727 35
502 371 4
90 792 7
602 616 15
338 619 35
393 691 3
328 770 26
659 487 6
664 167 2
744 292 27
282 804 27
359 618 22
107 684 33
644 788 18
647 359 33
150 633 9
692 472 23
473 658 14
763 552 35
613 783 32
247 755 33
25 447 25
213 368 12
540 441 18
685 110 24
445 670 28
732 200 10
635 297 36
389 432 21
226 586 15
320 517 20
255 208 30
289 663 17
553 719 23
432 41 29
91 39 35
456 540 30
43 614 7
584 11 10
558 426 9
709 29 21
577 642 11
806 212 25
509 661 12
753 585 21
367 565 25
734 570 27
548 369 15
414 566 18
322 376 10
560 554 8
267 267 28
678 788 14
488 24 20
768 264 5
314 588 13
519 223 16
124 446 11
629 152 20
239 81 23
617 203 12
247 643 1
579 114 10
735 193 36
128 42 3
674 176 2
604 739 10
123 704 35
582 478 15
327 272 23
97 578 9
170 750 11
400 692 16
475 505 28
704 185 15
415 467 7
792 253 34
730 621 10
778 506 11
172 277 31
525 792 27
63 518 12
565 439 3
99 46 35
3 809 30
83 118 12
480 179 36
33 567 3
618 141 10
96 784 5
743 230 29
113 320 32
648 43 1
778 387 2
188 360 2
715 789 8
526 277 28
262 311 21
299 305 23
189 339 35
6 672 25
528 380 21
139 338 5
489 689 18
363 121 32
385 245 30
724 316 21
400 143 34
408 56 23
83 373 9
490 564 13
6 503 36
87 23 29
159 196 22
28 396 15
223 408 7
274 218 35
664 682 34
754 800 31
564 785 13
647 104 32
90 215 1
352 166 29
541 401 5
451 6 21
528 66 36
24 666 24
394 276 13
417 174 3
513 705 1
368 533 3
43 199 8
555 530 8
106 495 14
245 805 28
661 743 20
385 330 34
8 51 32
539 381 21
144 434 4
29 232 6
697 32 10
192 755 8
290 402 3
184 251 1
19 444 5
668 353 35
809 734 28
547 160 10
153 805 23
670 692 33
523 229 11
703 116 34
696 641 36
37 453 19
400 48 14
32 542 25
704 233 36
204 251 31
301 811 4
777 240 23
13 772 14
675 783 33
317 274 30
705 581 6
725 152 2
701 469 36
772 128 36
576 113 3
557 554 4
17 736 8
686 247 19
297 44 25
704 80 26
465 155 34
481 217 34
654 7 36
785 537 27
593 616 36
711 148 7
171 25 34
545 423 7
729 711 31
507 711 22
174 418 23
555 270 29
164 632 12
314 300 25
282 437 2
806 524 4
481 383 19
375 255 11
78 430 21
401 554 17
625 375 27
685 23 7
499 579 13
471 198 26
153 630 34
505 625 33
330 351 23
701 709 32
305 354 31
750 770 19
418 420 10
3 734 20
269 135 13
11 143 32
539 594 16
174 24 2
396 144 12
627 205 35
3 175 29
285 609 17
715 270 11
504 757 6
87 173 19
666 335 2
431 752 20
194 148 12
195 245 5
791 206 32
510 53 20
406 129 11
475 646 4
242 198 27
290 341 36
363 570 17
635 158 18
684 787 6
106 464 33
416 61 17
753 59 3
178 730 29
454 571 3
25 799 20
102 807 33
274 769 28
261 721 11
671 7 9
146 592 29
753 487 3
476 786 30
506 515 17
275 736 3
542 751 13
226 680 21
508 82 8
10 696 33
507 516 18
395 423 31
751 700 27
646 622 29
671 453 18
423 439 21
121 343 26
625 271 28
485 409 33
582 382 1
91 789 24
600 342 15
682 346 30
664 399 11
117 753 29
146 139 15
730 376 14
798 387 8
693 103 20
15 153 33
13 281 23
133 125 12
211 457 2
527 382 15
696 446 24
505 677 32
521 82 27
29 236 9
483 204 24
45 348 1
77 441 34
660 298 27
17 361 24
214 452 17
529 470 28
488 282 23
270 507 31
717 373 30
165 432 12
317 49 29
748 588 4
750 479 4
611 782 26
417 128 3
555 232 9
75 593 29
521 416 8
669 399 6
768 566 31
162 390 5
514 646 9
431 264 4
435 174 23
792 341 10
364 463 5
738 105 1
810 75 31
19 794 22
808 498 24
190 522 6
77 544 15
391 166 32
445 591 24
794 664 36
612 426 20
655 666 34
422 281 33
644 533 22
552 773 34
62 280 6
145 426 15
371 804 3
651 519 34
447 129 29
352 291 19
519 519 13
581 696 2
36 141 15
328 94 29
241 539 3
144 450 35
694 738 1
477 688 17
197 387 26
543 751 30
497 62 36
762 397 25
183 719 32
471 194 7
188 418 14
227 805 26
622 304 11
146 738 20
787 175 3
185 17 2
725 151 18
307 740 36
728 390 9
467 363 31
30 448 23
768 189 35
498 349 31
68 188 23
712 681 35
727 785 17
800 236 23
377 621 36
672 793 10
386 719 17
672 327 30
236 46 2
423 682 13
607 287 27
427 601 29
436 477 26
584 671 2
486 167 13
146 377 5
704 539 36
416 449 24
528 253 21
100 233 4
651 34 17
386 184 28
652 733 15
732 429 21
509 615 21
258 724 8
773 653 8
640 760 20
217 788 27
91 590 6
784 106 33
461 703 7
388 664 7
250 192 8
358 12 27
584 119 23
691 43 26
122 397 1
382 618 20
452 64 4
44 611 31
800 484 36
1 448 32
721 226 23
745 104 12
247 431 12
487 589 35
179 588 2
534 719 13
406 537 17
675 25 35
89 136 29
522 625 16
785 251 16
77 566 9
766 398 16
100 328 21
618 19 35
647 669 7
453 379 17
665 167 8
170 95 5
540 288 13
722 184 8
133 190 30
74 733 5
608 729 12
592 210 5
494 250 18
181 658 27
525 726 18
147 164 29
188 473 6
567 125 10
374 43 17
576 693 5
683 108 36
92 29 35
462 175 20
710 111 22
595 333 33
393 298 33
266 439 29
255 507 8
691 106 20
142 361 16
662 481 34
276 780 10
595 697 10
704 681 13
412 622 30
782 357 33
117 426 11
71 170 23
739 145 33
207 192 21
550 544 33
354 645 5
561 787 9
80 582 26
534 394 30
403 260 15
396 646 21
195 690 27
332 521 5
702 640 23
66 326 23
742 372 6
582 384 22
648 476 28
200 487 26
101 15 1
667 51 30
248 642 3
339 475 12
441 400 3
146 498 33
98 288 4
441 38 32
771 223 6
221 582 21
686 58 16
771 727 13
248 649 34
658 429 18
342 808 8
472 305 34
326 524 11
407 732 33
710 14 19
569 790 31
368 578 4
260 34 32
648 424 11
182 50 18
303 704 32
38 331 25
498 772 29
477 4 7
522 64 16
716 765 25
208 345 11
701 472 11
588 556 23
659 540 35
170 360 30
666 120 28
49 298 21
504 374 25
90 218 16
674 134 23
266 547 27
116 403 2
49 163 26
656 294 28
63 555 9
772 343 24
161 463 14
678 539 23
357 700 14
561 556 10
640 296 6
522 567 33
346 260 6
271 45 3
374 196 7
91 773 34
83 238 1
569 58 24
594 82 16
531 748 34
636 367 34
158 605 4
26 318 22
198 791 18
47 370 14
561 417 19
315 801 14
776 181 6
373 65 35
350 752 9
392 696 18
466 672 33
686 83 16
801 322 36
130 564 15
39 115 23
519 115 26
467 279 1
172 179 33
13 305 10
49 711 10
756 436 10
297 730 34
706 262 6
508 247 33
331 262 36
214 653 17
522 276 25
498 444 36
353 486 11
355 669 32
24 109 36
14 261 11
731 245 14
669 499 22
166 540 3
686 386 31
518 194 30
281 61 28
423 597 35
777 268 5
303 588 4
520 179 7
284 420 19
54 223 23
469 290 16
347 5 6
11 759 14
34 622 8
775 429 17
362 265 19
336 87 10
293 608 7
562 739 6
537 255 9
134 455 12
688 556 21
249 243 3
584 272 28
619 324 24
65 40 21
540 180 19
220 201 13
80 381 1
160 479 20
33 632 2
438 752 35
531 392 21
398 79 12
118 472 27
517 647 22
684 327 34
345 362 8
93 649 36
239 548 9
202 385 16
189 62 12
307 222 8
340 44 34
390 777 9
177 74 20
85 494 13
331 375 2
206 142 35
99 278 33
229 671 34
557 626 8
609 292 22
37 702 34
670 335 6
771 72 12
765 686 25
165 20 3
800 508 25
300 240 17
805 230 16
634 342 5
737 405 12
716 751 25
419 774 9
424 568 8
515 630 35
517 265 17
369 754 4
592 740 15
450 81 8
113 149 20
103 35 10
786 525 13
507 476 2
727 508 8
353 452 31
119 461 26
175 619 29
119 621 18
198 771 19
337 263 7
715 537 36
761 365 12
460 656 8
574 310 5
297 280 12
220 561 27
157 477 9
259 168 22
129 667 30
457 416 2
455 643 30
284 744 20
338 193 22
732 714 4
564 338 8
313 472 34
596 664 16
585 633 7
180 50 33
182 325 23
264 378 36
799 546 20
811 512 33
270 758 34
67 502 12
59 539 25
520 233 5
295 301 32
108 706 9
337 242 26
262 194 2
327 5 3
681 261 25
365 575 25
340 369 31
166 672 17
281 349 12
499 205 17
286 662 30
666 22 4
738 764 24
400 576 9
794 217 22
497 240 27
420 492 23
236 403 17
527 441 27
326 621 26
344 121 35
226 395 3
143 733 32
752 308 35
394 345 3
543 487 6
413 598 27
216 287 17
762 803 13
507 759 24
388 71 26
99 388 20
149 631 4
102 166 23
165 246 17
746 30 14
445 474 6
402 417 36
383 379 4
304 282 22
549 721 22
339 320 14
139 3 19
516 802 3
632 579 21
285 218 15
220 281 23
249 342 20
779 50 1
91 366 25
527 308 17
38 430 19
533 650 35
28 199 3
331 595 1
709 301 29
331 589 14
690 78 20
395 82 2
495 412 13
554 83 33
725 263 34
672 184 10
477 5 30
50 69 9
106 774 10
525 551 33
632 56 16
136 564 34
171 163 6
89 96 16
480 103 18
32 8 35
775 75 30
593 316 15
46 111 3
725 680 19
775 483 14
211 66 26
379 459 2
446 110 22
238 338 19
648 366 30
277 141 26
480 158 7
38 211 25
356 675 22
184 607 20
489 126 9
153 347 24
324 132 32
786 673 13
194 279 3
44 772 34
656 89 33
257 374 35
154 456 4
179 512 8
726 54 30
334 775 24
569 592 36
299 20 34
776 318 22
587 336 32
505 34 25
762 590 19
443 642 32
147 512 26
116 233 14
662 520 33
173 400 11
47 403 31
54 789 24
597 241 10
447 761 10
20 379 32
426 189 16
260 181 21
580 171 36
213 561 28
246 317 24
434 535 26
673 640 1
595 146 4
476 505 18
334 234 32
36 706 23
212 25 20
664 196 35
442 252 8
10 322 10
291 30 28
636 354 36
384 474 27
49 278 4
463 482 17
428 175 26
82 240 8
644 299 10
148 242 33
549 636 15
416 53 9
28 281 35
639 24 28
404 751 8
473 84 11
811 356 31
429 326 7
628 755 15
332 529 9
96 225 10
801 765 10
686 441 15
721 34 32
52 655 8
308 749 10
124 228 29
321 709 4
437 652 24
285 427 6
498 449 15
164 44 28
802 745 15
384 805 35
497 621 8
542 83 18
79 529 9
586 97 18
171 304 10
73 36 29
460 765 21
179 794 26
114 325 7
170 385 1
493 189 12
676 788 26
672 540 24
78 270 22
91 431 25
265 583 27
319 781 1
279 571 2
454 714 33
693 458 32
498 193 14
68 107 4
273 722 20
175 233 24
534 616 31
404 760 2
785 235 7
13 459 36
443 343 8
120 545 8
519 462 6
175 429 11
257 471 35
240 94 18
398 448 21
21 733 6
327 273 8
574 378 9
566 478 5
660 265 12
418 91 12
586 229 32
535 573 32
69 569 36
24 677 33
427 490 22
690 687 5
657 753 9
287 659 35
585 411 15
766 658 5
332 716 5
327 288 21
29 664 26
626 302 1
143 59 8
527 201 29
619 101 22
551 651 35
199 21 28
446 197 19
217 722 20
259 248 14
19 254 21
438 546 18
199 477 10
456 154 21
579 773 11
282 213 19
719 184 11
40 155 26
4 560 7
636 143 20
108 737 6
515 71 33
437 13 34
464 648 35
18 590 21
375 612 26
286 497 19
282 307 21
689 246 30
167 673 36
584 227 34
791 203 31
575 431 5
643 284 18
582 356 16
51 772 10
415 85 11
14 794 26
252 584 19
579 419 18
809 736 32
614 212 25
494 162 34
719 556 11
119 392 15
700 43 32
459 365 3
622 182 4
36 616 12
295 387 27
704 800 5
810 342 35
582 526 18
253 750 28
256 359 35
714 52 1
352 322 8
20 633 27
615 674 16
80 334 21
17 695 3
220 49 18
303 638 17
296 703 16
157 397 16
451 674 23
335 208 31
26 465 22
791 237 7
192 172 25
759 766 22
437 673 13
179 554 7
608 111 5
54 734 36
54 72 24
426 167 27
530 676 9
5 36 26
32 650 13
506 55 15
407 650 10
53 399 26
542 4 29
216 88 1
102 750 21
73 126 5
801 583 20
236 773 20
259 627 4
292 409 10
72 780 21
25 22 17
402 499 10
233 173 26
438 784 34
637 658 3
405 650 8
21 241 25
26 418 2
17 123 28
217 545 22
560 784 25
269 775 8
82 376 18
727 202 27
11 66 23
556 82 18
549 60 16
704 489 8
749 581 20
135 58 35
161 633 15
674 359 17
741 769 12
413 157 23
573 384 5
808 760 17
685 741 29
110 414 16
422 777 31
172 53 30
564 538 32
576 663 16
292 15 27
633 42 30
546 296 1
341 35 25
400 625 15
100 777 8
767 188 30
345 244 27
249 248 3
256 648 8
374 57 20
700 420 7
379 159 28
277 155 1
410 461 17
394 696 27
530 494 13
355 486 36
321 254 25
651 282 29
698 534 18
136 497 22
403 725 1
144 346 4
