628 9366 340 314
757570 280757 778436 393328 450933 507567 928415 380815 15123 587689 792815 79329 573971 700016 41032 484114 559193 106690 662921 774842 392617 648952 812821 649601 525731 787666 133596 852671 239192 421199 775017 332726 255012 893911 412442 661828 682239 568393 5839 662085 786369 299339 681134 507238 540626 666375 587024 279150 873956 419869 759387 212427 279354 232221 859330 320962 848291 717936 637133 144814 194195 797732 909301 792796 216279 600418 639387 693956 660182 2552 942316 216986 259325 830387 341228 673614 123491 694865 180379 111321 971494 742965 754639 256407 379974 755231 210509 955761 161381 225480 76156 206458 211483 426350 504378 822928 191969 46995 262380 525523 693276 217881 205736 944246 878215 738290 404790 418571 49002 465008 601919 750642 322475 328279 696584 416541 136293 56605 141556 370957 331163 287625 53004 507340 492701 367127 912798 856673 887334 550576 472719 736399 772014 902080 721721 557864 198675 625942 788372 930068 990268 71192 635301 559368 491262 349361 567483 595942 879895 822091 486396 895547 228771 516601 461210 129934 752763 438383 818117 136862 51052 909932 659501 402302 323747 846157 955100 296705 780704 362331 733669 69310 26461 298791 469011 715959 308525 405264 245137 352797 627395 325958 710149 580623 545001 2908 521202 87843 607419 297728 334819 910208 316774 647601 336580 213156 53734 873386 115887 523786 222449 283785 221234 715636 533804 802933 496548 300164 444692 817730 429932 970745 625163 60406 439586 771657 535053 486559 538825 789745 808387 420410 825074 74506 446843 942918 927498 289561 116815 636601 37719 15058 576463 731408 545802 203363 982943 719293 68882 402266 9229 997668 813578 722045 50921 931528 34906 5200 381922 751357 550512 925739 897026 139285 119833 137508 980440 448661 305896 191986 489074 848046 704096 738739 281872 971264 198871 148695 354372 885324 160708 776730 846249 119891 37662 447637 659394 468900 35416 265476 907297 394590 157960 649100 818549 988130 402645 321053 179588 866805 487981 282323 608232 72805 823122 343408 264723 84033 150125 294763 191662 880181 880025 181342 175295 731270 174908 288321 119364 141667 703326 451863 597111 293133 496505 505554 652225 425073 502511 137778 512235 406503 65683 390041 3191 508951 29172 974784 257304 676765 379065 320409 147783 26420 167663 113509 831969 755182 115109 850665 238263 693816 987370 971528 858600 531988 355065 723661 792670 788909 499933 111467 751695 418126 519990 21418 828267 53958 55179 118155 274540 728986 607628 628269 318926 953514 904671 936506 345555 197371 791938 511727 372310 967981 798908 695564 48981 672311 558117 929449 666986 700201 434790 664663 680800 268970 123645 456455 384894 883661 494277 409515 804573 607809 948469 204882 585099 963484 827413 16906 759945 167762 32815 461757 563590 78521 727215 929042 758765 564999 403323 377585 144498 79852 948921 892406 511150 338812 824521 526912 410599 290134 490495 815318 790195 989687 928215 49059 659109 360391 30989 341445 54134 550359 697543 472265 324706 333764 145606 303389 242476 1443 173896 611425 375973 714427 150210 627390 615983 825485 819870 471617 618252 627458 399030 626448 649629 403805 868186 126391 337489 59376 28843 411897 720184 66029 799251 709858 592834 71544 388329 846213 817773 493406 296108 670195 664428 691239 274248 761903 276125 656085 246767 607109 427053 838942 707872 908271 25226 555393 320179 718950 279600 744534 633836 504200 797969 419746 678519 544539 395343 686048 719442 364706 573105 986770 493655 451791 379670 889915 612912 851570 879846 644682 360497 827846 264831 748017 774376 856438 388127 222004 910774 517777 882905 260096 676257 917549 198474 580560 30498 67162 96442 529648 42876 230928 607240 865435 522855 356131 763870 752761 352052 97995 736871 579924 609232 822371 116209 476326 402489 437792 726146 287606 636865 218438 360166 391434 181028 546417 509952 150836 920040 364917 255837 457493 562995 622494 308225 294748 578850 995955 914127 934475 450981 93313 547000 330232 396610 854912 803886 589989 453472 436291 386682 627231 411095 864846 82995 589983 341212 537218 586503 476455 180957 806107 752562 179495 261519 639978 650753 366491 600258 762690 351039 97493 52771 532411 353205 209537 995348 178008 926310 246908 515444 337593 575282 725068 180033 905446 763267 492731 882868 637483 370210 752989 518702 26907
347 161 56
533 123 25
74 435 39
311 535 10
326 348 10
35 521 40
404 522 60
288 482 38
270 426 8
559 474 22
121 130 26
623 274 36
566 306 23
454 387 59
495 391 54
108 16 42
598 213 51
205 486 6
374 570 52
364 530 62
289 8 13
569 613 50
582 432 68
357 193 11
19 392 4
312 618 40
129 114 62
531 530 44
20 177 10
291 431 49
616 357 57
57 157 32
69 265 55
595 139 20
522 168 35
608 598 62
91 221 28
70 289 59
135 26 45
244 562 30
562 368 43
183 323 39
465 157 53
451 617 44
624 548 60
224 394 9
199 589 18
207 287 1
111 432 63
302 161 29
112 116 60
247 27 35
2 545 63
406 339 50
37 594 14
80 618 62
290 538 57
351 24 59
301 536 41
265 58 23
212 467 29
14 524 22
459 597 24
214 369 44
207 200 42
39 602 47
202 405 51
614 485 66
298 20 29
427 195 37
613 391 26
306 269 16
576 400 53
461 157 17
503 2 65
314 27 57
560 591 23
45 87 34
250 291 53
501 479 62
14 256 36
132 216 25
155 239 49
307 158 4
498 34 44
368 409 39
536 26 15
341 537 1
170 185 33
445 178 24
155 120 62
484 489 9
136 570 14
104 498 42
450 110 8
98 375 24
495 237 31
432 18 39
28 339 16
81 87 17
501 99 39
15 488 14
247 313 63
9 305 1
408 511 13
400 592 51
116 469 55
62 589 51
84 169 7
377 523 63
343 38 23
539 580 31
274 420 21
324 457 38
123 488 44
266 43 35
462 23 64
561 125 18
121 354 12
239 526 20
309 301 25
50 483 55
592 489 54
163 165 7
622 599 55
128 351 20
173 109 53
141 543 18
320 536 53
89 44 8
506 406 41
615 230 59
182 422 8
393 452 60
37 418 17
167 475 13
4 134 64
12 282 24
339 257 8
103 129 53
66 31 4
117 224 35
235 235 31
511 567 25
383 52 25
26 490 68
219 472 29
218 144 62
5 121 1
530 342 28
161 362 16
485 611 57
8 176 8
98 187 58
283 150 59
624 529 29
485 305 9
152 15 46
445 307 6
311 28 34
566 292 44
242 35 47
392 440 19
540 593 43
575 120 65
111 613 9
578 557 20
415 180 15
268 36 18
562 278 9
50 166 35
37 276 35
290 380 42
407 520 45
358 444 59
177 42 15
90 7 52
73 423 52
329 624 60
39 381 62
12 486 27
424 462 43
82 281 44
118 574 26
310 584 16
99 508 35
587 417 25
379 369 35
554 169 56
363 195 4
327 297 33
30 80 12
225 278 32
451 117 47
103 175 52
475 540 65
453 313 39
315 179 59
611 140 41
18 464 66
243 471 33
359 97 13
212 113 64
204 194 55
528 363 7
97 328 51
228 449 41
246 325 35
42 298 27
262 620 36
417 509 15
154 372 39
220 172 56
149 149 44
46 240 17
411 332 36
41 607 36
62 59 42
607 92 65
30 557 51
617 243 60
612 477 50
332 521 21
65 267 48
348 24 38
529 345 6
23 261 53
284 4 8
489 220 28
79 422 10
486 355 66
456 570 20
160 492 29
75 184 65
254 250 45
352 191 6
295 529 12
7 282 15
454 255 32
305 607 34
602 236 16
70 3 45
391 444 49
231 444 20
619 181 2
142 362 48
270 399 46
589 178 51
74 540 68
59 34 34
542 278 62
551 368 51
64 36 48
70 326 56
398 437 14
575 423 27
400 519 7
384 415 2
185 32 65
503 559 65
387 555 46
535 412 49
85 142 5
230 354 17
526 581 47
169 271 66
87 21 13
484 466 45
566 627 12
615 282 57
624 367 31
153 561 33
525 93 1
583 144 45
525 17 41
119 103 66
423 78 59
269 6 25
114 235 50
118 420 41
385 269 55
472 516 17
284 258 31
370 34 4
182 586 19
180 185 12
282 480 59
21 493 1
270 3 16
232 187 22
395 233 62
188 485 62
11 127 57
451 472 37
335 214 19
492 157 15
436 553 56
541 485 40
224 6 16
143 79 67
516 118 3
349 57 30
519 131 68
60 462 61
362 287 2
139 531 58
415 8 41
139 492 59
345 39 61
194 138 20
57 115 50
271 126 42
307 128 23
251 396 29
220 614 7
356 11 28
476 56 43
497 145 41
76 424 66
304 437 52
346 17 41
63 603 60
512 481 23
2 153 49
279 569 60
103 436 51
449 306 60
471 517 33
286 521 4
394 418 10
44 536 64
525 42 40
177 138 58
247 490 22
313 421 68
375 613 64
421 185 28
369 506 20
304 440 5
60 209 56
536 181 13
17 490 30
360 616 57
621 264 21
254 546 17
154 484 36
469 559 28
310 579 60
223 21 33
357 2 10
522 246 18
362 35 61
185 84 61
612 21 13
525 254 58
512 539 67
89 492 56
44 361 31
422 434 66
348 60 38
596 414 18
26 57 58
159 628 17
41 547 39
205 375 37
156 478 23
366 320 25
39 17 37
55 77 49
123 470 6
616 579 25
247 324 67
381 90 64
82 624 48
611 290 15
621 423 21
549 597 48
13 580 14
549 486 68
611 195 18
486 552 51
402 109 28
160 555 34
604 218 42
367 555 17
261 491 13
68 99 64
392 391 17
589 41 20
49 579 37
506 19 35
520 124 25
230 154 46
474 92 27
410 617 43
548 255 16
291 307 24
531 331 51
231 337 46
496 36 19
247 512 15
242 245 2
282 424 64
326 471 61
138 532 49
432 463 38
57 254 65
65 624 25
388 162 58
459 55 19
211 211 4
328 137 14
366 318 3
420 589 51
182 314 55
99 618 14
442 545 47
359 214 43
463 210 30
352 580 10
310 137 29
624 74 58
341 323 20
13 184 35
90 96 53
375 182 59
303 549 16
42 620 62
22 500 8
509 587 30
544 277 41
561 255 32
607 283 46
507 7 66
201 563 41
313 560 16
432 85 28
199 487 21
428 437 27
385 599 12
233 523 15
587 246 65
479 588 64
152 508 38
331 445 9
345 418 33
53 120 1
317 194 8
178 16 50
624 288 38
91 595 63
130 11 8
557 397 20
103 479 17
182 385 62
376 593 1
65 625 36
561 273 18
107 68 57
325 138 22
419 272 38
605 14 19
496 453 32
74 320 8
287 365 45
445 296 26
197 126 1
574 294 56
114 428 50
593 472 21
278 503 26
229 577 8
168 38 40
547 471 9
616 194 36
603 566 59
411 348 60
195 206 21
135 179 19
423 390 42
348 145 36
578 47 12
567 45 34
352 198 7
103 63 12
156 128 68
181 89 47
404 603 18
86 421 36
128 457 16
179 614 62
269 136 11
530 168 21
429 209 15
498 190 26
109 319 22
516 520 39
311 158 13
322 332 49
252 26 19
527 388 39
570 12 14
437 522 24
488 259 31
585 273 53
28 421 47
504 505 19
263 547 45
609 152 28
488 16 30
327 91 67
493 264 24
477 99 58
264 607 60
264 155 3
620 240 43
29 141 21
548 203 39
569 67 47
347 73 17
486 185 52
455 607 56
592 240 64
159 553 4
10 13 49
342 305 20
497 239 31
130 43 18
499 295 42
99 471 44
319 191 46
302 234 42
507 581 49
561 542 17
19 277 1
287 148 11
312 509 35
544 554 57
24 443 28
396 550 56
87 282 38
545 580 4
223 237 51
73 600 12
2 241 30
620 468 3
315 307 3
34 579 34
130 563 7
403 106 34
132 51 32
62 16 47
133 559 9
34 74 67
216 573 37
468 464 60
289 79 57
550 289 1
300 464 29
285 606 34
19 356 40
475 98 61
568 355 11
352 613 23
205 335 17
167 221 43
99 195 45
308 175 36
61 238 34
586 174 28
100 503 10
188 370 55
292 123 25
235 485 28
342 419 1
417 565 6
130 371 51
222 555 52
36 211 15
405 172 3
413 104 24
124 181 37
308 450 29
18 493 53
573 325 53
552 103 30
45 376 2
155 597 53
334 572 34
125 10 1
223 612 50
169 81 38
280 215 38
230 164 42
321 487 4
473 360 16
92 341 48
589 41 12
420 17 36
345 592 7
42 312 50
234 200 58
336 50 59
102 465 18
507 141 31
167 210 45
275 274 20
59 230 64
239 450 44
462 89 49
568 90 68
484 275 25
123 522 8
124 203 46
582 450 26
176 455 29
408 504 29
347 482 12
461 458 67
234 500 3
308 109 66
398 180 63
73 346 32
566 286 46
105 577 40
386 280 55
400 73 59
513 169 39
427 560 43
358 282 2
556 479 21
185 594 61
398 238 61
391 112 26
559 540 45
392 246 40
626 621 57
400 608 35
579 559 15
26 205 8
157 419 61
190 516 22
165 357 60
473 192 19
495 588 46
526 469 48
30 136 16
608 507 12
262 355 56
319 152 40
533 40 22
5 272 22
296 24 4
547 501 19
82 246 8
32 177 34
326 62 7
99 449 38
195 347 56
410 448 43
297 494 16
80 628 26
405 155 66
88 129 19
453 364 46
623 528 2
205 309 46
576 585 19
124 465 58
314 46 34
356 533 3
281 206 41
534 397 1
254 58 47
512 149 54
49 280 45
580 86 6
603 215 59
220 60 56
584 467 2
572 235 60
419 110 53
161 308 27
36 264 58
330 403 57
243 563 63
52 117 50
391 214 13
412 229 42
98 308 35
509 117 63
556 587 11
516 304 30
351 252 61
103 508 1
537 566 64
14 327 41
130 243 33
295 32 41
532 90 40
206 613 61
539 1 18
251 443 47
613 426 2
242 555 23
102 150 10
323 311 63
207 315 57
210 296 54
533 498 34
156 191 61
80 58 61
142 416 13
277 195 20
387 353 46
311 501 11
300 224 18
316 179 6
468 82 19
24 327 35
299 380 8
384 144 37
322 48 1
599 455 61
85 213 63
12 254 58
587 60 21
290 608 6
587 397 66
200 357 61
295 101 38
78 370 16
531 167 58
453 374 38
225 587 42
437 82 43
541 91 39
352 374 18
27 447 7
533 67 15
23 265 65
614 162 26
86 362 49
493 275 36
559 59 21
59 262 6
142 69 32
432 301 47
389 329 37
340 584 28
520 119 43
147 18 25
22 354 48
45 515 21
36 463 60
81 27 14
109 452 42
449 33 66
326 173 23
43 200 39
95 147 34
204 177 9
476 392 51
581 104 35
191 539 10
418 330 10
331 249 52
326 453 12
372 603 51
140 615 41
279 512 49
515 67 68
597 94 9
378 559 8
538 491 59
614 416 30
140 256 68
93 39 42
105 387 59
319 359 59
21 491 39
3 465 47
304 80 16
182 222 12
434 294 17
295 577 9
488 286 66
334 272 27
184 614 9
171 381 62
210 422 39
97 332 34
52 428 47
87 61 47
263 602 42
332 475 2
1 218 4
90 461 39
570 626 12
558 181 21
228 269 58
336 229 18
483 367 27
270 397 1
105 476 41
475 204 65
105 617 19
192 388 56
371 325 29
540 155 17
47 402 28
335 189 40
502 356 47
422 183 39
606 173 66
191 138 34
399 617 47
176 62 66
308 201 62
1 317 60
264 337 12
575 404 23
246 532 53
20 417 19
364 520 8
273 193 4
587 150 50
204 473 8
595 374 51
612 259 48
77 9 64
128 500 47
382 219 29
161 82 65
220 74 22
626 380 68
82 102 48
27 84 15
437 160 15
430 454 48
464 195 1
103 596 59
510 299 37
484 532 18
577 42 66
100 56 61
269 568 23
446 63 11
531 511 33
215 602 58
324 32 63
555 209 19
60 117 22
234 147 15
90 323 64
352 188 3
241 569 68
476 492 51
461 151 44
211 339 12
314 89 35
47 109 62
386 439 58
101 135 58
139 159 20
405 75 40
555 386 24
533 606 55
383 362 65
626 319 24
356 412 26
120 489 60
330 154 23
404 583 9
277 275 44
103 257 11
237 493 15
170 15 12
226 323 21
554 429 64
348 378 51
77 365 15
104 408 60
279 38 23
403 460 61
515 362 43
47 556 52
28 125 38
243 437 16
70 493 4
226 461 20
12 243 28
479 499 41
109 440 49
174 500 1
184 319 12
597 98 52
546 456 12
341 518 43
179 206 8
309 449 11
342 332 51
231 550 34
44 26 32
487 272 12
172 265 55
533 378 27
194 605 64
554 349 30
539 587 18
50 222 32
455 486 25
323 74 4
111 350 7
172 242 49
115 324 39
208 310 27
466 583 11
560 7 55
237 120 60
251 512 22
402 524 10
619 333 27
337 447 5
185 380 31
460 45 41
291 76 59
605 20 32
526 525 61
134 457 50
422 356 57
467 619 48
556 193 4
25 297 34
404 60 25
527 442 63
563 236 43
326 185 5
20 41 44
113 280 43
436 68 49
126 379 51
315 542 59
409 132 18
230 422 12
539 361 63
437 157 42
41 448 36
342 492 62
222 96 11
389 334 61
533 11 35
363 242 30
275 150 49
96 54 42
37 201 45
430 368 10
154 514 41
368 607 52
308 353 46
523 144 11
213 335 11
387 178 28
455 462 54
557 4 58
472 117 45
332 116 45
342 381 51
143 398 41
269 533 37
428 269 2
328 223 27
140 125 17
443 65 21
423 305 8
417 213 20
504 512 11
41 31 48
535 460 38
619 610 49
204 539 6
209 55 3
429 506 27
151 4 40
322 494 53
60 87 24
277 349 13
278 253 39
217 427 63
530 547 50
208 327 50
183 226 7
321 251 42
129 41 30
132 589 6
99 454 14
595 52 54
449 83 65
47 523 15
233 289 12
42 460 57
387 432 45
187 235 26
291 276 6
493 568 58
79 89 13
164 74 2
521 17 55
118 514 46
492 378 52
466 151 45
451 382 39
302 404 18
450 564 34
169 120 30
222 253 19
606 5 20
488 117 1
66 604 2
268 143 68
582 376 50
221 92 64
504 439 5
273 165 30
510 593 52
252 58 68
487 128 13
339 549 20
194 145 1
291 37 62
152 381 27
232 111 50
190 119 64
582 284 3
63 71 41
20 110 2
590 365 58
439 372 20
216 269 41
428 460 45
269 596 56
506 619 6
353 493 12
185 262 12
186 125 10
242 148 44
77 369 35
211 333 28
467 299 32
612 309 8
210 273 46
89 430 52
112 231 33
519 383 5
92 128 1
315 105 29
165 133 54
489 443 61
162 429 68
19 362 32
302 342 64
576 92 51
416 185 13
499 392 33
575 588 11
284 81 26
493 440 6
320 247 8
495 108 44
545 143 68
150 431 11
47 498 54
488 130 51
612 179 63
140 225 11
245 90 8
472 507 17
601 297 68
542 464 57
217 570 56
487 463 48
314 275 48
354 280 32
211 90 40
613 525 18
144 331 7
148 73 4
35 590 65
575 45 65
80 548 36
527 39 55
628 266 67
333 69 49
615 595 36
456 62 55
21 455 3
292 376 40
616 573 34
175 427 58
393 534 51
478 194 38
279 622 14
119 390 18
258 573 22
542 521 18
220 352 68
44 155 28
252 5 5
516 601 52
24 593 58
425 473 25
73 444 44
80 320 36
490 408 54
582 207 36
113 318 35
88 386 61
146 30 41
1 49 28
483 276 16
21 128 55
582 294 38
557 110 56
255 375 45
183 357 48
288 621 38
101 291 19
595 374 37
50 489 8
362 116 49
383 94 28
20 534 23
569 189 31
202 525 53
431 471 46
479 42 8
468 404 26
458 210 51
587 31 15
43 241 50
458 50 55
329 594 37
187 7 6
465 42 16
102 349 48
414 453 67
269 474 2
46 454 44
609 289 65
505 544 28
475 341 9
328 156 8
562 494 17
55 495 59
78 144 2
611 399 44
46 248 4
56 375 29
164 433 44
261 322 20
408 432 54
346 548 31
45 427 13
215 589 49
613 197 56
149 384 9
502 535 39
449 432 65
570 610 61
410 240 63
64 41 64
506 220 11
538 264 61
65 209 15
164 219 47
218 198 59
309 484 49
549 373 62
55 59 3
348 210 68
323 429 25
340 194 19
58 73 52
246 485 41
605 25 28
231 92 47
74 312 4
51 48 18
106 231 39
530 357 23
294 19 7
124 441 42
57 188 45
553 162 56
330 454 61
426 266 57
364 287 16
103 101 19
506 311 3
92 17 32
38 396 43
262 267 28
36 109 61
239 370 41
221 212 10
523 21 30
347 116 58
316 245 53
184 228 12
525 350 34
375 482 13
146 609 61
147 615 31
208 273 38
610 628 55
213 263 9
348 201 26
545 111 64
532 71 21
405 628 50
313 535 62
576 213 25
120 78 29
578 339 68
140 610 50
320 583 17
274 329 9
139 97 66
105 534 30
213 253 20
95 133 15
536 358 35
373 129 21
505 538 9
212 366 33
410 615 46
497 531 48
239 166 29
610 461 32
82 96 46
386 76 41
87 292 58
585 335 20
273 581 16
269 576 37
312 389 66
508 308 6
472 607 39
133 225 60
51 165 53
458 456 46
80 242 5
488 435 22
177 429 44
213 32 63
422 458 55
310 277 17
134 245 2
468 555 18
278 146 34
598 73 48
411 301 26
334 67 29
76 143 36
9 292 42
287 435 33
459 285 54
621 575 7
486 263 2
521 164 64
513 175 9
10 139 13
259 377 66
162 582 30
346 337 56
283 83 33
125 434 49
70 165 35
187 255 31
111 568 13
368 65 17
9 378 37
540 626 59
154 363 24
267 404 2
102 318 60
389 554 57
572 482 45
45 174 50
611 409 57
589 244 23
530 218 25
139 226 23
491 514 61
297 46 37
40 522 5
606 165 12
2 14 12
234 220 24
301 455 4
22 494 2
166 8 41
93 546 60
582 200 53
389 49 52
303 294 24
452 139 46
478 276 11
251 542 51
566 574 65
59 16 54
174 169 1
319 287 38
471 21 61
33 112 26
306 273 10
124 591 17
89 425 2
348 22 3
470 592 7
28 523 68
256 330 7
205 524 65
614 23 17
40 609 9
324 258 34
300 487 37
442 501 30
133 32 40
486 345 7
239 426 35
349 129 29
278 24 30
601 358 1
170 91 48
67 354 9
598 297 30
112 143 27
439 473 39
55 275 45
412 612 20
156 314 34
150 52 28
23 40 40
265 472 55
22 242 60
477 501 31
225 141 8
440 599 15
598 264 55
361 145 63
235 385 45
39 77 61
107 180 29
223 386 44
119 542 46
530 526 24
396 529 45
575 210 66
339 613 30
504 434 41
616 243 37
365 257 9
245 286 37
52 456 22
546 443 34
501 440 38
7 473 67
45 133 9
57 371 15
337 367 10
54 46 8
591 442 7
140 473 62
499 307 24
456 126 63
460 324 65
434 143 42
189 332 26
165 42 41
539 350 27
374 12 63
401 28 55
301 171 9
44 286 41
193 477 20
355 185 21
204 26 51
464 335 65
58 258 46
520 69 57
558 131 23
515 212 52
261 39 35
609 132 6
230 182 12
58 191 40
61 233 59
592 257 66
278 453 35
568 244 17
299 54 48
409 506 22
294 407 50
117 324 5
119 240 21
223 551 67
118 260 62
523 407 4
545 265 55
484 568 52
192 79 51
246 254 34
199 104 66
211 115 34
369 457 37
525 113 2
157 189 33
390 489 55
19 11 23
627 18 26
252 120 8
302 196 12
28 48 41
589 625 32
575 389 36
316 335 55
240 187 68
618 47 67
322 5 7
96 415 34
215 419 61
604 365 3
205 168 14
46 496 41
549 571 3
261 318 30
265 169 23
288 559 57
326 43 55
425 515 14
117 45 20
133 478 67
498 210 31
310 336 8
447 346 50
614 119 60
358 125 55
309 463 30
511 219 51
104 342 1
42 39 66
39 481 35
83 409 28
481 422 13
102 246 37
163 386 44
215 426 5
288 47 19
547 220 51
547 272 32
522 554 5
240 103 61
244 78 25
326 89 27
178 211 2
621 11 33
618 394 68
38 9 22
411 463 61
618 435 64
312 132 26
180 217 38
363 604 28
151 576 53
195 204 31
28 524 38
394 137 38
393 305 57
455 328 51
626 401 11
581 478 60
193 231 53
300 207 39
254 389 9
384 391 58
131 54 15
574 231 53
208 343 49
28 322 43
449 210 63
510 179 34
527 388 17
74 451 61
183 320 61
279 105 24
407 469 35
444 233 39
113 333 32
279 164 43
533 473 25
146 407 66
249 245 41
18 467 66
56 391 28
374 307 10
456 537 53
140 140 62
396 505 33
477 124 60
254 498 62
128 576 53
433 352 18
561 327 49
420 64 31
267 387 9
542 438 53
414 81 57
319 615 32
184 311 58
518 469 14
274 66 50
402 536 33
273 389 44
306 571 6
36 362 43
611 410 17
135 98 14
187 617 6
549 280 2
581 481 46
425 392 62
94 455 29
190 248 41
91 467 25
281 57 35
347 233 43
246 66 21
280 223 41
509 42 62
623 352 14
609 137 31
44 323 21
363 256 49
106 100 28
12 291 64
145 578 68
243 591 54
282 579 26
555 58 52
359 614 18
126 111 1
210 175 29
202 244 58
523 131 14
497 151 11
112 406 48
424 155 34
269 439 8
314 467 45
423 106 42
71 419 28
478 180 38
91 612 38
624 242 39
161 589 57
290 367 50
245 547 51
57 326 16
429 17 61
201 54 17
245 113 15
428 96 61
393 58 6
422 19 42
541 220 1
76 483 18
286 551 27
134 267 32
553 383 7
357 71 15
182 236 61
23 226 57
543 516 42
435 21 42
446 563 14
73 600 33
417 411 38
534 567 67
75 402 5
185 127 47
205 437 1
392 569 30
12 7 30
375 38 46
373 27 36
133 516 40
240 217 48
335 65 3
135 331 56
268 319 61
1 90 19
486 281 23
341 58 4
488 538 41
382 198 42
413 419 51
588 41 19
367 394 8
556 58 38
210 540 67
366 425 49
146 611 57
114 189 21
312 296 68
596 259 65
62 112 25
233 598 30
285 141 26
420 354 33
600 610 6
520 452 38
421 403 44
323 598 3
84 619 2
145 519 45
419 83 38
615 64 4
96 54 46
57 11 20
465 509 55
426 21 29
383 358 5
429 365 50
225 568 9
202 9 36
40 551 53
44 203 57
3 533 44
485 310 21
279 162 6
73 409 57
81 416 61
352 538 60
591 62 28
227 26 66
353 290 50
377 285 56
79 151 42
107 384 26
340 489 57
598 436 15
63 321 54
542 298 13
398 507 23
426 200 62
501 47 44
343 177 36
43 279 30
314 512 24
290 487 12
261 4 44
38 334 46
466 494 8
59 517 59
390 467 23
590 619 23
43 425 22
582 60 7
258 473 11
106 604 34
270 168 59
430 387 12
450 37 52
209 111 31
321 4 6
192 424 64
509 173 1
192 101 68
306 513 10
189 275 22
24 627 59
545 259 31
161 384 7
347 618 37
108 577 56
166 33 49
160 520 55
370 207 55
383 267 16
190 406 17
285 29 18
154 378 65
55 342 5
242 496 11
435 148 63
76 135 19
223 274 15
262 411 5
478 575 33
563 282 64
111 617 41
555 385 52
198 508 19
11 214 29
348 341 29
318 118 37
581 409 26
397 352 8
140 552 9
473 336 41
545 142 67
100 17 49
60 2 50
459 109 29
143 105 36
522 128 68
504 410 15
617 263 52
599 134 10
299 473 23
101 440 9
99 492 6
106 114 9
3 144 38
555 62 8
95 399 58
121 14 34
621 227 49
316 414 36
140 122 36
408 456 5
246 5 18
625 14 31
74 421 51
34 508 44
230 225 16
579 209 64
182 19 56
15 93 39
394 521 2
31 486 3
231 512 55
578 444 47
481 468 49
513 618 52
21 345 38
390 498 49
251 99 33
509 328 35
439 200 7
280 313 25
528 295 5
479 384 29
495 454 41
445 581 4
40 296 66
602 71 62
188 77 58
343 204 49
53 70 11
93 449 57
55 497 18
611 176 40
126 557 15
459 26 31
178 616 7
40 90 32
613 217 59
10 313 49
486 482 34
411 96 52
230 229 54
41 227 52
163 228 51
185 350 26
594 396 53
86 329 27
448 139 64
312 413 50
168 208 61
194 460 48
207 570 6
540 381 34
397 67 55
521 310 31
100 331 35
12 317 16
207 225 28
332 116 37
364 99 22
336 208 53
203 307 46
356 588 39
151 143 11
368 333 15
387 26 22
228 354 8
455 577 4
590 499 7
413 482 32
299 539 11
79 137 6
239 297 63
211 459 33
391 78 18
492 452 65
64 235 22
302 525 8
144 140 26
389 603 39
138 84 39
353 215 31
141 337 51
456 274 61
467 81 19
609 59 25
90 508 54
255 494 45
622 9 67
200 233 8
266 250 29
88 360 38
209 278 22
125 125 18
246 294 17
17 496 44
247 513 29
397 589 12
627 207 58
118 501 61
474 476 3
574 297 3
195 363 4
80 195 19
401 564 40
200 37 27
533 566 11
607 517 35
35 399 57
180 264 45
256 142 25
448 577 44
592 438 54
416 354 7
241 228 56
605 384 62
210 290 2
555 491 50
187 401 18
267 147 61
531 600 32
5 479 51
186 163 57
76 595 18
55 108 52
177 330 31
407 412 10
145 192 37
142 139 47
119 489 9
283 281 27
562 457 55
73 344 39
386 12 29
448 525 60
382 497 27
26 305 1
39 601 44
397 462 57
618 81 19
400 211 15
243 617 29
252 354 22
463 41 14
553 218 55
295 19 50
181 421 52
92 177 59
622 533 4
460 601 26
514 562 47
508 345 4
397 54 50
271 276 27
262 88 35
29 249 15
301 160 65
308 112 10
416 168 30
25 62 11
343 172 58
600 579 9
615 494 18
191 92 49
566 495 48
52 613 22
415 274 7
606 208 24
535 135 1
73 389 67
584 107 62
431 304 5
433 127 47
596 156 58
454 154 56
334 128 31
138 314 40
366 548 1
348 561 40
157 301 24
80 462 47
426 499 64
572 452 44
286 222 57
590 162 65
385 403 6
626 43 2
83 409 24
325 354 68
440 371 36
495 477 53
173 128 43
125 528 41
144 167 29
381 281 15
600 375 58
400 579 53
379 628 56
133 105 58
452 27 27
62 558 38
494 373 42
386 262 42
392 542 2
520 462 29
285 20 35
378 313 65
384 469 40
164 301 35
605 519 11
196 68 27
511 166 30
416 151 59
5 456 39
236 566 65
323 507 12
431 156 25
547 61 11
482 280 35
430 609 47
348 245 8
35 56 57
72 598 10
331 140 27
320 123 16
606 516 24
212 180 2
322 148 12
370 457 65
379 265 68
370 250 19
364 617 6
209 572 52
618 11 43
342 480 18
130 79 48
148 397 13
128 11 42
154 198 45
416 459 60
161 393 62
619 13 31
10 600 4
49 159 14
297 310 13
234 560 5
368 353 9
79 572 54
221 248 60
359 1 46
348 457 12
497 76 34
442 109 43
415 21 34
46 552 68
520 392 50
310 500 24
470 48 15
46 200 40
140 102 16
292 175 45
171 435 47
352 391 43
230 54 6
194 619 4
178 196 9
452 548 29
138 568 34
305 16 38
554 567 55
585 586 47
104 586 68
336 200 35
589 110 38
403 595 11
51 447 62
517 361 4
282 231 60
42 126 49
149 390 68
469 214 61
617 80 8
285 265 46
418 129 28
405 586 8
65 488 21
606 555 51
95 27 65
185 400 50
395 515 32
243 28 59
457 293 59
496 420 45
216 550 11
563 594 56
451 243 40
431 5 31
464 278 42
333 197 3
614 380 5
241 423 45
435 485 11
224 293 55
530 235 31
283 571 68
334 213 9
108 599 8
219 569 55
333 529 37
153 266 54
318 50 38
22 368 41
35 590 16
68 448 54
312 138 18
339 180 16
94 514 15
511 497 10
103 527 24
230 46 21
12 609 13
599 440 16
103 24 49
445 435 49
458 261 32
192 142 47
132 342 43
218 617 3
520 26 32
546 382 45
47 304 64
341 519 68
132 616 50
145 166 63
92 586 8
306 531 13
27 471 27
117 523 22
288 327 57
328 350 10
475 264 44
218 171 58
484 514 56
209 622 14
585 274 59
107 480 23
472 350 11
502 164 8
293 385 63
177 161 25
535 335 10
89 174 35
459 51 7
610 153 67
14 169 65
67 397 37
531 53 46
152 173 2
493 39 56
421 204 28
450 472 59
462 46 13
251 109 41
350 326 16
242 407 38
192 427 27
282 317 14
452 525 37
318 607 6
163 199 10
368 359 53
229 282 46
515 560 15
459 119 28
245 120 51
209 129 56
104 133 58
307 88 24
84 230 1
581 132 55
139 419 31
160 139 13
43 109 1
78 596 16
553 565 66
544 278 5
467 135 8
405 197 68
262 225 13
486 347 53
299 580 8
26 259 14
250 402 35
140 12 31
114 139 12
596 399 58
122 6 25
296 513 39
224 146 55
355 109 12
388 442 63
42 91 47
96 369 39
528 409 42
251 297 54
530 539 48
416 529 14
284 119 9
425 377 10
452 94 60
350 171 28
613 342 2
226 30 60
530 44 42
599 623 10
87 165 45
24 271 22
238 124 51
175 568 67
520 509 50
357 12 36
489 473 58
168 174 40
600 476 4
349 218 2
571 403 18
132 449 16
111 491 16
60 57 1
409 328 52
156 215 11
377 521 44
457 467 47
348 623 18
66 275 42
269 529 30
610 533 24
99 166 39
444 499 39
582 343 17
82 345 25
56 6 18
241 132 48
67 525 1
473 374 41
503 575 17
148 63 2
279 49 60
49 533 22
190 450 38
57 143 43
402 175 42
591 628 5
493 550 26
418 263 56
539 390 44
590 59 47
161 310 63
494 244 48
383 265 54
392 351 31
140 299 2
566 124 40
389 440 22
596 329 5
528 365 60
17 126 7
103 18 54
300 178 56
366 247 20
19 310 53
207 37 30
172 310 67
575 474 35
38 18 59
544 206 50
342 543 10
410 145 31
327 98 53
600 613 18
426 89 23
449 235 12
99 436 22
129 347 29
270 325 17
208 113 10
432 354 12
313 35 27
109 52 37
102 295 40
249 316 47
99 462 3
121 443 53
268 353 39
267 239 25
550 137 63
90 469 68
494 234 38
504 147 15
113 623 49
340 134 31
424 20 23
33 184 21
304 298 17
213 386 19
259 623 52
602 566 32
97 443 9
408 480 38
577 317 41
505 11 68
499 434 1
396 537 44
485 158 54
535 326 12
128 138 16
117 505 32
423 615 10
159 181 58
568 86 58
183 120 43
47 87 29
43 356 53
484 296 31
507 245 46
519 2 59
245 132 28
78 84 68
376 214 51
118 396 13
600 19 62
554 288 54
384 344 10
7 368 50
452 240 34
408 48 21
369 266 41
41 467 42
308 332 52
356 258 9
427 220 25
601 571 39
141 540 35
271 75 57
583 294 42
567 453 14
478 442 60
505 577 41
427 408 48
489 583 35
178 549 15
101 282 40
324 613 44
473 155 14
388 510 34
451 95 8
613 491 28
86 424 18
57 531 42
338 98 58
283 391 53
530 527 14
386 579 12
230 71 5
625 200 23
421 134 42
434 492 18
44 597 56
7 119 45
537 170 20
345 381 20
390 268 37
110 454 29
625 475 52
619 172 5
69 532 62
359 343 25
25 169 1
137 464 38
23 326 56
522 243 38
133 424 18
33 402 34
493 9 14
68 48 17
152 41 4
121 463 10
377 551 68
103 352 2
571 293 40
373 250 20
293 554 42
466 268 22
29 244 13
408 256 43
197 36 42
512 328 6
87 279 33
119 409 31
11 347 68
122 103 50
622 507 10
291 117 29
261 419 34
473 474 46
211 532 13
90 261 20
513 252 58
194 496 26
251 115 67
378 131 9
264 472 7
553 275 20
97 335 30
212 540 66
70 609 4
90 74 8
390 268 59
498 612 29
479 296 66
204 396 52
467 266 52
614 78 44
417 247 39
456 326 58
74 572 10
138 278 57
30 601 36
343 480 65
395 75 3
420 490 34
544 161 30
610 375 24
374 213 30
276 436 15
480 378 3
335 328 38
623 19 48
29 93 20
177 196 10
279 293 58
141 517 11
376 625 61
332 523 3
158 409 1
11 140 43
60 552 34
132 68 3
43 469 23
552 454 34
449 269 31
167 294 17
502 628 5
563 18 23
106 183 19
418 333 49
433 306 41
330 469 7
491 159 27
99 181 26
554 599 39
130 76 8
450 260 53
487 344 4
11 314 31
389 228 15
211 80 40
311 295 17
488 346 31
402 593 51
138 134 3
325 520 39
227 511 24
416 374 30
246 23 8
139 133 9
373 104 44
335 515 35
316 92 56
225 322 66
559 169 40
223 409 52
493 439 63
314 168 64
444 340 41
547 545 42
488 199 8
575 121 59
287 408 24
151 191 35
611 214 57
221 332 41
417 48 22
231 382 51
489 206 60
103 342 36
89 78 55
253 6 36
47 291 7
368 109 41
240 325 52
560 501 29
562 401 54
556 315 49
582 406 59
197 243 19
88 587 57
49 399 19
65 571 12
154 553 41
252 625 22
21 220 43
151 493 12
309 120 40
247 621 12
244 499 25
267 546 43
50 522 58
170 153 20
60 172 11
310 302 31
155 183 57
86 81 29
259 46 56
35 80 59
499 47 68
228 376 50
242 269 66
17 153 67
30 8 24
431 540 1
577 444 36
615 110 40
601 510 3
543 432 53
237 7 18
111 532 27
444 287 1
385 227 33
118 363 26
497 326 16
569 334 16
448 489 29
135 484 8
19 589 18
26 532 33
612 370 52
272 28 52
372 349 57
456 98 2
132 287 68
561 43 68
453 503 7
235 623 55
349 116 52
209 562 11
76 112 31
70 297 51
5 9 40
205 591 60
563 546 17
599 6 27
406 166 17
445 190 40
4 311 21
411 283 33
114 520 8
494 75 63
536 614 14
399 576 68
369 22 47
513 274 66
429 397 60
581 527 42
530 601 29
36 54 44
54 127 12
336 449 16
321 70 60
465 158 3
41 184 7
525 588 20
22 32 46
189 393 30
583 544 60
524 486 66
448 131 5
275 188 18
252 386 30
548 183 51
5 623 60
350 254 53
566 376 48
160 297 32
203 61 17
127 189 47
515 256 61
423 570 63
495 427 68
238 186 47
444 579 52
406 600 67
5 130 65
617 267 42
435 183 41
284 258 24
557 613 61
353 615 15
94 63 19
297 218 32
243 192 40
622 451 11
172 595 7
95 28 15
104 97 22
575 588 46
285 328 7
146 468 17
358 310 35
530 287 16
231 162 48
592 178 14
447 330 68
467 9 27
108 79 5
12 609 3
458 304 13
311 351 51
189 275 55
420 453 30
485 287 9
440 59 9
178 570 50
473 12 2
386 498 17
151 35 50
140 262 4
211 341 17
272 2 32
25 50 23
402 249 54
408 284 29
418 265 57
11 218 36
402 493 1
159 564 24
313 28 3
205 555 37
62 126 29
576 341 54
172 566 56
513 295 9
238 16 11
254 117 1
127 529 35
571 125 4
543 275 52
280 86 8
621 376 38
96 12 1
324 172 65
559 254 15
339 500 42
154 543 10
351 309 62
517 511 35
430 187 57
586 609 35
484 251 51
398 222 43
491 481 28
508 62 34
90 494 66
11 88 17
515 625 3
337 31 62
277 492 67
217 225 54
40 35 3
552 247 3
290 438 16
349 314 9
175 373 32
364 402 37
72 605 58
142 264 27
628 61 11
617 98 52
274 536 54
479 110 61
530 471 12
605 195 68
274 496 56
475 523 64
563 63 48
331 558 36
588 415 53
500 166 51
229 234 22
317 308 44
288 545 24
579 467 51
367 69 43
295 96 47
296 605 48
368 369 51
452 579 41
236 108 48
170 217 55
460 143 52
139 549 46
198 265 20
497 523 60
228 330 11
29 496 11
407 40 49
194 385 38
50 593 29
394 166 22
499 4 21
94 157 27
43 444 30
624 145 60
548 203 16
86 309 66
79 163 48
35 177 68
462 356 60
558 624 21
546 176 51
262 260 59
356 37 22
532 479 24
445 244 50
562 345 55
198 433 23
284 100 26
160 70 35
617 405 62
614 548 27
39 16 67
144 88 55
147 150 40
78 385 58
290 166 23
306 400 24
514 588 54
355 602 52
385 396 24
540 91 29
12 255 22
502 523 42
348 170 13
385 277 52
115 447 33
147 613 60
144 275 10
175 537 62
311 128 58
432 386 29
382 65 2
307 392 60
432 449 23
415 77 24
404 579 4
556 445 38
53 35 51
95 109 46
123 402 16
292 375 31
425 360 65
440 157 24
103 97 9
88 481 9
151 626 44
407 550 63
150 580 61
255 586 12
80 92 45
438 200 13
311 480 30
595 203 14
203 297 30
171 195 64
101 394 48
412 617 49
338 603 42
375 201 30
245 558 45
135 97 19
471 171 45
522 16 51
247 487 34
74 1 21
473 107 67
270 323 57
199 541 16
346 597 58
191 200 5
413 310 39
529 419 59
278 425 10
2 239 25
251 202 30
326 56 60
509 40 21
422 610 24
573 378 9
505 60 20
508 467 11
561 453 7
437 542 6
477 611 36
534 230 34
212 211 21
338 58 17
616 360 51
287 543 55
139 331 9
527 430 40
503 50 19
272 555 7
549 431 55
104 402 56
394 105 15
362 23 62
242 267 51
59 573 31
517 592 28
88 31 9
4 254 56
310 9 56
438 6 49
151 43 18
161 174 37
143 561 22
23 175 39
326 596 54
252 195 61
415 279 54
499 546 12
237 330 6
132 609 42
603 303 32
92 169 45
229 502 9
207 318 6
11 465 53
5 67 46
497 490 43
472 101 55
286 31 15
601 196 25
205 497 29
324 602 47
221 48 28
478 574 31
112 253 25
463 423 18
190 160 29
554 436 36
623 388 58
300 357 39
145 134 44
288 33 8
398 609 32
437 435 61
465 87 26
70 92 35
237 426 51
209 272 52
301 349 16
544 546 12
89 528 56
595 57 28
407 323 4
278 462 21
57 212 60
94 325 10
511 413 30
407 376 67
235 337 38
15 381 68
88 371 57
15 543 20
217 91 43
117 387 18
587 77 20
271 18 43
503 544 54
481 536 41
520 177 48
95 467 53
613 619 23
495 243 45
27 86 55
231 322 44
27 30 6
220 382 64
485 285 25
231 457 54
575 53 49
516 441 14
151 449 54
3 467 58
187 575 6
161 118 13
350 274 39
115 331 58
292 193 6
435 477 23
5 614 34
93 254 24
64 541 40
118 452 47
356 64 55
192 214 2
221 519 15
247 171 1
581 426 68
609 69 63
118 12 28
625 271 49
347 586 33
87 239 12
625 436 7
108 210 31
121 380 66
170 247 7
563 16 20
595 229 50
498 85 9
105 463 41
398 238 24
605 49 38
443 600 43
493 474 6
67 226 32
537 403 31
175 195 65
573 283 30
59 181 1
413 298 26
313 9 40
597 79 28
602 399 10
503 529 4
118 125 40
214 627 64
192 299 29
290 279 18
620 493 9
540 417 28
93 570 59
294 521 64
201 403 24
395 574 5
526 283 6
443 481 57
528 470 25
317 201 66
566 625 37
8 456 55
597 3 57
62 438 2
29 247 53
247 590 1
227 391 58
392 196 22
179 387 24
518 5 18
80 15 41
625 482 54
536 454 67
178 380 28
78 558 7
600 40 42
136 142 66
597 27 68
237 439 52
289 177 10
319 470 14
526 371 57
194 576 27
141 139 30
594 251 57
617 133 30
132 292 48
619 550 53
334 21 13
512 99 9
141 143 9
297 267 1
368 132 23
160 390 19
529 586 66
486 117 40
245 562 53
14 271 60
558 356 49
211 485 42
561 611 5
131 302 67
154 551 37
352 215 67
175 46 10
518 323 29
566 162 23
186 322 34
154 511 50
279 141 11
563 508 57
512 5 23
115 306 17
245 178 17
126 370 35
504 329 53
428 469 59
489 541 66
269 79 9
487 223 4
300 281 27
415 586 19
555 384 57
492 99 27
289 596 5
457 159 16
97 502 13
209 487 45
270 474 3
410 293 6
474 148 3
221 495 64
80 306 42
187 227 37
84 251 24
229 530 4
254 76 23
581 188 43
601 21 12
527 223 21
300 6 36
298 346 9
72 16 27
344 623 57
211 453 37
401 574 29
197 525 54
69 300 37
241 498 61
566 462 25
379 22 66
517 591 18
259 136 67
75 414 18
292 323 58
223 92 41
7 159 10
404 374 21
99 307 15
358 557 66
188 266 67
185 524 53
510 14 41
361 511 6
208 242 64
66 368 65
425 287 46
99 276 10
387 271 33
60 64 13
156 31 29
249 200 11
389 372 1
136 228 25
464 104 54
626 179 37
563 526 22
447 2 68
153 6 10
425 372 18
27 417 61
215 244 22
21 144 3
244 143 13
431 399 4
366 300 36
249 109 61
612 211 2
498 16 5
488 366 13
571 374 19
216 482 41
253 21 20
416 426 52
12 348 22
280 122 6
172 606 45
386 518 28
14 142 67
188 571 53
537 469 21
404 591 9
140 593 9
572 598 20
56 97 42
95 504 33
383 227 10
13 127 40
215 601 1
169 402 9
525 115 8
49 609 20
522 319 4
230 260 36
436 590 13
17 325 51
464 31 15
152 488 62
241 380 65
422 246 51
307 505 35
80 468 60
133 55 22
327 624 26
290 532 38
494 181 3
272 361 34
161 495 63
517 205 30
395 520 18
157 332 58
347 119 38
522 515 8
66 594 13
269 36 63
387 455 17
456 29 43
243 104 55
295 6 67
379 231 20
599 497 14
345 42 49
350 480 28
564 549 19
494 599 1
345 61 13
397 98 66
69 383 60
43 43 26
381 94 12
238 558 63
219 237 51
388 33 43
143 526 24
94 194 13
448 227 39
301 239 23
8 428 48
245 165 6
334 448 17
627 63 15
310 156 37
225 478 56
116 226 41
232 218 9
184 34 15
318 378 11
529 556 8
374 576 67
439 1 6
122 259 5
241 434 20
423 366 66
361 542 24
622 61 21
531 108 66
335 602 12
272 469 43
422 269 16
463 516 7
380 382 60
349 141 38
481 44 25
161 76 20
275 108 16
268 4 32
22 566 17
432 400 47
103 176 20
563 606 53
312 181 31
331 559 7
165 301 23
322 49 1
36 150 9
387 285 62
268 488 48
581 327 18
67 552 30
609 384 36
375 229 68
354 483 54
19 563 40
14 17 18
529 105 21
49 363 60
161 540 47
321 21 12
602 481 47
471 395 17
328 146 62
471 491 67
342 423 44
137 540 30
445 361 12
404 383 36
14 405 52
75 128 44
355 342 31
596 317 30
72 22 27
31 257 56
209 91 27
267 467 5
407 380 4
416 307 53
45 21 17
227 434 38
588 268 59
26 419 28
113 540 3
289 552 17
70 397 55
395 571 23
207 131 3
489 124 22
473 572 16
425 390 47
108 457 18
123 37 35
484 228 18
562 255 28
27 421 68
535 355 59
88 608 31
373 220 29
398 164 67
358 247 4
373 140 40
475 567 15
350 588 39
254 81 21
528 229 42
312 274 18
75 89 4
571 485 9
440 51 65
139 37 39
202 386 23
160 237 3
425 403 28
449 479 31
499 608 21
540 493 31
491 1 18
366 467 33
37 429 62
171 80 65
82 197 48
135 16 21
228 359 41
65 145 21
164 196 5
185 396 7
466 619 60
597 535 44
75 452 65
422 239 19
566 434 61
219 605 51
381 52 61
287 278 65
227 524 57
609 384 56
145 180 10
256 598 57
9 212 6
119 365 27
150 623 40
337 473 39
82 380 66
4 405 8
611 397 46
172 616 53
20 56 57
297 509 17
550 147 4
617 415 29
601 175 31
315 428 54
603 163 45
458 541 68
527 21 66
559 396 64
530 98 25
124 592 38
112 519 44
369 417 65
398 289 34
300 544 37
372 560 5
506 526 7
507 192 31
397 81 51
613 83 7
38 95 37
92 540 33
141 234 19
283 70 15
250 228 4
21 118 11
273 576 46
361 295 23
240 499 18
430 473 51
529 371 27
155 586 16
619 97 5
311 237 30
160 272 53
325 347 10
485 341 2
206 482 65
17 252 45
418 358 62
153 376 44
169 116 8
609 65 26
409 133 29
405 43 27
28 53 66
72 98 8
271 599 63
555 450 52
487 545 33
197 93 7
29 380 15
20 412 27
325 76 1
153 467 64
569 389 51
210 449 65
77 604 26
117 195 60
35 293 15
492 104 18
444 540 21
579 251 27
545 437 62
546 451 9
143 533 12
148 164 10
42 129 14
545 474 12
610 320 14
491 590 31
477 148 16
321 263 59
423 271 4
17 483 60
154 75 44
8 411 4
158 476 26
412 285 51
489 570 9
403 445 8
72 211 20
225 476 14
584 256 45
276 264 67
92 494 6
436 545 10
618 532 52
47 271 24
139 320 19
157 129 2
140 428 10
507 346 67
586 127 9
463 489 27
137 109 50
570 6 1
255 193 34
189 177 8
436 536 49
601 3 5
376 163 62
309 201 63
612 583 20
475 413 32
40 179 17
248 380 49
106 488 24
430 256 22
585 481 62
627 110 65
152 509 21
377 336 31
91 485 67
138 521 26
540 101 19
502 305 48
523 447 28
500 602 48
172 249 18
493 137 52
31 382 62
267 604 40
151 291 63
575 279 20
605 233 26
432 500 28
497 599 11
349 475 15
585 472 4
291 189 41
202 215 22
467 558 56
311 381 3
215 171 55
456 578 32
158 324 64
89 161 53
173 298 47
495 560 55
141 64 66
343 601 5
459 381 48
547 204 23
97 265 4
424 447 26
351 12 9
284 324 10
220 111 35
8 103 12
270 549 53
38 505 8
79 505 55
80 222 61
407 600 30
389 504 63
117 118 16
624 287 63
472 101 22
611 150 49
442 405 25
387 493 52
587 397 42
593 187 52
139 517 32
569 251 5
610 452 44
185 610 19
556 36 32
50 353 1
73 601 62
376 417 29
21 206 19
446 625 66
133 431 39
226 465 8
65 370 54
20 276 25
412 71 24
218 332 51
74 47 54
392 409 47
321 613 7
160 30 48
122 261 28
135 195 14
605 288 67
335 257 13
587 457 20
302 217 61
329 515 56
364 414 68
74 568 45
434 454 14
490 45 49
360 208 40
146 477 67
558 27 2
264 580 47
266 607 2
201 470 34
588 597 44
510 466 55
215 14 28
363 54 34
444 298 48
68 207 61
546 147 66
367 245 48
468 84 60
60 464 52
168 198 47
579 249 51
69 152 14
560 166 52
293 73 32
284 345 27
607 366 48
69 35 51
513 590 46
171 108 31
424 547 61
181 375 60
309 540 54
579 347 17
618 417 26
130 444 60
472 601 46
311 73 42
320 114 12
168 25 2
357 80 14
534 499 19
20 437 36
238 321 41
381 567 24
290 285 16
62 497 38
40 240 43
198 30 11
511 256 51
580 624 15
38 134 25
26 305 49
99 184 24
183 523 39
628 291 66
319 422 63
380 615 38
86 459 32
24 588 43
523 571 8
295 77 10
21 426 39
574 172 8
347 416 4
539 503 51
185 159 32
413 360 6
49 214 58
578 128 49
77 210 52
89 117 47
372 280 13
284 123 3
130 332 58
421 422 7
109 360 22
376 216 31
186 478 65
185 459 9
601 72 66
79 556 21
130 386 58
503 344 21
529 86 56
520 439 22
186 171 49
279 243 52
69 181 52
419 53 19
156 403 52
430 325 5
465 289 41
144 277 46
146 463 52
551 235 56
18 302 32
51 339 58
491 606 47
187 540 46
302 232 50
141 313 34
307 484 30
409 464 32
90 231 20
385 55 45
602 103 54
189 624 49
75 616 15
564 238 55
235 570 49
504 471 56
71 527 68
40 608 33
592 348 19
301 4 22
101 107 41
375 195 43
284 174 66
177 594 4
231 62 33
287 620 17
263 131 40
427 446 44
488 521 28
359 447 30
496 225 33
612 328 57
13 544 16
591 327 7
394 153 50
85 341 34
73 536 45
534 598 36
74 68 51
438 376 66
116 84 10
228 460 64
166 442 33
493 234 15
75 593 4
527 592 54
62 442 10
140 57 48
557 2 17
90 493 46
9 356 60
313 432 36
586 298 27
461 412 52
297 618 61
33 314 20
212 25 10
474 522 40
545 436 34
329 209 39
554 616 66
507 38 28
495 109 61
379 225 40
483 29 30
591 248 53
510 106 19
367 442 28
539 553 46
491 93 7
274 600 58
1 395 37
501 419 12
482 440 18
538 3 3
155 5 58
620 575 6
623 322 61
369 28 37
624 191 28
352 110 17
362 428 21
285 389 24
72 184 22
293 76 41
601 50 41
100 522 24
397 159 33
475 373 37
575 107 6
128 349 1
493 415 27
564 453 47
305 619 9
466 257 6
350 413 23
78 444 32
404 606 30
519 599 18
352 391 56
164 89 66
243 270 43
127 598 62
297 139 22
254 227 2
195 176 37
551 622 44
547 620 57
343 59 41
106 164 46
484 624 67
144 212 42
424 319 45
554 2 24
615 239 22
328 122 21
490 108 15
36 411 56
212 128 26
71 115 5
246 164 67
563 196 62
335 289 12
372 170 56
234 537 38
98 587 47
89 3 43
617 261 50
263 90 9
73 605 57
261 299 32
321 590 56
568 35 41
412 197 28
249 37 35
459 442 16
262 227 6
379 603 48
452 143 19
116 398 13
161 280 58
441 270 58
36 250 8
122 137 56
604 381 17
535 411 66
534 418 26
98 74 37
114 584 60
277 228 26
310 67 5
475 593 25
379 19 4
216 314 60
228 414 57
467 137 64
219 492 19
278 153 24
229 528 13
114 471 42
413 552 54
222 562 15
334 465 56
514 555 58
270 71 52
147 453 25
479 372 8
47 478 10
207 453 6
562 524 15
69 196 41
58 273 63
129 275 5
196 509 8
91 496 56
609 335 4
191 503 3
541 558 67
179 184 31
234 12 17
396 436 48
188 164 63
220 448 52
32 71 56
554 121 20
255 424 54
35 432 9
286 269 64
180 506 13
401 175 22
435 317 27
83 99 63
468 259 44
450 417 15
363 516 29
438 204 30
528 383 23
603 120 10
201 571 21
577 158 32
388 96 59
356 511 20
83 339 29
10 604 52
272 4 50
16 437 59
601 34 64
511 336 50
614 226 12
314 128 6
187 447 35
176 526 37
124 546 35
498 293 28
306 33 16
192 368 49
358 605 59
285 432 14
436 409 58
303 345 10
444 253 22
66 249 50
575 510 51
296 513 11
272 137 8
233 119 62
407 91 57
575 428 15
255 371 35
346 263 43
129 308 62
471 282 67
174 74 63
554 463 12
345 384 19
224 177 7
464 415 46
348 399 7
246 107 20
616 98 17
239 593 67
5 465 57
173 606 40
287 541 66
159 177 39
270 294 39
505 236 64
441 204 51
43 7 51
46 347 25
560 254 45
568 621 4
378 384 40
173 201 54
28 437 30
152 279 39
12 515 14
508 153 43
537 86 14
82 548 9
500 242 13
260 542 20
551 550 20
304 202 39
609 594 31
558 443 65
300 144 55
536 244 49
155 167 31
10 94 33
179 48 23
68 172 65
376 49 57
192 163 46
296 204 50
277 611 13
424 560 32
442 186 60
575 419 25
441 176 30
491 137 37
132 422 38
180 473 41
529 445 6
502 394 11
490 246 64
65 474 7
564 218 40
162 192 28
292 478 49
569 125 25
185 478 15
415 46 3
484 312 63
305 288 36
22 599 40
311 288 16
83 35 4
289 531 40
65 419 5
473 166 12
593 418 51
425 456 13
83 163 66
278 254 26
359 32 19
590 428 43
39 307 56
279 240 28
176 282 39
480 374 49
400 486 18
159 490 14
483 355 52
247 82 2
536 100 18
358 467 8
319 149 65
614 532 3
465 2 55
327 189 22
228 488 31
451 477 31
280 150 61
284 275 6
275 505 56
581 417 7
617 273 64
55 400 37
238 606 45
241 412 38
354 278 1
548 293 42
235 471 61
459 375 52
382 326 47
251 575 8
467 391 36
603 463 57
96 126 30
224 414 37
524 218 20
130 166 43
104 395 54
421 310 8
158 219 25
123 82 21
57 260 54
604 217 3
488 68 27
624 136 32
388 310 1
539 379 66
554 256 19
167 217 56
352 216 58
141 579 23
464 414 12
572 254 37
189 60 18
9 50 44
18 544 60
330 298 9
15 495 57
131 177 65
282 416 18
282 360 24
458 241 36
206 362 1
210 127 11
210 611 53
381 549 2
136 208 37
155 128 60
367 441 33
7 17 49
97 494 11
486 573 28
130 212 61
160 209 64
503 467 25
554 17 59
104 240 27
609 492 52
548 520 42
310 472 14
623 582 37
499 260 27
398 8 42
60 605 62
237 580 7
279 57 33
433 234 46
261 481 44
487 13 63
599 428 25
219 317 38
425 381 37
123 262 51
313 345 6
463 401 1
570 150 31
415 280 9
76 450 27
461 402 27
101 287 65
585 553 62
394 591 32
508 441 10
72 373 24
78 578 3
85 472 68
506 563 44
63 469 41
233 197 20
303 59 53
85 300 12
215 317 54
58 244 61
392 424 15
478 390 61
180 535 29
316 15 22
166 299 21
8 366 5
466 6 13
323 561 45
48 403 26
464 394 34
94 202 29
569 432 30
517 429 28
217 29 43
213 262 58
459 479 39
299 1 9
69 608 67
596 10 25
368 528 16
346 561 50
443 243 10
217 510 65
58 51 45
66 400 20
52 100 49
200 414 41
209 288 26
83 626 61
59 614 6
126 291 68
617 159 37
352 301 8
493 154 64
54 98 6
222 278 2
23 417 45
109 517 50
143 379 40
169 483 60
457 258 67
591 290 5
415 289 53
308 383 1
373 104 9
112 57 8
533 151 24
211 84 29
358 474 35
520 592 11
531 433 16
230 24 30
69 439 11
281 451 42
343 4 42
281 66 28
376 233 3
417 466 67
92 296 39
145 362 3
134 364 18
381 255 61
377 549 17
388 208 56
38 592 56
434 320 28
407 163 47
447 333 4
531 178 38
524 91 4
186 12 27
245 296 10
109 434 38
397 314 39
378 398 6
404 128 14
68 131 48
614 12 49
93 136 24
607 406 46
137 125 53
318 162 14
417 619 63
504 486 18
492 583 13
510 422 61
265 392 62
282 54 38
627 63 36
318 586 64
495 578 64
144 416 46
77 526 52
502 378 46
565 13 4
512 12 65
596 184 13
271 529 5
500 450 68
482 608 59
83 131 44
179 260 63
298 511 38
237 275 30
344 303 62
215 317 43
228 276 57
524 158 52
329 403 46
539 62 15
447 278 32
257 473 51
619 552 66
562 504 61
520 120 11
328 177 17
72 626 47
529 357 33
76 81 52
429 24 8
342 582 11
110 120 10
602 155 21
242 71 28
460 536 62
9 274 56
582 5 39
41 61 47
369 56 64
16 613 65
606 248 57
468 143 7
197 604 15
567 484 21
535 618 22
125 32 5
602 387 17
109 540 32
386 110 47
132 284 48
35 504 38
614 270 8
136 143 42
248 159 30
457 304 4
474 466 36
358 614 63
604 171 58
338 363 7
153 105 4
424 400 61
69 160 48
354 603 11
573 165 5
586 52 55
63 57 58
230 570 61
233 287 59
237 509 3
321 536 58
353 255 35
438 248 53
90 542 22
66 440 54
365 419 37
172 442 32
599 542 13
275 440 28
378 479 20
152 515 12
229 548 55
29 620 58
340 232 46
126 112 8
192 586 68
572 153 50
581 2 60
196 99 67
377 119 64
399 586 5
341 307 2
9 533 14
330 191 60
97 467 21
621 115 24
202 109 20
266 199 7
473 116 3
353 82 7
457 155 62
597 185 14
363 76 65
15 364 34
529 32 1
503 57 16
413 320 11
245 79 58
627 527 35
15 347 42
527 555 9
151 445 51
628 398 32
259 11 10
102 510 9
531 147 6
69 270 48
183 28 2
151 282 4
3 171 22
24 32 37
276 540 7
50 537 25
158 460 46
511 507 55
289 241 36
317 311 31
13 140 22
552 185 58
122 612 19
288 173 53
19 167 37
141 499 43
478 21 52
560 528 64
96 103 56
589 414 25
373 197 61
448 123 33
603 483 10
341 477 40
558 388 59
596 79 12
624 203 50
365 264 26
381 320 37
185 48 58
236 198 36
35 618 26
25 253 47
74 380 1
76 53 6
400 54 6
470 256 41
65 128 7
613 95 5
326 44 38
371 306 58
94 174 67
415 624 44
120 288 10
172 340 51
364 540 15
407 542 5
10 138 11
563 221 59
388 472 30
145 190 42
10 299 22
339 150 29
153 206 11
479 269 25
554 288 9
254 273 47
55 268 23
579 257 57
508 411 59
359 78 6
154 27 35
519 347 24
471 319 14
386 324 1
414 195 68
535 510 17
426 65 61
105 125 9
233 413 12
92 50 10
346 453 44
237 385 16
624 400 12
504 281 29
527 235 68
498 145 63
115 447 12
427 578 46
2 86 56
577 217 23
346 615 13
442 352 31
622 159 62
142 491 29
482 303 13
207 580 20
41 167 42
97 166 63
301 61 52
596 532 30
246 35 47
575 331 22
163 539 33
215 71 22
225 331 31
148 53 51
212 26 31
22 412 4
525 171 19
139 578 26
464 536 37
289 327 11
140 339 67
560 106 22
112 86 18
417 593 47
347 579 28
81 339 37
526 527 24
409 44 22
214 46 29
238 293 32
146 141 23
396 259 30
209 110 62
89 110 56
418 304 67
242 405 66
214 313 29
229 507 50
160 21 1
318 38 15
414 91 66
254 32 5
19 210 59
568 22 63
613 624 28
624 426 31
251 587 35
48 305 16
615 180 15
468 227 33
329 337 24
242 169 14
179 109 15
33 480 39
129 455 16
287 546 38
107 282 52
480 617 37
242 109 46
528 158 63
277 464 26
626 100 50
427 149 57
470 60 61
5 506 3
371 130 25
343 311 32
527 5 46
144 487 52
358 42 36
229 214 43
456 360 2
392 185 16
73 257 45
363 280 38
457 31 28
97 277 66
234 267 30
110 306 38
160 175 9
124 93 60
260 317 67
587 401 14
540 405 34
25 362 65
338 30 60
335 277 59
531 559 53
104 504 27
495 136 46
499 581 48
228 447 16
535 553 5
55 599 57
295 253 52
371 309 53
462 558 53
399 385 62
461 418 2
292 195 11
13 176 11
628 481 47
167 149 4
169 230 12
374 437 17
589 194 46
423 226 32
366 584 32
350 332 49
421 553 48
431 502 65
578 523 49
609 473 20
380 273 60
110 244 13
486 452 57
31 468 22
60 428 9
608 74 44
163 512 58
116 593 56
103 84 64
407 610 7
576 71 31
431 599 36
355 572 51
155 512 57
545 458 51
304 166 52
430 124 22
86 144 55
133 172 44
315 345 45
589 87 25
74 238 39
558 373 36
366 56 30
139 357 68
95 4 66
564 538 25
496 188 29
125 321 1
314 233 9
186 211 49
615 280 16
91 75 67
69 578 19
404 348 28
208 64 51
53 407 21
454 129 28
169 372 23
75 15 7
444 228 48
157 401 36
334 98 53
138 60 5
491 514 16
446 522 42
171 309 25
100 371 66
369 576 12
344 429 14
238 194 43
155 507 34
8 119 30
500 59 2
105 583 24
209 441 36
206 478 67
330 350 16
201 551 38
265 248 57
124 475 45
156 141 52
436 478 39
193 331 54
2 7 67
588 526 27
276 218 62
185 70 3
143 445 31
368 345 19
230 418 62
385 92 53
324 230 58
499 35 42
239 436 8
242 344 45
456 454 31
322 95 44
606 253 16
340 447 42
7 558 19
137 58 3
9 552 17
429 414 13
328 364 45
335 289 21
368 275 18
239 307 35
609 410 29
155 433 39
313 233 21
608 15 2
35 624 27
479 436 65
28 339 1
403 44 57
62 308 25
73 550 10
605 228 63
35 20 34
287 446 52
256 317 1
388 487 46
279 496 67
595 188 56
569 362 25
606 312 60
95 142 34
270 414 28
72 362 14
372 62 17
41 60 26
596 425 15
242 211 56
459 168 6
296 266 62
591 415 29
207 578 8
56 357 18
397 421 66
202 180 19
357 620 31
199 599 4
285 390 54
567 164 10
583 366 1
624 480 21
446 267 48
521 222 18
204 82 42
457 258 65
347 7 25
555 149 21
414 215 56
585 100 61
348 53 56
272 491 3
83 289 30
333 81 24
274 591 4
53 424 19
490 596 33
488 154 5
445 249 44
544 318 19
413 347 60
246 150 25
557 476 61
68 24 67
423 285 9
171 67 19
487 138 19
292 616 21
593 596 67
181 480 41
358 362 43
233 295 60
427 455 62
19 166 33
414 398 43
437 385 47
163 44 3
436 509 61
126 119 17
247 467 5
356 49 19
13 32 17
35 497 60
27 306 6
51 625 40
23 408 51
226 439 38
62 504 16
403 622 32
597 347 61
582 369 24
184 213 50
363 568 35
157 623 41
20 482 42
517 37 60
472 330 37
95 372 8
380 191 35
458 384 54
550 457 51
430 219 65
357 473 49
438 28 47
598 381 67
449 204 44
281 69 65
101 595 28
555 504 52
35 14 24
100 548 38
94 122 62
145 616 34
1 60 49
300 324 29
445 355 9
423 486 50
338 200 15
473 97 39
427 490 20
106 315 59
434 80 25
197 479 2
299 559 45
179 461 11
418 292 58
607 333 2
117 442 61
119 421 61
49 43 63
506 580 22
370 302 64
288 389 13
581 547 33
72 540 61
221 158 31
5 540 21
586 507 26
178 439 28
619 52 61
42 426 36
499 384 13
160 103 30
393 534 44
333 351 64
304 557 56
390 407 49
344 397 20
143 121 53
624 566 26
5 455 48
472 396 25
32 147 25
44 619 51
539 74 27
401 20 14
357 480 12
88 495 66
264 527 58
250 590 40
58 66 54
388 32 6
538 97 55
569 198 26
542 305 42
470 430 18
148 115 7
58 517 22
572 516 48
249 509 60
174 484 66
323 542 40
469 166 62
79 508 29
15 210 20
509 480 31
513 567 57
98 496 66
40 182 68
150 215 5
69 361 44
293 194 16
159 75 56
90 597 31
104 474 53
460 254 44
286 552 11
539 167 49
36 37 63
560 342 34
575 408 15
306 122 10
107 262 68
47 406 19
346 456 16
15 517 56
3 342 2
572 380 32
515 551 44
119 358 18
36 552 58
322 125 14
481 461 23
299 278 41
608 502 31
533 558 54
371 41 16
501 502 7
478 99 63
25 133 59
568 46 2
437 30 64
525 355 47
1 166 14
198 598 18
271 50 6
2 138 21
41 571 36
304 398 39
291 445 5
185 532 54
75 81 29
255 117 7
285 24 64
9 224 58
8 447 8
41 545 38
396 605 61
509 247 12
193 438 30
352 612 57
322 326 21
415 509 65
551 521 53
326 589 25
226 522 2
81 399 62
591 580 34
387 355 67
89 451 47
419 331 32
594 2 16
500 11 56
307 305 17
57 418 1
108 484 43
291 241 10
246 534 35
390 40 31
61 354 66
277 39 4
22 531 32
534 94 41
298 156 29
377 170 6
397 278 26
525 443 34
491 368 65
135 187 21
262 71 42
150 591 7
503 173 40
310 516 54
514 621 59
367 7 61
168 492 30
29 94 22
320 372 54
150 64 4
278 160 60
107 111 67
375 32 28
514 148 31
373 33 10
560 73 63
551 237 12
38 342 40
196 241 36
342 563 38
346 372 36
467 564 47
86 144 67
368 406 7
299 516 51
492 375 68
30 366 27
153 245 1
603 28 28
283 308 5
176 175 42
296 512 65
65 422 59
128 364 24
463 136 40
223 605 48
202 89 58
624 362 43
507 258 22
382 457 36
14 319 59
300 344 36
386 424 47
593 177 19
319 48 27
406 232 12
588 91 37
37 247 66
36 351 9
343 263 59
389 445 25
158 592 43
522 424 3
269 295 65
472 184 25
140 487 14
346 45 22
517 9 53
251 23 8
179 619 64
186 420 47
382 504 20
121 86 15
33 95 18
242 346 6
56 207 58
252 99 6
200 123 30
604 476 31
137 96 26
45 588 1
179 378 25
118 167 45
537 40 31
597 10 11
459 358 62
357 623 47
593 497 52
75 193 51
348 372 44
479 82 38
316 81 28
380 10 59
444 354 25
116 400 39
75 515 32
251 513 54
403 270 14
432 332 65
136 598 29
286 363 49
413 207 59
227 101 45
169 167 10
586 580 34
348 116 45
170 420 47
85 359 15
102 539 12
325 628 12
574 390 30
615 268 19
497 141 13
517 390 33
284 363 54
165 336 35
462 317 5
556 61 45
594 473 36
151 523 8
86 482 43
283 490 32
292 556 48
627 380 40
142 367 48
48 621 58
445 133 6
524 333 39
43 597 42
102 168 31
427 426 2
261 308 36
116 322 10
546 58 24
243 215 43
585 490 1
409 69 16
611 447 68
397 174 56
543 149 48
341 428 48
344 154 48
494 28 14
377 552 47
546 265 16
334 80 49
104 605 36
375 513 20
216 208 11
168 65 45
99 246 6
606 250 68
13 362 9
99 265 1
220 375 25
203 37 14
256 610 44
288 425 58
439 391 41
398 206 63
441 42 25
478 521 49
463 311 13
39 550 45
334 269 9
273 539 7
56 286 29
250 46 3
269 56 12
337 120 6
218 343 25
270 622 44
364 402 59
529 292 64
91 106 16
335 558 22
587 614 46
25 40 48
621 479 29
313 226 42
529 472 1
421 367 32
390 72 43
42 412 52
537 151 4
91 97 29
30 516 58
70 356 59
399 482 21
19 49 18
554 32 36
141 191 25
349 226 57
374 75 67
330 457 10
400 476 66
134 374 44
291 578 37
183 535 9
38 159 54
61 182 18
567 496 60
528 340 25
445 416 22
456 529 10
484 580 63
134 54 45
508 354 10
600 499 19
528 38 51
532 572 66
511 595 36
532 618 36
126 60 53
377 577 65
460 490 32
492 295 11
520 566 28
93 333 61
372 470 62
360 183 68
229 418 36
348 27 28
475 387 11
341 344 1
80 197 55
571 490 22
431 166 37
33 56 42
85 526 50
73 465 51
159 535 1
191 558 68
287 402 56
373 605 11
240 363 38
16 220 48
159 449 25
207 182 30
212 12 4
544 378 57
56 362 16
380 593 1
85 249 52
505 554 56
488 501 3
191 561 35
365 213 66
141 64 45
542 342 54
88 24 22
281 159 31
102 33 44
92 232 54
192 258 1
555 414 19
69 388 56
38 3 53
583 456 3
112 526 61
426 275 11
321 541 55
130 427 38
525 133 38
427 46 10
322 438 32
275 98 13
32 63 39
194 151 55
586 71 16
29 80 13
226 119 28
78 181 58
572 57 68
192 36 30
392 380 48
215 591 14
330 348 66
547 572 51
580 548 23
608 307 20
280 135 26
317 628 50
492 239 68
17 470 12
576 472 19
131 285 32
126 497 54
170 34 62
32 427 39
269 201 61
598 623 57
304 70 22
60 180 67
417 473 50
405 489 23
550 377 20
386 174 20
247 120 25
241 389 68
239 518 29
328 433 22
534 47 5
249 128 40
124 388 12
437 54 64
386 2 37
118 162 46
589 146 30
620 119 62
39 109 2
189 217 15
134 53 1
140 42 15
219 557 52
426 485 39
239 97 33
68 543 16
613 303 9
140 213 2
455 284 61
466 191 16
266 95 62
340 152 9
143 90 48
164 165 11
38 188 21
469 622 59
70 590 59
291 268 25
572 215 25
296 457 20
426 276 67
149 305 19
456 416 7
191 411 64
118 285 52
107 279 11
35 208 54
20 373 51
547 230 68
185 148 51
240 1 33
384 457 54
141 604 4
365 284 11
381 78 61
173 166 6
371 236 33
203 529 51
458 394 19
271 385 47
627 554 63
444 442 48
377 443 34
85 387 44
182 624 62
580 346 15
146 616 11
456 274 30
603 241 4
504 185 62
421 532 10
52 532 22
524 291 11
412 1 62
452 22 50
621 538 67
295 591 39
344 351 20
391 6 55
514 387 17
261 288 27
168 595 59
150 336 63
104 378 33
162 107 18
147 317 17
583 200 18
42 509 33
323 540 6
584 456 2
66 501 36
76 268 8
455 301 24
241 45 65
398 121 51
130 24 46
40 518 21
393 102 64
117 219 2
522 562 30
615 214 41
389 43 16
67 9 6
461 573 54
210 556 19
74 603 54
348 213 15
398 485 12
597 127 12
572 66 50
353 624 20
602 529 65
416 336 56
579 533 50
594 512 5
507 55 68
428 424 35
191 512 47
290 3 39
387 83 35
224 117 50
432 76 67
275 284 51
183 287 60
457 521 67
119 293 44
70 414 6
592 521 33
612 82 20
129 568 47
147 435 63
295 99 53
495 601 5
383 284 31
519 147 41
428 245 53
386 329 66
218 467 37
324 528 62
606 251 46
494 280 49
490 285 47
226 56 37
108 113 66
291 223 24
541 221 53
201 495 11
460 126 4
615 281 10
580 311 27
452 278 41
348 461 37
514 49 46
603 187 18
379 303 34
138 362 46
570 335 17
459 608 49
527 352 64
42 350 10
276 289 1
481 319 57
73 79 42
1 600 22
297 483 62
465 267 19
534 615 40
458 90 51
38 405 6
297 203 29
361 146 64
400 510 66
331 394 32
438 617 16
585 24 22
33 327 49
188 269 41
464 264 60
420 419 65
298 471 56
459 527 24
32 224 57
546 178 65
172 498 4
524 278 40
57 515 51
564 150 31
411 260 14
170 464 41
211 443 12
154 149 17
452 102 34
256 323 42
407 428 19
19 254 30
137 374 6
563 235 16
588 83 60
511 321 61
616 538 33
97 466 58
24 196 46
59 420 42
267 43 50
544 491 30
472 74 56
624 341 33
383 435 54
322 208 14
103 112 23
598 109 24
194 51 30
559 169 15
474 563 33
280 205 47
181 275 39
623 403 3
403 11 1
202 259 57
577 55 57
267 524 20
370 105 2
552 478 35
132 255 26
247 601 61
302 529 59
176 255 40
82 115 54
354 525 5
527 492 53
519 60 67
42 28 38
296 523 57
405 608 19
210 15 15
77 261 16
193 152 13
601 339 58
416 306 28
350 465 66
127 189 43
371 417 44
81 384 55
108 111 24
574 302 33
398 520 58
516 519 37
90 47 59
590 192 51
469 538 48
527 589 47
439 497 45
189 547 46
365 229 22
620 399 57
626 189 37
120 559 7
126 175 3
409 344 58
114 469 54
82 547 20
538 317 45
83 124 17
34 494 26
82 45 14
122 530 34
53 9 55
272 498 25
311 62 29
69 114 38
474 214 4
237 12 34
538 474 25
437 535 8
481 341 39
65 77 19
112 310 62
212 343 14
523 322 54
563 584 14
348 129 35
610 303 21
122 548 12
501 75 64
432 277 59
500 586 29
116 477 34
190 600 55
361 529 60
346 83 30
73 192 10
59 448 57
470 21 53
601 538 63
494 262 41
89 559 61
540 517 26
404 267 8
426 15 67
378 443 51
374 71 4
41 18 58
238 493 27
97 614 32
345 35 10
67 563 59
8 69 43
177 309 18
337 574 59
8 490 54
504 62 23
257 209 45
305 499 55
121 90 15
304 31 33
117 163 39
494 504 55
390 409 20
600 597 24
253 118 24
117 341 39
257 95 57
523 101 44
598 472 43
507 215 59
505 528 12
222 185 20
329 618 32
152 563 31
127 447 14
433 225 35
306 406 35
467 598 28
15 542 45
35 80 39
503 374 22
286 607 37
102 438 55
447 543 7
409 596 38
515 597 5
329 256 47
342 569 1
74 385 40
559 102 35
280 345 45
446 96 63
189 133 48
417 613 54
144 43 37
174 338 27
507 424 42
528 51 55
503 613 45
194 223 22
167 55 60
313 136 14
306 556 8
322 163 10
117 193 14
418 355 26
570 488 61
318 559 44
263 56 19
231 211 25
505 204 66
20 234 1
277 627 4
128 342 16
413 39 14
528 71 9
77 330 29
183 562 28
572 44 4
346 409 28
516 193 22
133 599 62
67 101 6
482 543 67
505 581 62
542 348 20
290 366 23
410 54 11
336 539 30
107 122 52
109 413 19
312 22 61
351 493 42
93 180 61
491 70 44
81 227 12
380 132 51
327 66 27
480 192 18
447 571 5
304 312 18
403 9 48
539 376 1
608 373 14
184 202 3
54 478 57
190 299 66
169 110 56
585 36 10
333 45 29
537 74 64
292 565 48
326 542 38
570 625 44
73 590 15
462 574 66
333 401 20
447 514 64
375 150 44
91 224 33
298 350 67
311 452 15
415 89 53
384 524 67
426 444 17
479 168 62
560 397 51
290 217 36
223 514 47
440 205 7
602 43 26
563 626 49
441 91 50
32 194 51
361 249 58
168 168 28
267 176 57
300 40 1
400 451 43
232 576 24
433 86 5
275 512 44
86 311 57
105 460 23
460 529 61
167 309 16
49 535 6
581 81 55
262 406 37
196 260 65
18 307 25
284 400 48
449 275 27
79 230 22
594 45 37
27 368 48
39 542 68
127 576 1
469 51 66
466 65 8
626 415 65
341 183 11
94 455 26
159 624 33
163 283 60
618 572 8
98 193 19
467 55 9
413 229 13
32 341 27
297 223 34
541 137 56
608 368 24
317 516 65
181 436 23
286 597 21
515 497 67
303 411 12
236 575 54
379 81 60
385 602 23
225 194 22
3 522 1
627 506 56
270 514 36
368 60 6
478 460 15
445 310 59
147 117 18
381 336 58
591 532 26
544 261 41
440 280 60
336 6 55
304 17 6
234 561 56
179 602 49
534 257 36
164 404 15
537 499 52
285 104 59
148 210 29
222 570 13
43 307 3
56 543 10
352 243 45
149 253 49
550 6 50
103 145 49
6 240 2
307 199 50
361 574 56
589 144 58
609 440 3
4 312 45
208 508 44
219 402 28
15 160 21
231 44 50
461 176 68
310 390 55
352 567 63
266 541 52
114 72 43
29 175 5
94 352 26
519 494 18
593 193 58
554 587 50
262 485 36
227 583 56
162 606 39
438 261 22
235 72 14
119 414 44
202 165 48
96 199 32
435 236 27
375 342 55
621 379 30
570 444 9
317 562 28
490 460 26
54 273 55
244 336 1
196 347 40
54 452 10
494 491 62
556 565 13
475 236 51
474 300 27
205 119 13
312 258 2
128 619 9
215 585 14
297 168 34
460 336 34
270 52 3
422 109 30
96 305 37
518 308 6
132 569 41
377 342 16
280 415 34
360 304 46
101 30 19
97 605 41
24 605 49
569 264 60
278 448 32
468 616 39
142 190 12
68 587 64
520 261 31
606 216 57
539 12 11
56 584 53
92 275 43
375 64 41
412 409 26
305 54 16
507 20 57
376 335 68
326 1 47
507 330 66
224 276 51
169 511 5
186 488 41
240 445 36
305 545 5
232 554 53
64 80 63
500 16 44
490 87 26
488 150 61
92 491 51
104 379 23
15 109 7
451 416 20
54 448 32
410 397 23
469 236 58
142 586 9
185 240 25
594 142 35
151 166 30
590 214 34
139 9 13
463 348 20
604 470 13
479 268 29
220 343 46
217 606 5
129 593 13
500 347 20
449 138 23
282 97 41
309 486 6
106 336 30
308 82 63
303 321 53
118 147 4
57 576 40
115 431 66
504 124 52
340 367 64
378 5 20
161 551 6
551 40 62
434 604 28
321 46 39
354 381 27
230 79 14
119 294 35
603 399 18
183 510 29
291 240 62
465 579 21
68 404 42
328 440 12
616 436 67
515 605 68
414 399 24
560 259 55
507 282 17
77 312 64
508 363 65
466 285 2
478 242 36
465 312 49
323 120 31
325 160 56
220 109 62
9 433 45
188 111 10
318 471 54
190 601 41
145 81 3
147 573 65
3 468 31
447 66 25
544 140 57
428 307 60
109 250 32
246 367 1
266 225 4
287 130 67
203 445 32
328 307 10
41 99 5
322 386 27
209 45 53
349 408 27
430 158 65
221 45 25
247 291 66
308 214 31
502 136 11
86 592 7
167 474 66
378 351 39
82 148 50
573 196 67
434 319 51
1 302 46
453 41 15
92 367 23
497 593 35
76 33 7
531 132 39
402 536 43
542 102 67
153 211 54
121 540 66
121 361 56
174 589 68
80 291 48
59 585 25
481 209 33
50 84 46
115 558 52
395 100 14
198 607 36
215 576 45
221 130 34
59 196 5
193 129 49
404 275 11
485 215 53
171 25 4
194 398 37
462 334 39
286 337 64
485 505 44
188 434 58
107 74 51
618 403 20
481 50 11
179 622 45
191 400 64
572 107 7
319 31 2
306 431 3
223 30 62
489 510 15
397 562 19
273 255 40
106 127 55
592 554 18
261 310 20
474 65 63
92 571 38
46 594 45
112 451 58
46 301 19
614 284 53
130 59 37
606 427 42
526 234 40
339 277 48
84 594 39
607 305 32
20 491 54
567 330 14
223 469 62
423 69 33
262 594 32
552 114 11
178 251 3
444 54 63
324 368 44
188 164 2
587 520 27
132 242 13
281 269 15
586 284 61
330 203 4
224 449 35
237 2 58
576 370 21
254 611 13
53 210 23
285 313 53
225 586 1
274 64 9
507 522 50
137 333 7
300 410 57
44 419 48
183 77 58
335 531 46
213 505 35
463 388 67
215 115 36
226 218 12
17 272 15
118 383 44
526 236 62
250 475 13
150 183 49
182 90 2
342 527 54
433 37 36
499 13 26
495 132 40
480 152 51
577 397 25
184 479 51
33 369 60
499 361 38
542 51 16
104 481 62
114 78 12
409 405 66
116 77 47
155 74 68
12 524 47
80 99 61
388 322 46
472 577 19
101 190 50
213 243 26
239 39 64
499 621 11
536 293 57
194 185 27
288 148 64
407 301 15
209 104 67
344 352 53
390 74 30
315 552 22
461 238 54
185 183 40
352 518 42
255 352 9
327 219 66
290 106 35
526 235 49
357 497 41
482 351 65
472 524 6
253 219 38
437 378 39
554 444 19
536 310 14
204 180 6
332 68 33
392 559 41
567 305 6
36 210 33
465 237 33
235 419 8
217 327 8
38 87 61
390 465 15
16 46 63
277 267 27
458 529 41
250 460 41
566 52 64
2 143 56
502 465 51
184 269 38
271 172 26
348 328 30
2 350 61
119 46 50
254 607 25
357 299 67
445 619 28
376 483 51
213 521 54
174 205 33
493 502 49
538 357 42
222 225 22
120 551 33
447 80 7
470 10 24
163 603 63
369 343 29
503 267 6
61 531 39
193 384 43
433 195 9
186 452 29
320 158 18
383 319 16
37 9 12
30 452 53
107 231 57
457 426 16
614 453 15
319 607 7
238 523 61
227 585 50
185 195 62
482 286 65
150 536 65
396 438 53
620 596 47
217 18 31
584 372 45
314 473 14
113 37 25
524 245 64
550 212 15
497 467 48
184 15 57
37 212 16
288 221 11
550 373 58
117 132 1
130 136 20
319 172 20
424 77 57
333 259 11
122 332 18
221 259 8
627 464 2
590 70 42
513 107 62
362 526 46
454 578 37
60 149 55
615 398 16
568 104 60
559 46 58
412 77 9
546 209 41
368 12 30
309 377 16
50 606 20
402 146 13
24 361 11
76 495 37
85 308 58
234 473 18
75 568 52
214 612 11
614 354 48
330 217 63
611 352 56
98 466 49
190 138 4
536 145 66
557 393 2
441 431 17
16 103 57
94 476 29
523 594 30
279 331 16
501 457 8
102 108 47
104 432 67
309 583 5
369 378 46
374 587 11
353 49 32
371 68 24
241 143 42
239 242 29
589 116 11
462 67 34
429 258 67
52 438 67
342 315 15
588 146 45
244 47 58
195 524 21
257 303 8
267 232 16
370 204 64
53 368 17
365 148 15
502 388 5
414 158 2
64 386 28
60 546 24
206 532 24
533 281 31
65 333 30
326 460 62
222 620 8
411 131 42
598 35 6
55 233 34
122 210 39
391 592 17
67 375 5
572 197 2
112 82 4
67 207 16
390 589 28
351 124 44
531 326 8
18 210 37
43 322 62
194 616 40
419 198 14
481 69 16
562 235 20
475 606 42
557 427 30
395 471 58
390 320 35
231 55 15
417 337 60
38 33 33
66 1 14
468 368 34
305 539 24
169 214 8
173 570 48
148 304 63
166 312 20
373 74 41
564 159 30
23 250 32
516 34 25
39 449 59
135 329 44
319 495 10
537 463 5
191 260 21
134 12 46
58 137 31
292 621 29
171 324 63
147 435 4
535 575 8
114 216 16
509 302 66
360 145 26
459 351 57
576 438 64
619 206 61
183 174 12
448 60 55
50 75 48
198 487 27
103 19 28
447 452 27
211 438 53
80 449 35
70 268 6
88 385 22
433 11 27
421 338 52
603 601 15
407 379 8
195 279 17
147 181 5
344 356 65
321 409 58
271 248 29
311 85 21
557 280 12
293 567 65
32 624 49
247 223 6
179 18 17
356 158 13
443 566 28
294 53 56
327 324 37
367 579 64
72 59 35
51 267 34
138 346 13
235 611 51
413 536 38
531 268 39
23 171 41
289 160 56
344 504 59
99 379 58
172 423 21
514 48 64
342 482 16
192 123 38
297 159 2
210 195 29
129 450 60
28 28 56
42 391 59
266 7 30
117 270 49
17 111 1
186 521 52
283 587 31
268 406 59
599 95 11
260 529 32
311 440 41
619 589 62
408 145 16
198 75 61
493 347 16
251 152 21
28 519 46
433 154 20
371 409 42
164 548 1
626 190 65
215 217 2
377 390 39
13 391 52
613 132 10
419 78 56
595 2 46
41 216 29
400 88 28
483 418 34
394 288 46
469 607 50
500 286 49
619 330 64
168 558 34
464 7 51
431 573 3
519 298 67
64 346 34
96 172 66
26 277 31
169 159 50
336 103 22
55 563 39
6 400 61
310 100 9
573 505 23
117 119 53
599 166 7
175 296 37
382 147 4
408 38 29
214 463 31
551 463 56
566 278 39
469 517 63
316 513 28
494 535 35
255 20 7
37 231 2
241 509 42
443 4 2
485 490 56
609 349 27
351 41 15
321 472 34
155 307 42
484 449 36
281 308 41
466 31 26
290 305 55
38 587 23
172 323 13
18 91 45
162 220 67
567 568 25
469 495 63
364 340 16
72 518 10
260 98 42
355 492 6
287 125 20
131 160 42
384 442 55
115 621 24
401 107 35
141 604 25
519 522 62
304 605 6
310 498 40
412 317 14
342 206 2
116 370 23
147 310 45
477 305 38
569 131 23
144 261 36
514 236 67
500 167 24
473 20 33
133 81 36
472 453 8
79 419 18
410 420 52
525 416 23
277 566 5
181 182 6
489 15 46
442 190 42
133 516 4
1 562 66
286 242 31
324 156 37
503 605 2
382 487 17
330 63 38
71 175 42
489 526 43
94 467 50
445 463 17
18 93 11
9 370 47
251 554 64
511 70 26
265 432 48
414 372 52
128 379 55
587 361 54
49 61 29
390 438 17
628 262 32
225 167 24
149 372 11
139 348 22
5 210 21
497 473 21
443 189 30
437 313 53
561 530 9
55 468 55
412 442 40
114 628 30
302 254 1
84 609 45
250 354 2
162 15 42
326 270 52
604 401 58
341 152 12
101 7 62
21 364 45
549 430 48
530 178 42
592 547 59
428 466 59
224 5 51
325 30 46
212 74 16
515 424 49
80 50 38
236 471 4
81 623 34
136 131 50
225 142 28
429 204 28
188 316 52
11 16 28
218 572 54
453 303 3
161 132 36
245 286 39
406 177 24
520 65 58
44 583 26
169 538 53
390 112 55
352 299 20
46 34 28
383 151 42
316 580 27
517 601 55
505 237 62
542 98 1
514 176 33
409 453 55
261 397 51
345 376 14
392 128 42
512 49 12
103 284 25
567 374 17
276 525 24
508 314 1
542 62 36
293 626 54
458 463 26
112 270 59
135 116 64
7 22 56
54 412 37
205 570 37
125 344 67
127 581 29
417 133 35
380 461 31
259 495 17
143 128 9
307 208 29
356 107 42
258 122 42
85 69 20
388 441 7
247 182 67
84 147 48
627 573 43
234 233 21
240 99 48
562 251 30
35 545 19
83 624 6
71 140 45
358 433 41
504 271 7
150 186 2
476 332 41
391 199 3
417 524 40
259 337 57
276 145 10
594 353 10
440 543 37
528 8 68
308 217 37
248 297 23
594 615 44
597 162 5
552 291 13
623 225 11
246 524 16
272 205 37
527 87 13
309 269 65
587 223 44
596 335 60
612 536 2
63 366 64
197 189 22
590 531 29
379 251 33
39 496 59
138 593 15
551 363 12
490 531 48
41 318 7
47 429 21
34 512 2
256 107 10
524 101 41
318 489 22
486 460 59
529 304 38
210 250 20
561 111 30
113 459 9
620 79 22
112 32 22
417 526 4
173 143 34
377 466 65
466 281 68
378 325 8
295 557 27
295 397 56
236 241 22
21 444 39
298 354 15
576 366 57
58 485 39
287 482 15
439 8 44
545 146 19
619 497 43
72 477 11
300 247 8
349 118 2
410 343 30
297 182 56
1 198 44
208 204 29
344 626 47
24 98 10
150 439 44
611 607 21
206 597 20
508 262 15
48 413 67
477 62 6
352 421 11
153 199 66
605 113 54
622 538 25
579 497 21
621 373 55
374 237 3
203 601 58
124 360 62
162 606 34
461 41 22
243 564 9
416 348 9
576 323 12
495 561 43
580 313 28
600 159 51
29 54 9
494 491 63
267 14 51
415 304 66
68 569 1
396 163 25
119 425 11
125 241 61
172 474 18
277 35 21
222 54 62
437 409 64
208 48 44
323 178 39
323 454 61
31 334 5
36 246 2
298 359 56
38 78 68
515 431 61
365 385 36
568 264 59
208 454 36
8 125 40
616 254 22
201 156 26
103 328 38
491 149 12
171 338 38
96 329 55
393 553 20
532 454 55
174 481 59
377 214 6
311 301 50
444 526 49
223 244 55
265 80 27
183 221 29
354 457 43
248 609 45
185 603 5
277 66 15
459 140 41
261 162 58
302 270 41
416 141 30
336 395 5
568 390 32
393 488 20
124 162 53
572 176 16
332 540 42
252 33 61
305 327 55
307 166 10
323 467 52
133 245 6
441 31 49
3 479 38
57 569 8
410 229 68
480 427 59
216 386 18
312 570 39
335 163 16
192 560 66
196 262 61
529 100 15
507 394 41
193 596 3
372 515 38
39 527 17
514 235 54
12 88 65
138 407 34
451 259 17
247 120 41
167 472 33
474 240 36
27 402 23
341 369 57
541 413 16
495 198 35
290 163 38
375 160 42
318 415 34
353 68 29
74 604 56
536 132 36
530 125 41
354 475 44
598 517 35
323 130 10
88 74 44
528 498 16
616 540 7
527 127 3
323 281 15
405 515 61
110 134 27
19 284 27
458 326 5
164 173 6
12 422 36
609 341 22
340 151 39
596 72 1
289 507 4
363 339 47
4 578 49
61 279 46
407 181 34
387 163 32
54 240 47
74 183 58
392 243 21
446 318 37
480 108 34
544 153 36
403 461 41
181 133 61
47 567 14
8 495 41
137 447 51
499 570 48
342 171 4
559 625 2
133 273 68
317 574 16
553 189 7
408 470 61
245 218 39
530 167 37
404 352 49
335 590 23
152 30 58
205 368 13
585 423 60
550 599 46
449 612 38
603 357 4
240 600 65
102 307 28
285 624 61
478 94 36
22 574 66
436 617 46
576 483 33
563 2 12
414 354 37
125 582 7
374 468 33
369 262 65
601 453 10
133 266 53
36 212 27
412 157 61
42 550 48
357 358 59
496 352 45
319 159 64
515 122 5
359 565 56
146 226 35
596 357 10
302 14 68
56 127 39
319 231 67
375 487 56
266 245 12
590 213 8
66 232 13
458 207 36
150 39 38
173 272 43
424 585 55
110 312 17
314 4 28
60 348 43
553 322 30
194 169 31
582 317 60
139 266 37
301 405 62
211 455 10
139 563 22
195 33 22
222 250 20
257 87 23
265 494 38
31 44 58
229 326 52
500 43 5
476 560 39
271 400 6
372 584 62
497 113 7
600 48 56
160 489 8
246 587 8
138 157 40
353 173 10
387 342 41
420 373 33
296 53 18
27 436 53
9 544 5
230 194 51
339 574 66
257 29 18
112 529 17
225 547 8
507 502 57
579 436 43
266 109 10
478 69 59
63 186 48
326 388 42
136 173 15
416 54 5
2 565 7
234 116 8
73 26 66
420 420 18
567 111 53
147 251 48
443 493 67
16 356 45
39 141 19
394 503 31
421 418 1
257 288 66
596 10 25
216 542 37
354 515 49
534 11 36
610 87 29
308 172 30
402 303 53
487 260 61
216 391 31
283 540 4
110 280 59
564 236 43
44 539 16
372 537 26
285 115 36
254 336 55
114 350 49
243 605 24
601 488 58
531 284 65
370 321 39
34 189 5
288 131 56
474 187 37
392 221 17
459 236 42
19 548 28
57 421 6
145 93 45
604 348 10
579 567 5
156 611 6
246 381 44
588 426 25
351 357 47
562 181 57
583 565 53
406 458 26
567 429 68
536 284 38
145 389 3
133 225 58
99 426 68
294 563 35
391 100 23
504 359 37
14 578 63
307 189 2
60 235 33
334 491 45
536 531 14
358 74 38
350 104 29
561 341 56
73 446 13
283 617 9
147 444 10
160 52 66
3 255 25
166 388 62
85 70 14
8 410 14
338 372 1
185 260 34
290 470 30
134 33 53
20 278 22
238 328 57
626 537 16
585 562 20
394 409 39
589 126 23
107 464 50
272 9 57
75 595 3
259 242 8
445 466 60
536 234 12
612 247 55
565 254 37
50 372 23
121 394 54
509 361 34
250 78 53
554 293 53
299 495 31
608 191 51
368 60 27
190 310 17
304 115 37
507 273 33
70 286 1
559 438 25
226 268 51
478 33 57
545 210 56
356 79 3
163 478 22
149 223 33
39 178 20
426 48 49
436 164 62
86 7 38
16 361 66
401 537 59
136 310 34
89 192 28
467 363 65
240 508 67
46 31 62
32 173 22
44 472 12
240 253 3
556 556 34
162 597 5
229 600 40
164 294 17
541 379 53
536 203 44
235 618 66
85 562 25
38 527 63
418 370 41
268 586 14
187 534 56
130 97 29
490 153 21
303 306 4
57 375 37
82 344 40
134 145 34
197 177 13
91 332 68
502 26 12
416 459 63
587 526 56
359 614 34
218 314 29
87 440 10
291 156 45
555 605 22
472 47 68
285 71 48
127 111 26
328 558 26
547 456 21
586 616 42
329 528 27
214 442 59
284 458 58
62 380 4
531 176 12
161 549 13
153 520 31
532 215 2
48 240 20
208 11 47
132 91 55
71 606 43
148 601 66
496 415 53
16 44 26
417 165 10
556 90 27
124 342 56
192 64 24
404 217 2
3 273 32
57 594 53
133 575 68
606 97 22
146 613 55
340 153 25
564 526 55
509 524 68
354 469 22
511 460 40
567 333 41
547 303 3
578 430 30
495 457 9
230 327 20
615 64 22
489 405 27
442 444 20
509 125 67
352 306 50
206 339 29
268 603 59
101 84 36
4 155 38
37 154 67
425 410 59
290 585 4
95 131 52
603 197 51
327 361 16
497 502 13
436 321 66
92 416 67
417 509 34
549 339 53
344 285 36
573 189 14
60 373 28
607 581 21
331 489 53
476 206 44
92 344 27
475 81 1
488 8 49
162 468 52
166 104 31
473 331 34
236 622 44
19 458 25
444 402 9
122 618 4
321 421 41
611 367 66
265 144 60
425 608 34
446 502 16
39 179 36
488 421 5
421 225 27
273 252 10
607 464 53
594 358 56
444 485 60
484 273 6
164 563 59
521 5 55
553 569 29
568 65 35
351 365 35
525 417 20
65 177 50
64 603 25
501 68 49
578 191 41
254 266 50
432 459 50
150 74 58
589 76 25
148 536 42
484 250 23
152 600 6
264 599 24
615 160 44
495 233 50
342 233 26
388 568 11
614 539 52
401 484 53
30 81 39
68 549 64
197 365 57
132 211 23
151 304 35
106 503 2
466 142 11
208 218 47
366 392 31
557 362 56
606 612 17
519 156 24
509 219 56
190 75 60
111 153 23
340 505 12
351 414 17
50 501 40
440 214 37
293 229 55
287 351 49
35 540 59
479 212 6
297 400 39
249 306 14
481 529 65
331 507 57
21 581 20
452 563 27
586 383 31
482 35 16
88 564 31
468 613 36
97 449 46
600 154 68
456 237 17
267 356 15
236 298 35
83 616 68
19 430 10
454 468 51
205 406 45
567 23 42
116 464 67
210 183 33
448 251 1
219 85 12
528 88 23
454 45 28
563 378 4
130 133 4
191 548 51
539 463 37
492 399 49
231 474 51
56 586 60
570 94 64
421 221 60
511 506 37
140 611 56
175 571 11
224 556 33
447 547 59
416 397 21
311 429 34
472 526 49
185 218 16
332 275 17
72 117 49
498 476 37
31 600 35
516 226 18
178 504 15
561 195 55
102 112 60
585 499 23
421 617 32
229 120 63
119 545 67
85 148 32
190 18 67
554 380 14
207 226 2
237 235 3
12 46 57
484 42 14
524 373 68
273 123 27
465 350 42
289 85 51
70 365 37
213 306 45
101 24 52
347 542 60
576 569 59
155 92 42
133 501 21
49 132 55
281 162 57
433 108 19
218 395 12
169 193 55
170 483 42
499 583 33
152 430 58
252 153 38
445 5 12
387 369 8
192 204 4
267 96 17
314 319 65
166 272 14
621 575 66
163 329 36
419 75 10
124 224 5
372 483 42
557 81 59
42 221 65
16 207 7
442 590 60
449 382 9
9 18 28
68 59 48
371 430 62
125 9 65
622 299 4
70 252 25
228 44 36
266 30 66
463 305 28
247 233 60
324 108 60
471 171 29
87 49 43
374 390 17
113 540 52
613 401 14
87 251 16
433 106 52
467 267 52
268 407 22
532 613 63
97 410 64
209 379 15
321 417 57
482 558 8
237 390 23
141 277 2
401 190 2
77 429 38
72 545 51
494 250 55
340 165 41
233 371 17
435 271 37
151 532 52
469 491 24
270 410 6
64 9 18
237 280 43
441 479 31
427 610 32
616 19 35
45 472 28
160 364 59
29 35 6
381 108 1
65 275 58
500 97 20
198 598 23
329 290 7
340 224 61
201 131 41
239 26 17
357 100 39
174 570 24
130 106 42
361 477 35
384 584 61
303 192 51
505 104 26
239 371 14
471 45 24
475 14 25
1 296 60
592 243 44
47 267 63
373 391 31
196 406 7
218 142 14
404 349 9
49 478 45
490 628 37
117 326 3
106 444 7
615 374 24
313 50 49
595 145 20
585 460 54
612 36 58
513 71 48
134 179 17
582 148 35
557 227 27
119 386 56
206 457 1
286 315 24
385 538 15
225 295 23
453 360 3
87 244 21
508 581 63
331 60 53
458 570 52
437 143 16
121 132 21
126 408 32
165 613 57
521 366 18
575 561 21
495 280 16
164 547 30
542 142 17
6 97 20
236 314 33
576 107 36
514 8 2
494 274 66
270 102 61
572 67 35
206 79 59
71 328 13
457 511 27
170 433 9
189 408 64
22 288 55
500 475 45
363 24 4
358 506 11
183 292 54
498 512 41
551 620 17
462 172 50
228 610 31
75 428 16
256 559 20
610 246 41
407 173 3
593 400 41
65 277 14
280 80 53
589 575 42
449 67 53
541 264 66
522 334 29
63 410 28
202 23 29
312 250 59
23 88 34
321 118 48
363 370 2
470 140 14
93 422 11
308 305 49
530 229 43
404 487 14
40 467 19
215 211 51
409 613 11
363 349 20
257 18 64
124 546 63
412 190 22
486 199 56
157 335 61
535 449 66
97 60 59
83 341 44
559 73 20
292 284 35
523 377 44
523 23 6
577 376 57
483 98 3
612 335 25
45 262 34
103 329 18
491 123 65
492 459 27
469 27 17
510 302 21
181 515 44
162 254 68
105 54 54
454 373 27
226 119 13
250 93 33
531 586 38
256 177 15
103 14 9
344 283 25
526 608 33
307 525 31
486 419 39
69 189 4
243 286 62
138 90 16
396 406 68
145 567 60
192 4 4
590 256 6
271 231 22
282 512 31
266 202 26
226 563 67
285 458 21
195 177 42
208 626 44
219 391 19
311 11 9
620 186 16
12 164 23
575 190 2
500 227 30
499 141 33
593 546 10
275 622 31
575 153 21
1 99 7
341 602 14
623 607 36
206 216 12
272 322 1
14 555 24
508 69 62
531 143 58
469 270 52
365 539 15
65 297 3
616 391 7
8 330 39
8 104 9
468 114 33
274 160 67
306 147 52
194 565 53
511 408 51
497 537 13
7 594 40
170 34 37
448 250 44
449 72 34
447 286 32
297 369 57
394 614 51
427 597 24
586 601 8
188 450 25
119 351 38
560 404 40
265 60 4
506 526 26
126 316 37
206 581 8
559 164 25
74 12 7
204 222 17
311 453 8
546 172 20
511 380 18
499 627 47
619 262 45
375 374 22
331 272 23
234 335 53
161 369 60
72 157 22
59 110 65
398 400 54
136 411 60
49 494 16
42 45 16
249 403 43
364 411 5
333 216 40
474 397 20
161 382 12
94 2 8
130 378 56
620 305 26
211 344 65
349 493 39
604 466 54
464 380 55
180 300 15
188 376 44
158 563 24
287 339 65
198 42 58
273 465 38
84 46 28
178 425 5
232 162 34
22 380 3
129 513 8
267 538 19
305 65 21
160 237 53
469 520 39
523 161 31
344 23 9
134 86 50
36 301 34
437 117 6
193 367 21
98 415 48
229 289 16
406 576 56
293 436 3
367 130 29
495 546 37
31 594 19
68 390 57
105 218 28
71 96 49
192 604 13
73 547 27
375 496 32
71 611 32
30 32 21
308 405 39
155 430 38
6 441 25
119 244 3
46 387 6
481 205 12
326 581 28
136 156 67
312 1 2
498 318 12
390 62 29
518 225 19
501 120 28
531 391 67
321 60 40
380 34 11
623 161 44
196 278 12
549 185 62
564 488 42
322 50 51
296 611 38
261 339 18
143 139 65
436 480 6
397 229 41
45 54 57
622 316 62
296 259 45
516 30 31
106 347 50
406 164 64
350 271 2
119 546 42
435 416 13
324 341 51
418 232 66
108 350 2
318 23 3
565 544 68
193 590 11
539 515 31
516 422 16
353 535 32
523 46 66
133 310 45
118 341 24
116 617 15
136 221 21
185 369 9
559 130 12
321 93 6
293 573 54
584 396 32
117 327 31
288 246 11
15 328 47
208 219 39
32 327 37
461 196 51
60 569 18
102 331 7
219 30 26
614 321 44
54 125 60
274 47 52
331 266 16
10 192 40
84 142 6
104 620 42
338 107 49
321 373 64
441 316 60
574 544 19
53 401 27
21 546 50
528 288 37
209 516 42
93 321 37
595 588 19
233 582 32
529 495 49
467 218 17
223 57 28
463 627 38
517 46 20
16 290 35
510 565 6
341 524 20
150 309 62
523 599 4
279 35 51
178 93 50
203 521 34
163 289 64
375 521 68
409 271 60
562 472 38
615 414 34
596 293 32
474 302 10
578 538 61
228 148 55
179 290 27
18 196 43
459 159 1
315 145 45
88 134 44
412 236 58
25 473 27
474 108 21
336 521 31
269 8 15
569 583 51
550 502 12
97 543 55
158 183 22
400 404 1
429 163 39
9 571 23
300 258 45
142 603 23
5 267 53
113 565 48
181 503 51
20 524 21
139 552 5
300 263 29
139 32 20
582 66 6
301 195 36
353 216 26
590 423 49
128 579 44
282 190 34
549 298 2
182 538 44
381 348 55
48 406 19
432 498 67
195 445 42
75 87 68
528 482 68
502 426 20
357 31 1
29 399 28
215 44 27
455 244 45
162 345 57
175 223 37
465 600 40
275 454 2
282 557 45
242 247 2
306 222 57
114 536 39
175 346 10
205 448 46
367 522 8
531 290 10
208 442 30
528 445 55
477 491 16
330 595 41
297 2 28
232 231 47
581 195 42
261 380 51
264 391 29
552 203 8
591 587 6
305 513 3
587 23 13
304 263 57
297 83 15
504 121 25
89 100 10
266 357 16
391 60 13
74 72 47
320 405 11
131 476 30
515 92 25
422 32 10
558 21 11
243 318 62
466 343 24
197 248 60
111 406 68
613 135 56
529 420 25
625 180 12
194 11 15
513 380 59
66 170 38
341 493 55
248 382 16
88 64 29
280 374 42
553 539 57
311 584 23
397 111 18
225 455 42
391 348 26
346 566 61
214 158 51
481 2 63
499 17 55
308 142 3
292 255 23
329 488 48
555 326 61
408 486 2
228 371 20
342 455 6
309 111 11
412 528 7
235 374 56
426 274 41
544 494 17
493 145 61
612 62 31
153 18 31
224 601 55
414 444 66
42 98 68
346 191 26
171 406 30
523 168 66
430 450 39
596 531 24
513 511 3
520 311 57
92 501 12
66 552 40
524 412 21
150 294 30
492 404 4
345 503 20
562 338 68
437 545 57
359 101 32
341 450 20
251 285 33
547 386 13
98 311 63
331 102 58
530 211 64
486 380 38
273 6 62
74 79 56
109 190 52
388 185 22
590 265 64
215 21 23
296 16 52
201 285 14
388 434 55
472 324 25
355 565 45
425 152 45
59 413 1
595 323 27
221 574 68
138 284 56
273 459 29
12 532 51
342 287 16
624 110 17
123 331 37
228 310 42
615 394 36
75 578 26
307 463 31
441 128 30
375 581 49
229 348 59
108 262 53
221 270 13
504 516 2
276 87 6
17 539 45
616 173 26
467 234 27
146 214 37
386 623 51
277 517 64
609 561 54
368 585 47
100 277 31
90 550 4
497 51 34
505 382 11
105 104 19
486 577 49
227 330 24
371 180 15
97 2 62
558 201 63
595 69 59
620 192 62
541 557 64
296 291 46
542 296 63
235 53 1
418 27 57
614 424 8
542 7 17
156 40 50
355 598 52
141 181 12
286 305 25
542 328 3
567 91 29
386 607 22
372 562 27
600 571 38
569 132 34
579 341 50
601 584 28
73 497 39
608 341 45
306 552 14
268 565 32
233 471 28
318 333 49
419 462 21
5 231 33
582 520 4
205 312 23
531 548 63
425 339 38
277 80 42
16 203 48
444 572 3
553 66 49
86 168 2
617 604 35
150 448 46
236 325 45
215 428 60
486 527 16
597 125 41
231 77 54
502 582 63
486 12 58
580 64 28
420 380 9
69 230 17
465 3 61
392 578 54
529 324 12
423 46 2
248 133 23
168 292 25
181 384 18
473 82 29
166 302 35
115 537 24
125 196 61
151 547 53
373 526 13
449 308 51
216 598 3
133 289 27
429 606 18
190 59 49
44 169 16
480 515 63
519 27 19
573 303 12
354 174 64
542 456 56
166 84 65
149 275 12
451 233 47
585 397 6
165 442 15
577 597 46
254 233 53
19 187 17
242 517 32
253 254 1
587 113 2
62 166 6
329 36 6
287 45 16
428 366 62
471 21 49
456 406 43
154 229 20
155 326 3
435 64 1
413 419 12
5 85 32
72 463 46
434 203 27
353 440 19
63 520 61
34 582 68
387 372 7
288 453 43
141 166 47
249 82 61
293 52 66
46 64 49
188 401 2
271 541 61
433 355 57
551 443 52
79 416 53
178 537 8
601 482 5
356 298 19
322 16 29
524 169 58
37 348 33
384 373 15
432 32 42
193 121 64
128 536 40
1 507 35
131 236 64
190 592 54
33 473 31
610 510 46
553 308 19
194 551 54
129 196 37
164 512 58
499 99 42
294 425 25
245 310 1
574 555 65
338 249 15
131 80 62
373 213 49
558 161 26
517 324 50
402 247 40
110 495 33
626 385 43
576 458 41
414 365 67
15 435 34
360 213 33
394 222 3
582 491 31
463 297 62
243 17 37
609 304 62
72 140 7
425 51 18
40 73 22
104 80 33
445 424 8
469 345 9
526 115 49
541 299 46
565 197 55
528 613 54
451 161 49
60 513 46
102 153 16
323 159 57
351 561 22
69 221 43
304 34 19
526 50 4
533 296 19
179 76 65
286 121 66
529 173 4
44 616 42
131 57 36
338 40 64
537 419 55
296 556 57
145 194 6
552 188 65
242 603 34
361 156 66
313 221 23
503 627 44
367 273 21
255 251 15
496 173 54
24 411 7
70 319 41
529 622 33
289 274 41
294 192 4
9 472 7
158 279 19
312 594 54
436 470 29
323 628 23
315 613 15
328 420 56
350 610 50
543 590 15
66 435 35
105 601 10
405 579 28
595 272 46
537 498 7
253 141 30
195 590 59
298 412 33
152 600 26
153 596 55
531 371 21
73 356 19
173 306 2
599 248 50
388 600 11
11 229 20
612 314 24
472 521 29
609 111 20
152 531 5
110 294 54
412 258 4
151 252 45
86 250 65
121 535 56
402 596 3
55 128 4
334 192 4
487 61 30
349 372 23
425 170 13
93 160 32
299 412 44
309 73 1
117 252 9
248 28 37
461 136 17
340 602 62
418 305 60
600 181 20
251 286 2
191 224 10
487 307 32
555 325 58
582 472 7
266 182 6
132 458 34
107 231 6
315 210 57
521 116 18
182 45 55
228 389 33
505 10 34
537 246 45
357 269 62
527 291 18
24 197 60
130 338 39
145 513 65
536 39 9
6 464 58
69 44 34
104 404 67
384 297 51
628 206 31
96 62 49
429 537 18
27 596 65
114 149 45
327 173 28
72 29 64
193 4 33
289 209 9
121 384 35
157 404 1
531 517 57
313 530 45
427 13 62
237 273 19
437 315 8
314 260 51
153 212 64
115 392 65
504 601 14
251 201 48
530 69 18
603 488 11
360 356 56
456 484 64
621 432 56
45 254 11
544 513 8
559 115 38
128 573 64
118 437 44
121 148 2
427 503 25
254 441 48
259 453 42
557 581 38
6 321 57
36 488 64
59 589 28
573 71 59
141 118 65
167 1 40
202 213 19
179 530 48
325 289 66
258 518 29
194 515 20
345 150 54
186 533 26
44 556 44
200 627 41
64 144 58
613 605 27
586 538 42
348 365 4
586 519 42
229 567 47
73 524 33
257 81 20
417 50 45
125 467 37
107 471 41
279 593 55
614 406 23
222 615 37
445 172 21
12 323 30
622 67 38
173 198 64
185 617 61
178 501 9
237 549 52
455 525 49
173 562 10
114 538 67
227 101 36
102 230 57
322 111 39
569 2 65
132 617 30
381 220 58
376 436 54
55 141 56
484 194 7
245 320 37
400 357 48
357 536 65
431 341 65
331 589 27
567 627 45
552 75 12
241 337 45
584 71 37
429 609 49
566 36 2
604 380 23
207 252 31
175 373 28
555 615 50
240 342 61
450 621 56
540 219 33
511 412 6
429 456 42
158 146 43
107 383 68
91 295 11
535 437 59
295 573 30
330 40 59
488 166 17
185 113 31
215 423 51
382 213 46
412 478 31
479 263 50
242 569 63
170 561 14
543 54 46
227 254 40
382 303 26
553 161 11
217 385 7
454 320 39
622 22 36
25 448 10
432 114 62
523 310 64
562 442 18
627 336 32
266 478 52
456 196 32
385 76 36
234 321 36
522 418 62
500 230 47
531 533 43
324 416 1
247 14 34
506 340 1
19 543 21
175 120 34
560 103 12
189 144 31
527 601 18
582 63 38
287 300 13
603 471 13
478 413 17
548 427 3
608 249 13
240 155 47
174 420 18
505 418 4
383 275 49
165 347 23
198 399 31
150 463 22
156 274 49
240 80 55
268 214 50
346 375 42
68 249 59
430 434 62
508 186 23
398 522 48
265 526 16
234 358 44
568 413 25
309 230 54
308 27 68
522 146 59
348 293 66
587 22 1
214 467 39
218 286 39
485 357 57
567 18 37
320 396 20
40 278 4
424 19 44
420 338 16
39 427 13
144 205 44
353 272 62
51 324 59
453 513 11
4 192 65
30 404 40
447 358 40
525 174 59
452 475 45
525 167 39
251 114 60
360 560 54
20 45 14
416 276 43
269 213 66
167 455 35
436 194 24
263 525 5
326 418 28
407 247 55
78 375 15
353 134 1
262 28 59
610 554 60
240 606 36
41 513 22
539 184 39
487 107 5
91 473 42
430 480 39
571 433 39
489 294 28
585 146 17
124 268 27
378 199 22
392 459 24
556 616 47
518 583 60
14 398 65
259 390 65
309 111 62
4 101 2
375 236 8
365 603 53
14 87 16
289 79 23
410 230 21
201 588 60
223 424 27
625 563 50
330 341 46
113 261 39
400 140 60
261 269 22
611 96 40
505 416 65
202 36 67
540 549 55
39 310 11
426 534 66
256 99 24
404 146 8
124 260 17
553 465 22
126 402 26
270 124 55
407 426 39
282 104 53
245 394 43
51 11 36
357 131 56
18 257 18
392 35 6
225 8 41
436 543 59
577 597 11
31 263 17
173 424 10
233 316 25
105 318 21
70 328 53
520 317 60
523 474 20
561 386 40
552 325 37
208 462 64
299 489 59
141 430 53
436 112 5
234 498 20
80 42 52
42 79 53
450 459 3
46 94 47
443 161 1
340 405 63
527 385 14
501 227 28
596 503 60
557 373 40
115 542 7
439 478 62
592 79 65
520 313 3
562 326 68
543 199 7
131 560 57
586 35 64
372 68 43
201 399 20
5 559 57
327 227 52
173 92 20
69 301 28
115 314 3
121 610 36
226 145 52
548 437 31
190 343 17
302 356 4
360 95 62
352 528 7
596 377 62
621 497 13
379 447 2
481 594 11
503 500 47
557 67 60
16 501 21
553 582 16
304 295 68
201 547 56
188 406 56
496 361 57
382 442 45
605 156 49
386 17 56
609 468 7
368 347 16
236 47 11
470 106 51
578 225 25
507 50 2
103 256 4
602 418 63
526 101 25
252 463 29
202 284 45
194 503 18
87 494 58
425 267 13
394 311 54
216 450 35
112 80 14
151 171 58
185 325 47
568 373 36
180 113 68
255 535 59
369 351 12
70 68 4
563 176 21
158 450 18
197 592 28
524 370 66
593 503 9
407 323 21
186 612 36
584 302 40
525 412 54
487 5 8
194 364 48
613 281 29
611 270 19
51 180 5
454 168 55
353 309 32
528 143 34
34 211 50
586 450 18
470 135 12
463 291 54
236 20 14
578 71 39
306 305 16
114 323 64
254 544 27
252 495 57
77 575 20
319 149 26
178 81 59
358 238 13
497 245 20
580 377 66
147 210 60
397 338 31
620 451 55
330 174 56
426 52 47
199 126 42
396 452 56
298 301 47
226 615 27
216 331 44
442 614 42
347 581 17
127 68 49
101 442 27
602 573 28
616 175 58
615 51 50
50 422 13
293 543 15
579 70 44
191 485 31
153 37 52
167 568 15
274 421 59
242 486 33
564 260 41
508 472 37
79 434 67
394 323 34
26 220 42
4 584 44
361 626 41
420 459 16
92 336 7
275 320 31
514 360 35
432 560 7
69 463 5
213 222 43
231 361 3
153 228 19
132 578 65
156 391 35
530 347 54
456 161 36
154 39 56
185 516 23
318 573 46
145 45 9
73 613 26
96 112 52
472 279 22
448 60 8
130 61 43
69 571 25
405 147 68
412 262 20
212 395 46
152 567 22
388 438 50
187 443 18
51 225 63
241 224 63
331 173 18
434 594 53
113 609 5
130 117 40
485 536 26
591 28 39
217 422 48
471 415 4
622 594 17
257 527 30
369 374 53
67 351 60
327 44 63
181 169 32
10 306 16
131 254 56
296 295 61
270 181 52
511 526 25
427 519 1
109 111 6
125 10 10
391 498 68
271 569 53
175 261 26
240 570 4
105 472 58
216 197 45
622 607 25
514 209 47
81 610 2
624 160 43
331 399 43
553 153 32
54 202 12
248 598 23
303 94 66
148 326 45
311 51 36
235 388 5
502 4 63
462 204 65
102 377 10
1 347 61
384 58 31
495 165 65
281 600 29
199 40 48
437 226 7
17 240 21
516 315 15
95 199 3
112 71 12
266 563 22
211 61 40
384 195 46
11 136 65
482 118 46
406 464 45
520 604 9
188 181 49
55 482 50
582 571 42
467 129 29
234 49 60
253 385 62
176 524 54
551 392 19
557 139 55
501 351 8
255 245 45
422 251 8
455 28 17
414 622 4
626 212 58
381 168 36
439 536 21
331 527 41
534 326 55
403 475 50
366 258 38
99 237 17
371 525 6
410 208 60
15 540 51
120 628 23
40 119 37
469 236 66
289 173 33
108 242 45
535 398 63
508 599 57
106 424 12
426 359 58
138 482 18
119 401 3
494 532 22
118 499 45
508 154 61
406 165 50
362 369 47
176 61 19
134 285 13
529 40 46
382 270 15
222 49 24
45 548 28
604 418 57
171 11 3
149 96 20
511 608 62
13 39 59
445 568 44
107 499 2
199 144 8
415 385 26
26 206 24
205 609 27
82 274 7
236 603 45
597 615 56
266 288 58
444 152 53
588 240 11
356 573 65
342 64 4
571 237 42
202 510 22
510 115 2
145 125 64
270 250 45
274 429 24
105 473 44
89 1 35
547 520 3
290 442 59
428 171 23
155 562 51
60 421 22
105 299 35
533 323 16
377 135 16
613 98 10
602 42 12
574 128 45
543 605 64
109 225 53
327 145 47
184 348 6
4 280 19
39 151 53
278 76 67
513 163 66
50 151 68
98 421 20
347 340 8
376 271 47
241 299 47
7 572 19
359 118 45
244 271 62
154 434 8
294 482 9
252 542 58
427 230 2
78 10 8
581 333 57
530 22 40
560 300 16
349 328 35
249 240 54
520 327 49
455 133 61
245 485 26
136 591 26
301 365 36
533 16 11
23 271 17
20 26 15
422 163 3
103 203 46
324 175 53
283 268 60
293 288 17
457 92 29
167 139 66
352 477 49
123 507 15
201 555 59
540 322 31
451 204 23
572 356 63
449 148 23
6 204 6
154 587 47
201 324 56
12 516 56
36 573 11
594 613 17
369 623 66
237 115 18
123 45 45
273 269 49
224 368 55
237 626 52
88 170 68
454 491 54
163 486 24
404 378 8
46 570 21
592 216 2
98 422 50
566 139 11
550 482 29
604 347 15
575 59 28
574 504 6
254 59 34
375 456 68
545 555 4
116 31 50
63 319 32
110 55 52
242 389 51
368 571 15
563 293 30
483 604 54
461 425 53
558 612 32
131 535 22
47 12 11
57 529 55
263 253 62
207 569 3
89 120 24
147 286 61
249 172 49
405 405 45
330 190 39
494 105 47
298 497 34
560 533 23
597 56 12
156 202 42
224 105 6
573 600 33
52 361 35
200 356 9
307 110 12
524 359 22
102 291 45
21 379 51
514 294 24
313 209 42
420 216 68
254 546 11
174 502 31
89 226 36
453 119 25
532 332 41
394 418 29
535 582 38
610 495 18
185 522 46
503 505 20
492 277 66
11 438 1
140 418 10
54 37 54
546 206 34
116 558 68
385 320 23
453 482 17
409 135 68
296 539 42
223 467 20
344 334 51
362 391 56
148 104 50
404 279 47
108 253 38
591 395 20
63 183 37
335 114 47
120 492 60
253 513 7
69 313 55
465 603 5
478 49 66
448 535 53
228 282 54
573 333 8
406 75 47
481 224 25
124 512 22
603 465 39
543 379 36
353 230 38
470 127 63
554 186 59
384 441 60
603 101 66
74 543 47
447 560 16
189 59 58
258 517 24
116 516 16
470 52 61
106 345 27
552 530 5
142 95 19
52 191 24
505 160 65
1 185 57
55 200 58
525 588 4
161 307 51
2 471 14
229 434 30
331 282 54
515 457 43
78 43 14
526 366 61
316 345 14
551 572 64
184 150 68
472 153 26
619 168 23
525 428 1
142 503 33
558 139 18
464 538 65
162 45 65
121 3 34
275 191 20
320 470 6
403 483 23
270 462 25
484 604 11
124 187 68
1 184 33
149 221 15
45 474 12
59 345 18
53 401 22
63 311 58
449 160 11
372 618 32
198 460 45
322 449 39
579 173 53
462 148 60
369 449 54
385 315 1
505 307 26
47 451 12
405 287 37
60 204 16
529 307 28
155 458 6
580 75 28
253 560 44
584 44 33
405 25 29
92 460 64
418 606 36
3 129 64
465 220 36
184 111 14
336 341 61
564 397 35
152 30 38
303 294 1
613 298 45
420 591 40
487 441 66
408 182 35
473 206 29
39 192 47
617 273 5
597 202 5
389 319 52
339 119 63
267 212 55
505 518 3
114 323 10
478 102 9
315 239 29
577 178 16
148 589 14
213 93 48
620 215 6
138 81 67
127 290 17
191 102 33
430 131 43
609 392 40
299 78 27
513 592 16
129 323 40
188 123 10
41 579 63
356 464 61
333 453 41
592 520 52
162 282 39
141 482 34
39 355 31
98 49 19
589 581 30
119 466 44
387 513 51
319 204 34
21 407 7
398 419 13
234 318 60
139 620 64
205 493 32
568 533 28
383 82 30
233 373 10
433 421 25
367 207 29
439 69 13
147 420 31
180 316 44
116 21 8
326 194 43
36 355 11
387 557 1
252 605 1
529 334 37
314 26 44
226 401 40
418 602 16
411 29 57
87 461 27
25 529 22
84 384 40
393 387 26
475 433 33
555 623 6
66 494 37
198 521 24
365 505 37
562 208 59
165 546 45
217 387 7
310 523 23
252 515 65
429 159 31
250 446 27
590 113 56
296 585 16
523 2 22
513 388 57
339 335 42
176 252 53
250 89 25
240 20 47
21 591 30
109 469 52
203 226 66
477 143 38
534 216 15
378 165 32
12 609 24
525 159 61
583 612 28
461 110 12
274 43 43
558 486 26
55 250 65
5 220 35
326 390 45
200 540 47
121 542 32
56 337 67
46 230 26
447 618 31
43 117 44
379 451 58
509 461 59
603 316 55
8 377 31
174 392 47
7 186 59
342 119 10
418 555 9
35 109 59
340 499 25
118 529 30
214 498 49
12 190 68
87 6 61
280 594 27
13 554 9
363 392 23
158 374 23
374 270 50
412 282 59
428 210 19
551 482 33
604 568 42
10 356 67
597 519 25
586 362 35
244 431 15
451 377 4
119 124 61
124 619 12
29 283 62
40 460 43
361 22 55
153 436 54
384 317 37
55 501 54
258 573 5
449 304 33
410 336 41
424 28 68
381 320 50
611 572 8
381 537 23
624 200 56
578 89 50
137 271 13
335 208 44
279 249 36
309 201 53
351 159 13
264 289 17
434 273 17
64 267 58
622 104 55
548 67 8
437 55 61
345 474 44
93 134 29
486 461 66
211 421 14
299 394 32
607 332 55
506 603 6
358 196 60
442 15 56
276 205 64
34 8 36
464 101 28
562 40 39
607 55 15
171 127 20
316 320 40
35 318 15
341 343 22
421 564 36
122 361 48
406 208 30
403 123 56
86 101 52
134 440 64
314 46 67
250 167 22
506 393 22
556 179 38
182 240 35
88 358 16
599 222 44
421 277 17
184 34 21
223 401 54
501 182 25
610 468 26
298 71 56
442 274 10
126 450 63
71 204 18
409 298 40
175 509 66
624 236 47
338 331 29
380 250 9
544 258 57
75 525 51
196 366 3
240 398 4
539 362 21
598 197 23
112 72 24
161 186 40
408 372 55
527 442 10
158 330 38
56 210 37
302 131 65
531 220 21
587 249 9
383 149 6
35 243 41
528 197 61
551 20 63
547 354 17
477 138 61
414 281 62
530 563 40
556 173 13
503 396 59
555 10 8
553 384 45
255 520 37
149 202 68
128 391 38
275 133 15
269 564 6
340 170 48
495 612 44
224 325 41
186 249 22
136 36 12
532 444 36
457 85 11
626 58 10
542 138 8
75 579 55
205 408 56
123 163 68
193 428 11
477 148 66
592 336 12
610 527 24
417 7 12
575 185 53
78 32 51
329 582 40
153 577 49
169 624 18
506 222 62
49 382 4
206 584 59
330 160 65
405 501 29
186 57 39
585 496 44
602 2 58
492 340 19
562 61 46
184 57 7
425 126 56
589 97 36
273 339 68
422 281 40
589 535 58
326 218 22
148 65 32
593 595 20
2 439 68
215 118 55
580 569 2
219 276 8
378 432 54
15 371 62
77 437 68
570 453 54
136 41 46
461 517 52
552 180 60
587 529 65
601 383 68
238 112 64
182 351 56
479 449 65
562 170 61
572 7 33
548 619 25
565 332 34
433 275 57
60 360 48
59 334 5
598 320 24
208 307 53
481 263 45
467 138 34
195 559 1
295 53 3
100 343 18
408 24 8
609 350 25
187 188 18
552 486 1
491 28 59
302 19 5
429 534 54
344 626 9
386 100 21
551 200 28
4 102 31
454 579 20
233 84 53
299 175 40
380 410 25
536 619 10
563 210 43
627 170 59
177 219 56
576 313 61
99 282 20
566 60 46
170 442 57
267 154 42
515 430 52
479 215 61
623 449 33
208 339 8
69 87 1
139 299 3
312 143 55
374 170 52
271 610 50
237 586 33
53 556 62
77 428 63
216 602 44
547 337 57
19 421 20
440 199 53
60 533 55
612 344 11
253 593 22
269 412 28
554 391 58
477 445 31
344 570 31
288 422 22
45 113 22
584 543 49
129 60 4
193 319 5
18 30 41
311 177 9
543 301 4
566 517 56
190 291 25
22 361 31
444 144 67
201 516 4
532 491 56
75 390 22
539 122 20
604 399 16
381 279 50
533 186 48
134 231 48
219 485 10
2 132 10
618 378 30
596 199 5
345 337 52
88 528 9
258 195 15
344 60 48
606 404 24
183 230 24
437 287 19
344 21 45
579 241 67
147 481 34
99 314 14
176 258 26
414 337 57
171 525 62
35 505 12
16 386 62
93 218 45
70 163 38
599 568 49
266 121 6
309 617 11
508 217 2
565 400 10
127 44 51
207 194 67
189 553 47
241 60 24
420 328 9
413 62 9
4 110 34
493 389 15
479 139 48
346 583 21
181 347 14
170 210 48
511 483 10
625 66 60
584 289 30
375 555 29
418 534 1
141 97 12
414 307 53
554 363 31
546 216 5
439 358 45
400 610 24
288 516 25
271 274 16
128 185 45
126 236 26
153 188 47
77 153 51
264 150 26
599 461 66
162 586 16
44 35 4
322 254 59
525 7 23
390 132 8
401 409 58
355 335 43
615 473 11
183 105 7
346 586 29
598 292 16
598 464 66
75 306 61
9 206 27
22 243 28
606 304 26
441 341 57
467 520 45
337 51 61
301 258 28
466 564 8
529 67 4
246 556 50
359 187 46
145 23 16
538 465 57
492 303 17
451 362 23
459 337 50
137 251 4
622 510 19
425 529 66
439 110 54
221 116 38
38 110 22
97 327 10
90 514 37
235 77 36
298 136 19
99 398 46
129 449 46
62 77 54
445 235 64
624 198 57
50 201 62
67 582 67
109 194 7
142 329 3
567 387 38
476 333 23
5 452 19
284 546 43
373 388 2
174 29 5
111 427 7
231 378 59
194 398 22
431 285 11
285 97 55
553 333 39
259 124 63
51 586 31
465 314 6
419 196 31
46 539 50
414 603 39
304 265 24
258 340 11
514 396 22
261 554 2
218 513 23
134 38 4
571 311 37
384 518 27
627 479 2
615 415 6
204 589 15
578 327 64
580 471 53
293 317 23
253 590 37
130 130 63
435 163 21
231 310 31
621 44 31
3 280 14
500 457 29
186 441 40
520 113 18
124 201 37
74 364 49
454 14 8
265 57 9
44 24 62
580 8 21
541 356 24
556 596 31
48 190 12
64 216 2
327 18 2
577 10 62
311 456 35
217 584 32
432 428 38
54 528 19
324 182 59
429 210 66
529 105 53
106 65 60
312 225 12
5 397 59
401 513 50
579 282 2
293 212 33
243 617 6
352 410 31
550 366 9
44 392 10
440 2 44
223 429 17
160 583 57
290 215 7
49 342 61
110 316 59
54 162 28
322 249 51
445 594 7
141 491 42
342 395 55
607 422 60
312 578 10
583 562 43
557 607 31
409 27 39
210 324 63
165 34 4
619 412 38
311 242 34
626 406 38
286 486 53
308 234 3
512 333 17
348 545 13
25 409 35
104 113 45
463 309 1
377 151 13
536 287 16
10 73 22
406 383 53
601 175 65
214 141 11
170 443 35
178 349 67
288 436 60
327 512 10
91 613 68
557 250 10
173 121 27
213 127 12
8 250 19
539 52 59
494 135 7
45 93 10
234 557 43
71 156 25
203 484 37
115 235 54
520 276 16
296 104 43
192 90 60
525 38 42
104 387 16
230 484 35
411 517 11
547 196 7
505 541 63
102 611 63
405 368 56
28 546 1
207 442 64
473 595 51
366 227 10
96 557 18
171 513 32
352 534 34
379 462 46
471 137 45
176 626 23
278 420 52
61 417 24
270 259 11
399 312 9
423 225 26
83 452 61
500 314 64
290 394 29
406 427 11
99 593 44
332 359 47
177 132 51
319 20 54
567 111 62
388 144 61
421 245 37
92 312 40
200 411 60
316 225 47
153 338 7
479 55 55
314 210 2
83 356 56
126 149 43
383 67 51
304 54 50
464 368 4
439 92 30
255 104 14
193 307 46
365 222 20
374 282 47
464 520 54
504 212 60
18 39 28
198 365 12
427 581 43
411 497 37
97 150 8
600 328 48
279 101 3
459 584 41
307 80 65
94 309 34
395 157 10
296 156 12
457 108 46
624 227 65
185 336 55
508 562 6
175 471 49
196 15 2
442 501 22
479 461 47
133 332 17
469 384 23
486 415 47
360 567 48
451 29 22
588 22 28
220 110 33
266 604 31
110 79 4
515 399 41
158 84 56
215 113 15
120 255 33
271 60 33
258 177 59
331 562 25
503 157 2
231 257 40
411 509 51
4 411 66
133 464 47
60 225 55
56 406 36
221 412 38
29 148 42
101 241 58
509 103 60
138 376 14
13 546 12
195 197 43
569 555 39
9 493 24
79 463 37
559 610 53
336 55 30
269 196 54
1 621 57
628 16 25
218 110 3
177 484 27
398 300 64
594 374 54
295 272 27
111 96 37
120 524 52
325 277 3
420 433 44
314 580 56
474 225 11
559 533 10
134 172 52
255 584 42
606 259 33
535 242 54
