722 9628 227 628
458299 15085 908836 513241 316193 989452 381396 653777 137966 715653 183340 5558 417063 54782 353347 85587 605250 987716 839445 855835 299581 432242 480702 549846 126285 655737 323862 687677 757891 143999 75792 796693 248037 708166 317710 564053 379944 711907 432024 653804 88405 38156 870941 297 856279 574341 137539 409549 680408 771697 975758 866009 636109 932798 132090 747594 511062 598230 885938 839571 552574 198413 556404 858872 826753 754837 383106 621245 998756 392999 599503 912403 247732 863894 803014 914438 923559 831928 993883 257246 435999 845888 601049 402481 983788 621812 974631 678411 86456 658099 610446 298152 497739 817539 156168 511561 635478 447189 172999 265788 175377 501281 630393 226674 624239 407402 738442 192261 169989 648314 250938 109 931489 888002 362058 797035 992742 381187 966274 519535 606898 971836 160782 212221 967866 148703 15407 88968 762261 696706 904894 277065 880359 695111 785515 304742 377811 759645 320607 117337 512419 595557 470512 406446 306501 931941 647750 344448 135672 949317 813467 284980 163771 347512 829691 6282 268911 518765 444430 306604 876179 84145 718475 207611 827934 727523 594245 861203 170068 839632 106886 982599 562010 702463 811316 690409 515128 346179 115671 230635 4305 948735 916425 992630 178469 49258 338607 267398 210754 522457 923336 386812 902733 734343 482040 316706 194909 392997 542719 197746 421905 740271 136702 928010 723316 221897 741933 598065 172438 200488 419143 33855 445798 394169 664598 509893 386670 730536 776983 846701 376062 252718 926874 984715 648918 253252 259476 117506 214592 218091 630981 854352 922296 368797 294505 228722 268392 362867 432640 37117 898009 940593 605476 448885 493324 537460 494795 682611 339238 880363 796319 541235 811310 351963 842642 187044 107822 16922 103786 214476 611185 213914 508571 909467 473441 732291 200695 101992 178535 716466 773120 377972 625028 987519 769649 901825 275879 709339 873984 51342 377990 949319 297136 343898 126464 17989 889422 95781 358506 893941 766056 762086 482515 627320 418225 599310 756347 377709 906491 167408 8977 775597 836828 41690 866457 698442 260931 272739 262104 522136 508004 527843 787757 108074 525751 205346 742859 889276 33132 330556 14268 188365 584122 787871 36996 92683 696327 361219 603651 521594 502534 432152 898749 328104 461059 381067 525006 540113 280549 886255 86094 501610 503736 289631 285663 579546 592018 125971 553582 121442 196869 574589 332428 89587 665637 730738 58270 955105 795642 413885 34219 88057 290055 956522 962407 909640 695668 490168 132034 925815 504052 302990 633978 456583 82839 241092 175716 914789 57914 547382 522072 629822 414320 116329 652194 772514 408610 703325 595044 247181 73468 76731 604899 534691 181265 720911 714320 391466 565077 144668 81943 431249 7294 936641 840337 668939 680960 449485 267282 405408 264700 932749 236637 29593 693333 51832 541205 227666 27301 666990 478903 849623 882462 175273 586000 677665 502844 560286 358399 192402 70442 337921 647820 407336 777783 108750 347300 724653 114822 479122 752212 35982 417257 199776 106550 560592 994630 851345 425250 682474 918495 608426 967122 464608 576696 488028 996244 751782 398889 959734 971495 58989 335735 783280 166789 871412 460349 701184 694922 180047 283080 825974 900832 111496 171501 489080 500868 834345 600050 626573 931831 654444 728573 656229 673042 400202 675872 547119 427663 234009 8818 748911 624077 237578 522592 630906 599658 733305 169344 59261 432794 870347 315802 275193 457333 402227 647968 554319 8578 858316 633586 654688 157254 763337 311816 998556 314459 765294 508461 232088 243197 984589 225536 224691 84409 735828 609702 408122 556480 446224 781087 173506 44308 940083 168341 518450 215294 442204 3336 666633 966126 565262 659092 239562 439667 628456 321460 783146 385048 511431 706997 535963 852638 288474 899347 932458 74723 105537 280908 339772 654183 186485 255350 139402 593463 788770 970298 146640 437896 941686 671609 431632 231907 656481 249894 580384 911101 871390 560931 232955 786800 180150 691243 75216 532738 910138 855469 36308 977064 791232 751602 928884 997467 537208 484548 902207 52505 848538 803450 959187 348176 505762 985755 64491 113162 115101 192174 553610 84317 320540 747053 888257 799169 556354 335614 188512 838706 728358 237254 237924 149236 37748 602853 447959 642998 242057 675183 893674 884078 939298 557856 470023 340259 496327 850925 579234 553408 465829 724562 361996 254461 549751 768110 574754 602073 376329 315908 642577 622960 11160 812266 718805 409126 667973 861687 510884 34360 112086 185859 501250 677463 805332 70857 216716 752782 569610 502394 50996 129678 359967 466264 835776 965593 589030 136519 478793 881801 485193 942234 54542 940153 423029 804772 493209 430444 500701 413210 614433 659188 878323 179553 125419 258010 919618 580647 192711 213836 100023 499479 895625 464179 26128 594346 281241 740474 185291 893847 106059 423717 922659 762372 962427 571906 117045 447405 905127 687822 383941 124043 373605 416815 712124
351 717 34
153 660 4
213 121 38
641 500 40
629 508 36
451 533 32
638 224 14
395 559 18
449 67 5
193 301 2
344 12 1
605 653 3
291 443 21
451 407 26
562 587 33
319 78 12
302 358 26
35 351 35
229 374 44
331 220 30
326 298 15
28 516 34
127 473 33
674 496 43
226 29 8
156 616 12
573 702 7
170 41 11
209 458 24
23 182 30
352 640 8
280 670 31
232 721 22
549 237 25
398 185 40
396 348 13
600 580 25
75 135 31
650 621 21
618 601 17
59 356 9
339 222 41
151 146 28
80 612 19
227 603 15
691 242 5
312 121 35
546 1 2
232 490 41
632 406 18
603 484 43
530 263 29
261 387 35
263 97 31
305 441 41
127 560 17
715 560 9
122 347 41
359 217 34
278 400 45
613 660 23
125 292 45
2 115 32
16 445 43
532 217 4
386 313 22
525 276 45
70 325 34
422 29 25
158 378 18
191 259 28
406 396 9
387 504 22
56 562 31
180 340 26
130 448 8
613 254 35
637 453 16
129 508 30
716 472 39
310 203 38
154 40 6
140 406 16
213 309 39
560 393 23
513 545 25
318 299 29
284 559 9
525 639 6
524 207 29
207 436 8
89 378 43
616 646 33
616 226 2
90 241 5
468 653 2
617 423 15
438 508 37
69 6 27
95 555 4
492 125 42
103 395 10
654 244 14
426 654 2
38 377 24
75 716 1
460 633 3
600 589 4
371 346 7
312 330 6
264 631 35
437 276 23
644 187 41
285 707 33
679 414 24
11 12 41
500 33 23
299 395 23
228 236 23
101 280 10
517 478 27
276 270 14
163 310 17
713 640 31
713 410 19
578 72 27
358 605 4
360 404 6
167 262 22
540 294 18
183 170 33
366 427 6
452 378 35
656 90 39
586 263 21
491 180 4
322 400 34
306 190 6
53 156 7
385 236 19
342 434 23
208 145 2
482 378 31
337 671 13
23 412 24
8 334 36
207 168 6
645 462 20
244 58 16
253 226 26
76 697 23
470 589 41
166 145 14
292 186 32
616 233 4
443 505 2
37 577 35
488 689 8
595 303 14
343 284 6
233 542 14
601 679 29
198 430 18
11 524 10
312 365 33
469 649 39
200 629 42
355 395 41
341 488 44
87 553 35
10 504 43
419 392 30
341 393 29
99 461 25
487 551 21
125 75 39
278 201 2
139 41 45
53 487 29
571 602 5
234 288 13
431 41 44
155 464 12
411 355 27
577 608 33
216 246 41
668 277 9
478 632 44
90 716 12
463 9 20
441 135 4
317 671 29
40 269 16
84 625 2
142 130 2
348 688 9
54 710 26
531 415 17
321 1 8
213 268 3
308 701 5
629 661 25
332 441 18
529 481 7
664 616 24
703 684 5
502 347 6
318 583 23
16 40 28
559 601 42
419 24 5
353 390 22
470 195 31
78 359 22
713 442 12
563 607 27
386 68 26
13 712 25
638 396 30
172 440 5
600 393 26
420 209 26
512 111 38
307 300 19
468 711 23
221 620 36
611 510 10
173 235 2
631 87 32
689 112 38
304 247 7
372 393 11
370 368 17
649 227 15
479 54 30
62 571 21
380 390 20
553 662 40
593 388 13
116 412 9
95 544 2
384 307 2
10 462 38
86 83 1
643 57 19
688 258 23
297 237 12
376 637 11
513 631 11
152 118 14
377 658 45
122 530 41
198 288 22
548 564 37
300 356 21
718 90 9
642 257 36
415 8 20
419 10 2
459 312 22
383 200 22
549 191 21
127 278 9
400 125 17
212 283 5
350 601 8
678 643 41
379 437 26
574 551 28
7 507 44
174 422 39
622 113 40
146 125 39
432 235 1
14 213 12
251 402 29
226 529 3
61 231 45
624 244 30
700 551 6
671 422 33
157 673 16
600 704 18
78 700 31
457 287 26
73 407 1
358 677 30
142 447 17
465 284 42
263 696 3
703 427 4
428 21 3
603 160 22
9 254 6
401 328 38
600 512 30
146 235 2
122 142 45
275 660 15
481 266 27
671 513 45
277 135 44
238 28 14
546 191 19
582 591 7
318 496 10
202 69 15
510 78 27
406 518 18
29 5 25
18 595 23
441 587 30
262 609 18
510 433 15
220 76 45
170 468 34
359 642 27
552 167 26
632 476 40
319 338 19
222 323 29
31 183 18
18 511 34
278 40 4
438 86 1
135 128 43
228 612 1
272 708 1
360 440 31
602 359 45
335 27 43
554 395 37
348 598 43
637 133 2
564 193 26
573 482 20
98 335 44
43 72 34
353 8 40
215 599 18
569 251 3
554 570 40
13 430 36
638 433 11
549 492 38
352 342 33
354 697 40
379 37 30
29 174 17
72 90 5
268 264 37
671 553 35
90 500 18
220 545 5
590 390 28
83 408 31
95 70 6
508 360 41
385 284 18
362 59 27
375 709 37
436 338 23
579 14 5
284 377 36
349 486 20
445 116 42
332 495 1
570 691 38
79 403 42
646 255 31
31 204 28
48 316 37
634 389 42
101 201 25
287 317 37
86 301 15
433 351 27
331 370 35
281 351 38
272 290 35
249 2 3
710 678 10
556 204 39
291 709 33
671 480 43
538 79 40
364 12 27
696 683 17
508 494 36
253 331 34
664 285 12
643 418 25
699 35 32
243 126 35
437 588 13
119 703 4
664 417 6
253 711 36
26 685 12
7 685 33
413 69 19
613 441 31
176 381 40
354 205 25
315 625 35
508 275 15
189 109 6
340 677 38
488 99 1
386 59 10
474 93 1
298 510 14
225 710 12
339 160 2
720 358 18
179 522 19
31 541 11
554 277 9
438 448 2
671 351 1
640 435 22
507 37 12
541 659 25
163 696 1
130 178 2
124 426 37
630 22 44
503 99 16
486 137 42
424 140 6
19 544 3
708 261 5
380 296 6
658 189 28
36 81 21
685 405 33
272 168 26
560 524 43
594 702 41
519 118 38
527 494 35
519 563 5
602 84 30
216 555 8
532 86 19
637 213 15
307 188 21
174 214 37
493 41 36
243 350 33
559 385 22
190 178 15
80 222 24
601 142 10
24 217 43
613 512 20
330 519 25
131 67 6
641 422 13
511 535 5
191 24 1
135 592 30
688 81 25
308 441 31
576 8 19
446 620 19
155 405 27
620 522 35
553 263 37
183 710 12
216 505 25
338 373 36
603 47 7
433 60 44
111 587 25
331 661 37
505 384 17
243 227 28
289 219 27
509 520 18
691 424 41
537 165 33
301 544 16
115 179 10
33 213 39
699 13 26
79 581 3
523 339 34
402 313 22
684 381 38
321 372 35
570 525 37
478 715 8
211 101 44
294 59 18
669 290 38
98 418 20
599 125 18
303 23 40
447 103 18
650 635 40
268 210 30
18 81 35
425 13 7
253 638 36
423 497 31
373 600 4
176 592 27
712 164 5
520 120 10
646 180 1
655 25 16
633 636 10
62 364 19
100 134 10
553 692 38
207 160 36
130 209 17
283 453 1
482 216 13
203 420 43
403 146 32
90 252 44
86 314 9
400 61 23
119 587 4
404 98 2
617 376 41
595 60 37
22 260 34
619 93 29
109 421 28
678 59 40
21 619 20
400 661 37
412 340 34
255 635 26
331 622 45
593 685 5
719 391 27
65 36 30
699 295 28
63 143 19
304 397 7
614 15 29
355 355 39
684 366 12
250 575 33
352 169 9
361 308 22
149 655 35
248 492 19
159 236 24
504 574 41
306 570 35
295 504 39
666 193 23
78 384 29
395 312 30
590 20 11
306 407 18
589 31 12
507 396 24
595 495 30
532 367 39
216 188 36
492 697 42
289 689 22
551 420 1
439 259 12
438 658 33
560 717 9
497 334 28
3 64 31
192 279 31
306 258 2
30 677 43
622 231 27
535 154 38
27 102 24
484 209 12
653 129 38
154 209 32
708 685 7
658 240 1
292 330 3
268 231 1
371 117 6
370 79 22
492 208 35
145 340 33
540 180 25
103 273 10
2 104 3
459 309 25
465 547 32
180 72 41
476 103 8
587 209 42
483 688 25
92 158 25
130 19 25
56 581 30
424 247 32
29 30 4
142 390 6
453 429 38
716 290 31
696 504 32
439 230 25
322 13 44
310 714 36
401 642 20
184 69 42
173 139 42
633 52 41
390 49 7
413 571 45
336 468 21
366 34 40
556 566 4
170 198 3
688 672 37
712 335 9
356 142 44
405 497 28
59 47 29
564 465 19
660 24 3
376 523 13
176 425 1
650 221 2
57 569 18
122 450 15
690 575 13
401 126 25
398 468 33
394 293 14
564 520 17
243 11 34
670 650 3
420 562 41
655 18 17
280 613 39
668 487 7
256 345 8
520 299 39
591 510 25
470 163 39
628 715 30
635 324 9
267 559 32
463 78 2
696 298 11
552 401 26
62 62 26
228 514 29
649 520 11
354 389 6
597 485 33
418 409 44
708 667 33
274 91 30
348 232 26
449 207 36
238 151 20
380 369 18
611 180 18
526 625 6
32 717 28
522 367 40
443 693 24
516 84 30
722 341 28
594 144 40
401 505 43
426 257 23
35 573 19
598 176 16
548 544 6
705 249 6
390 548 17
141 60 42
92 655 23
401 179 11
50 116 5
584 353 24
243 118 41
451 667 19
648 412 23
646 197 33
640 332 6
641 172 1
499 526 7
658 397 8
245 159 18
262 163 33
218 673 27
416 480 24
244 19 45
412 402 29
85 441 27
688 563 41
121 262 32
129 389 5
228 296 31
143 384 20
680 576 26
278 190 2
571 319 13
689 345 18
669 500 6
662 256 9
470 654 20
275 706 15
179 187 19
272 631 9
391 194 26
205 106 29
173 526 27
525 687 45
378 518 1
457 136 21
506 431 29
9 716 45
442 170 1
445 298 33
707 677 5
267 140 6
354 2 26
241 378 18
114 704 30
315 440 11
7 698 34
125 683 45
285 6 33
228 576 21
478 4 10
205 441 31
578 681 9
22 134 21
29 203 7
112 138 31
159 555 13
644 138 21
373 141 27
454 47 18
223 157 25
491 333 30
93 430 44
438 64 33
252 37 35
641 692 38
38 698 18
310 65 39
76 56 21
546 687 41
561 601 18
656 360 22
65 525 29
526 317 36
47 158 17
349 482 19
543 368 42
397 705 10
415 227 31
466 591 41
667 619 33
617 406 37
79 587 15
682 390 41
29 292 43
47 92 24
560 372 21
138 186 11
465 305 17
652 257 3
145 432 40
178 683 33
285 428 19
471 620 21
20 177 38
621 646 8
11 409 25
432 698 8
38 218 22
72 83 35
241 583 9
34 476 3
357 689 41
277 489 4
332 613 13
642 371 20
158 561 23
195 210 45
375 650 1
316 270 39
463 359 44
444 525 13
58 497 2
28 252 21
678 342 44
86 316 10
19 4 6
325 178 32
324 536 11
635 659 5
667 628 5
515 600 17
189 76 29
22 31 43
320 673 27
244 59 41
324 539 44
114 681 1
279 454 32
161 618 14
372 123 15
708 137 14
255 70 8
684 13 3
121 584 44
172 497 38
50 37 25
703 212 30
300 225 10
101 491 26
429 248 38
414 633 7
161 396 26
240 482 30
501 406 5
416 583 11
675 254 35
462 335 34
410 517 20
694 335 31
99 577 37
179 22 27
218 504 5
521 659 20
75 425 19
657 111 38
718 354 37
588 92 11
131 686 36
558 411 44
249 636 30
374 251 41
333 567 39
693 9 12
638 673 40
615 610 9
3 377 18
219 596 29
33 663 34
45 699 20
534 480 45
111 115 20
286 556 32
550 322 42
38 648 19
293 365 8
220 343 31
286 559 15
76 174 10
661 361 1
526 606 6
430 114 41
485 494 41
713 287 27
361 430 5
480 582 38
100 158 30
357 38 8
254 392 26
555 161 18
407 144 18
77 28 6
310 615 36
568 591 28
117 207 43
520 711 20
224 86 12
581 705 38
300 359 13
587 507 33
636 577 29
704 712 17
695 259 45
87 268 26
458 129 31
320 682 39
513 627 35
685 665 28
524 580 5
278 418 2
501 202 5
57 663 16
260 51 40
200 373 36
469 96 36
438 499 14
21 490 34
350 599 25
224 84 26
22 663 19
662 87 4
230 277 10
644 599 11
607 105 22
565 49 21
461 123 34
36 519 27
698 510 19
567 711 16
410 286 5
522 322 37
225 709 7
38 22 16
662 165 38
380 429 4
321 722 35
143 620 20
64 203 20
124 522 42
621 521 31
263 612 12
36 35 35
295 116 32
411 275 43
405 501 34
506 16 8
195 460 19
611 95 39
507 487 26
656 168 42
296 451 38
414 590 16
509 199 34
378 713 15
363 297 12
643 269 5
562 256 7
134 132 4
721 343 21
299 425 32
397 497 12
441 375 42
282 136 36
590 164 40
551 83 3
452 588 4
404 704 35
477 47 14
484 126 27
46 640 16
541 84 15
66 111 39
623 132 31
532 335 42
107 576 33
311 189 36
568 531 29
179 229 6
637 529 33
443 718 26
491 357 40
45 621 32
366 168 45
60 88 23
623 510 1
286 355 41
447 500 27
689 459 4
331 346 28
473 125 32
375 555 16
480 597 23
719 545 15
584 216 22
413 709 12
302 418 5
145 618 18
44 381 36
197 480 34
38 226 16
631 21 44
293 294 24
219 656 4
606 628 21
191 626 1
565 636 24
401 613 33
492 580 12
280 615 17
721 485 45
113 711 7
716 650 13
145 669 45
657 318 28
496 530 37
392 411 22
322 562 4
335 718 15
222 398 11
25 127 41
158 316 42
520 230 41
502 599 7
270 391 42
548 578 23
488 191 30
420 614 26
65 351 42
626 516 30
253 408 12
98 333 15
159 634 12
505 230 34
382 311 2
521 224 1
164 405 30
556 671 24
148 629 6
649 678 29
152 258 43
389 551 18
182 685 36
388 146 22
172 100 21
540 612 12
585 381 16
115 594 5
561 5 36
250 132 24
274 256 10
200 169 33
496 203 2
635 182 28
348 111 19
622 531 9
301 491 28
357 493 10
183 571 37
387 347 36
110 311 37
248 345 16
582 10 6
696 707 36
80 274 18
569 612 5
265 299 42
714 652 39
721 112 39
421 457 15
398 85 42
175 91 24
719 614 5
485 227 10
659 237 31
124 268 43
529 92 20
148 452 45
28 10 3
55 40 15
459 555 5
25 338 43
578 397 45
498 348 10
384 479 41
551 536 2
575 97 21
598 410 1
618 299 38
584 247 12
706 448 39
544 420 15
290 64 27
355 603 31
86 138 32
105 214 10
712 512 11
693 488 14
287 233 37
237 673 33
270 488 36
645 293 41
214 208 8
296 527 26
491 693 26
82 662 11
537 468 15
324 509 6
332 715 42
471 611 38
599 619 18
636 141 16
160 111 45
181 197 44
414 606 2
489 389 28
275 393 13
287 275 4
579 460 27
104 596 39
298 161 8
475 16 8
322 434 18
21 600 39
272 117 1
707 423 3
641 36 34
414 500 43
440 284 11
201 351 22
592 535 13
374 77 21
106 630 5
690 453 30
679 268 20
197 603 44
194 399 36
24 702 31
555 102 24
488 333 4
671 116 19
152 372 41
542 376 8
705 674 17
342 284 3
576 581 45
11 500 9
79 457 40
431 464 21
15 27 4
379 538 25
98 439 40
105 553 45
494 255 39
520 305 4
697 553 7
542 526 4
661 680 40
415 130 10
644 513 11
662 478 14
15 695 11
137 498 43
196 677 4
298 128 39
304 418 17
569 553 14
160 303 28
543 621 8
172 605 13
221 582 35
682 623 19
478 469 39
420 634 7
487 109 21
172 644 19
669 345 16
344 100 17
401 34 36
57 378 4
396 229 10
367 654 33
47 460 34
520 114 30
170 644 14
527 388 25
258 127 4
56 62 30
129 485 43
498 439 32
262 585 36
401 126 36
33 683 8
508 704 34
458 45 26
545 544 20
274 475 30
238 52 45
334 617 26
224 397 7
388 291 21
44 80 19
541 283 7
492 671 43
173 188 7
212 20 28
101 118 7
499 456 41
17 363 36
701 324 29
490 394 36
298 306 35
329 179 32
276 217 8
407 211 7
146 643 19
568 216 43
139 314 2
461 226 22
253 118 20
527 579 5
6 430 3
71 172 44
217 57 35
595 105 31
458 416 10
421 578 33
631 87 43
35 360 15
365 404 10
194 489 25
696 564 3
619 640 8
454 381 19
207 131 32
405 343 33
632 294 37
10 675 20
674 147 27
324 30 7
386 247 3
206 406 40
511 220 38
499 315 36
376 60 21
628 663 45
14 501 13
647 432 20
540 314 10
503 722 4
329 147 17
611 82 3
91 557 11
672 326 34
398 61 38
278 104 18
378 249 1
19 572 12
237 402 27
397 13 9
707 621 16
438 655 45
692 541 31
427 268 26
307 323 32
143 507 1
50 561 10
38 701 22
480 465 10
242 678 18
530 310 26
292 629 7
192 599 8
455 128 20
378 483 31
53 226 16
307 528 44
415 486 9
74 101 24
166 550 30
376 387 18
551 58 26
144 565 44
72 281 40
112 608 39
666 688 1
216 149 24
591 707 12
474 65 30
49 303 32
125 280 22
295 463 1
284 540 20
34 67 30
324 496 13
624 566 2
272 643 18
49 541 25
369 322 40
527 80 15
534 209 29
120 480 38
43 484 27
376 105 36
274 524 36
585 409 38
84 570 30
582 621 34
458 651 44
14 278 15
390 505 25
640 254 23
398 249 26
573 615 25
546 113 24
705 115 26
632 405 9
131 584 19
327 232 23
674 12 26
567 468 8
572 304 20
187 1 8
556 267 4
687 7 13
641 265 4
250 676 30
221 18 8
167 482 6
536 569 24
186 353 22
488 226 1
254 343 9
697 95 39
389 105 14
577 314 2
171 16 14
626 8 42
539 691 35
638 222 1
695 310 22
234 87 15
710 212 31
359 487 43
119 82 45
133 702 11
706 307 27
477 339 19
58 571 22
93 679 22
517 659 41
23 478 11
517 710 32
297 279 18
532 19 43
667 95 7
621 153 42
520 329 29
408 104 13
657 29 42
572 208 10
628 495 17
419 114 32
320 82 11
268 582 36
642 215 7
336 7 17
603 435 30
545 56 7
194 326 27
193 506 32
80 51 43
489 534 11
132 341 13
256 199 1
457 293 33
9 493 5
64 327 1
624 435 38
53 305 4
584 442 27
149 468 41
431 222 35
586 189 39
626 606 32
74 9 34
332 344 26
663 625 27
249 395 13
319 260 5
522 188 31
328 46 31
161 608 42
502 36 15
315 321 6
105 8 25
95 446 40
685 5 43
66 604 5
670 595 22
624 162 38
309 393 22
501 677 41
232 210 13
324 682 31
426 120 29
685 122 16
260 669 17
467 216 35
642 478 6
108 198 27
258 651 42
309 403 33
664 221 35
685 619 31
328 4 33
362 559 12
566 31 11
302 246 36
450 563 37
700 392 42
537 344 22
463 90 18
432 491 31
30 492 41
706 543 32
181 424 21
488 651 22
630 638 7
324 14 14
371 680 26
268 243 5
129 23 33
167 481 19
626 143 9
2 607 14
325 473 31
282 247 34
522 210 18
712 151 3
32 229 39
418 124 29
46 368 34
309 262 23
686 562 1
531 295 33
491 358 20
91 611 39
694 437 7
392 571 1
555 279 26
257 489 42
526 675 13
76 150 43
461 674 6
678 690 41
598 318 31
393 277 17
443 351 32
467 658 15
8 371 25
12 83 5
606 496 22
402 599 20
174 610 29
413 548 3
27 361 31
362 131 27
440 324 10
129 273 12
526 194 45
701 119 3
623 75 18
103 467 8
490 673 8
47 609 18
202 558 37
262 407 24
180 340 37
459 212 26
607 43 10
678 213 2
350 64 42
3 157 1
96 485 30
605 532 41
424 21 4
94 8 8
505 22 11
64 535 6
535 422 5
626 501 16
393 317 4
661 699 6
330 357 8
470 118 33
589 630 5
344 603 44
720 142 12
622 16 32
400 459 8
478 240 36
142 503 43
478 468 26
329 177 39
332 44 24
53 253 42
28 271 5
471 208 13
367 291 37
301 137 30
308 187 25
586 365 19
488 340 38
497 459 42
75 243 3
319 278 11
496 663 13
663 205 39
243 124 36
339 715 2
655 666 23
257 292 41
72 16 2
368 444 25
232 13 5
316 594 21
210 280 4
720 208 3
494 469 29
344 531 25
518 709 45
597 428 34
697 379 22
314 461 17
61 579 43
71 283 40
499 388 26
206 645 6
602 453 6
323 652 6
667 322 38
371 258 32
409 590 13
601 557 19
632 350 12
205 590 3
280 428 34
55 149 40
97 720 43
570 488 16
720 654 20
162 277 45
333 439 20
109 38 35
469 388 32
133 616 18
461 657 5
661 463 6
130 232 19
402 544 31
578 613 15
684 484 4
302 604 30
582 425 11
2 631 24
556 270 38
573 669 12
430 649 37
264 483 12
620 391 40
622 676 7
365 238 29
163 484 25
690 294 24
515 124 27
535 158 11
546 565 18
121 707 18
497 117 5
370 717 23
603 709 30
518 521 41
80 574 30
368 289 44
324 268 3
694 267 24
488 702 38
218 293 24
219 615 15
230 619 28
677 320 41
567 527 11
611 435 45
401 134 41
323 75 27
28 475 5
428 544 1
326 136 38
603 715 19
145 207 7
569 417 29
714 489 3
379 499 22
232 384 11
603 581 3
655 235 4
133 179 36
579 448 31
65 10 35
281 510 16
48 707 23
243 273 6
486 22 39
456 6 8
53 572 3
279 176 25
663 180 30
271 718 37
263 150 24
146 41 32
451 257 23
515 105 11
181 344 18
509 530 42
497 136 3
395 560 44
311 146 35
478 275 31
550 567 41
78 155 44
434 254 37
115 656 43
63 476 35
496 464 29
462 497 18
560 244 40
58 339 39
681 654 40
178 690 9
381 352 36
269 342 7
537 677 38
149 66 21
585 677 35
556 112 22
570 238 29
329 32 40
131 642 29
618 377 32
258 699 27
330 333 34
315 68 13
554 189 43
662 482 20
443 69 40
485 657 3
618 626 7
50 268 3
455 476 34
701 709 9
634 114 7
15 657 18
722 322 9
351 184 1
502 229 36
510 86 1
414 278 44
334 564 17
708 38 23
721 687 28
542 269 23
432 714 9
518 152 3
513 506 32
138 253 27
692 84 35
161 140 2
488 208 44
563 95 40
174 266 25
527 44 38
433 220 19
653 141 1
694 583 42
701 298 4
612 605 5
290 37 24
374 35 13
510 10 41
550 87 38
397 64 22
552 100 19
537 328 15
612 597 6
340 221 19
360 282 11
347 443 33
412 450 10
113 359 13
283 6 32
699 160 20
590 458 30
240 62 32
688 436 4
438 116 4
589 622 5
649 98 6
647 679 35
699 514 28
689 63 17
548 585 9
450 686 39
598 614 7
338 689 29
7 235 28
329 201 10
705 506 27
124 685 27
381 674 12
279 674 9
17 101 35
28 21 23
686 147 5
672 643 22
249 353 19
186 50 39
660 527 41
450 326 8
365 556 22
594 493 41
181 49 19
43 279 43
538 216 3
355 374 32
521 117 14
522 558 21
466 720 2
629 665 38
77 178 3
424 390 37
567 162 14
112 148 27
278 720 44
367 358 20
157 580 17
609 317 43
712 38 33
51 602 10
203 193 17
275 318 11
152 238 37
531 217 8
76 410 14
113 462 39
416 398 3
470 402 12
254 92 2
586 584 25
216 72 38
505 223 13
31 320 2
61 463 38
684 654 27
262 444 21
696 448 28
427 135 23
339 302 20
274 473 18
661 622 1
229 481 45
547 300 24
180 322 20
511 296 12
185 646 6
654 423 28
159 216 6
629 613 38
181 257 36
430 720 27
627 205 34
186 286 41
154 644 33
113 93 28
571 291 36
505 225 39
193 647 38
149 331 23
219 344 40
591 360 35
648 184 41
349 124 23
204 554 19
403 312 25
417 425 28
635 54 44
52 712 43
229 553 13
74 671 30
530 425 19
709 229 13
121 137 8
668 93 36
486 662 38
691 50 28
357 603 16
593 189 31
105 466 20
718 241 12
236 648 15
399 182 45
670 207 30
459 240 45
220 399 25
641 553 3
435 650 39
367 665 26
407 96 40
434 30 40
583 598 30
454 298 30
163 48 23
32 704 32
608 461 4
154 385 22
558 206 3
229 68 25
560 258 13
333 474 14
478 671 12
194 681 8
563 495 15
690 619 20
223 138 41
613 49 42
711 298 14
187 620 31
425 593 15
61 82 16
133 423 43
522 540 26
171 566 10
649 531 27
624 345 22
619 71 8
567 634 29
678 142 22
213 170 26
2 504 5
250 332 1
401 290 37
204 174 16
509 255 6
590 99 29
368 298 14
617 441 40
154 19 35
278 451 31
12 509 38
109 267 25
470 272 11
240 670 18
381 54 31
93 553 7
713 709 40
425 94 32
128 592 2
85 562 22
640 408 39
139 430 11
722 66 11
446 493 33
143 175 16
517 180 34
296 674 21
286 292 10
704 546 41
206 569 3
199 543 16
254 466 23
16 272 20
304 221 6
95 560 24
701 162 32
629 165 39
706 29 1
225 385 5
135 221 35
306 423 16
557 248 7
670 228 28
292 47 10
25 99 17
36 509 17
315 434 18
293 493 8
101 145 35
529 142 30
557 77 37
77 211 9
441 374 37
112 74 38
397 567 20
215 675 4
356 490 1
334 710 10
568 342 37
238 70 30
664 533 6
445 337 21
502 137 43
239 48 21
207 108 45
170 700 3
300 101 43
642 419 42
721 640 18
184 716 20
456 692 23
712 640 27
188 653 11
475 663 2
684 257 31
258 4 38
7 547 25
449 442 38
147 349 1
596 251 12
14 600 18
403 76 13
191 458 41
542 507 10
459 552 24
716 204 23
214 207 39
563 527 43
196 583 1
248 63 36
107 334 43
568 721 33
692 425 26
631 504 9
579 113 22
629 116 12
507 275 37
462 130 10
98 23 2
310 318 39
462 428 23
203 392 28
218 613 36
577 73 26
110 366 15
120 108 22
450 240 29
288 537 39
717 128 8
35 164 38
691 405 44
94 426 36
248 241 12
198 250 21
586 185 35
106 386 44
633 646 6
613 701 40
349 637 1
252 533 28
10 252 13
428 407 20
411 582 2
389 57 13
340 254 31
423 668 7
598 660 9
282 561 7
425 559 14
702 376 28
198 352 6
599 631 40
526 488 10
115 511 5
630 499 4
176 466 13
546 20 2
592 234 7
407 78 10
615 557 45
285 67 15
616 688 10
144 285 8
435 141 42
691 658 1
526 702 35
11 302 26
404 639 30
107 175 41
73 532 4
325 503 39
665 313 22
581 524 4
141 504 14
559 496 42
688 329 4
655 672 3
293 689 8
347 99 20
50 267 29
260 273 31
43 683 6
149 273 10
526 158 5
232 236 6
528 354 41
98 166 43
653 335 22
181 166 29
108 240 21
417 17 1
571 423 30
567 628 40
223 602 18
550 110 13
16 181 43
624 600 14
704 417 19
114 177 33
233 174 16
293 271 2
471 105 11
84 433 43
460 296 23
294 147 36
479 422 14
266 81 44
374 694 22
655 253 16
346 663 16
429 344 23
192 655 37
307 482 15
299 297 26
290 214 11
660 45 32
452 99 10
217 703 24
301 136 29
616 708 29
536 286 14
39 717 38
51 42 3
139 395 22
595 582 41
222 642 24
129 258 33
244 698 5
375 345 38
417 101 37
88 104 38
270 139 2
144 12 43
204 146 42
710 589 11
78 481 39
128 715 2
450 287 39
284 79 22
241 702 1
498 656 22
436 572 18
150 364 18
449 491 16
607 331 35
516 209 44
276 635 10
620 454 4
329 471 23
499 316 43
79 142 4
207 92 26
559 698 8
692 178 1
667 382 5
661 365 37
125 358 8
381 616 32
295 296 28
159 590 26
178 149 40
512 245 40
231 77 10
113 242 1
356 287 42
74 523 5
363 8 9
321 419 45
514 3 17
49 349 9
226 193 11
68 386 44
441 167 21
649 469 39
386 707 6
210 208 40
194 296 10
136 316 15
439 553 16
659 159 12
160 239 40
624 638 41
415 665 18
426 60 17
15 711 31
469 492 45
463 545 29
669 305 39
179 607 3
446 684 21
352 442 30
88 672 17
244 321 33
363 700 3
186 205 19
98 509 5
533 248 1
416 692 31
299 616 35
133 536 29
234 294 19
201 366 35
677 361 4
416 667 34
524 714 31
380 475 7
671 100 21
555 575 16
101 646 22
478 639 45
229 96 18
80 365 31
364 579 34
22 337 27
411 62 3
308 685 8
416 711 6
72 699 41
258 220 3
119 612 36
466 276 40
311 133 31
303 233 36
633 270 4
625 345 44
430 10 21
650 405 11
709 632 35
156 373 41
658 383 28
652 559 26
284 425 13
277 3 18
665 269 7
67 272 22
632 215 19
428 310 20
711 405 44
395 401 39
466 237 26
411 519 30
630 582 14
26 28 13
516 614 19
565 541 4
144 543 24
533 362 41
485 202 27
557 460 21
34 470 43
569 463 25
93 26 40
21 487 34
420 121 6
328 519 42
393 720 21
482 71 6
414 52 7
196 424 41
697 195 3
457 235 6
587 564 8
49 22 26
395 379 11
330 308 5
306 495 5
355 41 17
140 416 39
494 476 11
650 295 44
465 474 39
447 443 38
396 189 38
153 191 8
443 184 29
586 13 25
391 226 11
583 286 23
638 72 36
456 99 24
171 600 33
445 679 36
660 4 17
519 378 3
575 277 22
375 489 10
102 556 9
113 334 38
606 677 15
349 411 5
654 45 31
628 452 44
365 415 24
258 513 35
217 177 33
2 291 21
274 279 29
628 490 29
363 283 28
130 710 44
654 410 38
153 2 18
75 685 28
446 523 3
330 201 7
157 677 20
37 553 10
232 370 3
702 160 23
488 582 31
153 137 10
596 218 14
161 459 31
475 510 10
37 704 44
487 500 29
70 9 18
660 630 29
164 422 2
380 670 39
404 616 33
151 646 25
604 689 16
328 439 24
134 666 1
232 91 40
676 489 21
153 382 43
176 111 40
626 566 2
663 142 23
224 263 4
654 405 13
387 617 29
296 647 43
461 79 32
371 293 31
446 104 11
143 129 30
63 687 34
34 341 34
387 680 29
260 489 36
492 458 7
345 455 23
81 325 13
636 295 20
99 180 2
490 95 27
116 189 40
523 143 14
498 352 7
324 191 6
363 671 20
95 420 19
367 415 22
460 277 3
315 590 15
99 478 45
294 238 22
71 123 31
172 625 28
132 480 8
588 390 39
656 147 3
276 703 6
32 393 23
144 180 13
340 148 16
458 255 4
229 316 11
593 681 21
76 43 20
460 401 30
296 565 38
229 271 7
99 458 34
257 339 31
73 531 40
553 418 33
280 263 31
355 306 4
630 634 36
513 485 37
435 336 39
155 526 8
95 229 29
314 671 39
173 247 31
344 450 27
264 462 1
7 196 13
639 496 39
460 430 6
395 707 27
234 291 4
315 353 27
679 466 18
497 209 8
118 315 17
172 414 18
148 521 30
548 243 3
164 451 38
373 40 38
568 237 30
390 221 35
63 180 35
604 702 14
562 688 15
261 601 18
59 175 18
680 166 26
404 14 2
397 321 28
74 536 21
163 490 9
626 162 17
692 583 40
610 620 8
34 412 39
577 510 28
344 380 43
236 451 17
207 357 18
271 32 43
456 633 16
310 594 36
171 370 5
6 397 5
494 495 24
308 534 24
424 308 6
365 214 3
72 565 2
643 689 10
71 384 20
216 270 9
337 436 14
110 557 29
216 26 17
51 85 10
443 35 11
75 698 1
210 421 7
626 604 4
57 198 42
210 110 1
174 368 40
647 697 4
594 72 27
107 61 28
506 57 39
657 659 11
392 519 25
581 323 25
401 246 40
393 440 36
494 374 39
221 565 29
119 620 2
717 296 42
18 311 17
246 618 10
346 140 9
418 185 26
62 703 22
495 58 31
558 446 16
8 85 7
336 235 21
262 62 18
322 529 9
645 286 42
324 563 4
277 702 16
506 697 30
19 359 15
94 48 37
226 623 45
317 520 27
369 277 44
221 166 38
545 637 22
589 599 3
659 369 17
257 74 13
583 691 30
620 47 31
591 227 29
95 290 38
292 452 8
204 653 23
713 707 5
200 616 36
332 492 22
439 194 21
155 677 14
440 195 41
171 605 4
131 499 32
651 587 16
638 407 15
199 187 31
440 675 9
353 587 30
699 574 29
71 203 38
234 407 19
672 201 20
111 626 2
112 11 10
21 104 43
303 295 11
712 154 29
409 45 14
512 400 22
659 647 8
331 657 39
212 228 23
710 595 31
702 339 26
495 385 21
462 475 3
492 303 16
178 110 27
13 60 36
447 1 29
539 343 27
53 233 4
50 478 10
135 136 19
686 92 4
334 593 19
631 271 28
662 178 17
258 381 5
112 384 23
137 419 22
633 357 3
76 400 18
544 432 20
618 561 34
43 487 22
102 14 43
426 77 42
354 74 14
615 311 42
480 76 19
462 458 22
543 157 1
33 130 25
204 209 45
615 258 15
675 51 1
390 129 21
443 688 1
653 405 11
671 170 16
147 592 26
164 276 42
601 577 41
651 382 7
238 266 42
353 42 2
126 244 12
543 641 17
484 5 42
549 186 43
72 38 32
14 160 3
149 102 43
92 498 43
673 191 31
523 269 38
109 334 4
536 20 23
228 323 19
268 30 31
221 181 14
676 612 21
639 38 33
605 99 29
9 602 4
295 162 5
594 260 2
517 642 7
389 343 39
251 351 4
62 667 29
137 494 29
41 504 11
35 112 31
137 197 2
99 603 10
336 9 11
481 181 33
66 535 28
624 313 32
589 697 27
277 693 35
203 658 30
266 511 14
430 203 4
388 347 25
388 355 38
156 717 18
445 184 7
299 712 1
242 75 10
578 558 23
160 38 28
205 406 7
1 479 11
224 438 15
70 495 33
461 615 15
524 310 42
22 178 37
406 197 5
449 245 37
505 245 11
242 642 39
477 235 41
451 561 32
400 709 2
420 34 37
696 711 14
62 172 38
261 478 23
213 340 23
650 443 20
635 52 39
57 249 39
252 717 36
584 666 26
676 253 24
719 59 14
369 86 2
133 500 32
424 52 1
411 158 42
441 91 1
538 571 25
181 716 45
330 226 14
412 367 29
605 447 37
422 264 45
652 252 20
717 623 24
268 469 12
669 359 15
513 183 22
513 525 32
174 93 33
277 539 41
168 360 27
594 718 31
284 660 2
366 440 7
141 570 23
184 25 2
368 345 2
45 140 42
718 714 7
330 405 44
114 357 19
533 429 37
139 85 30
578 487 28
277 305 23
332 577 5
264 700 27
392 671 41
602 161 3
369 533 28
664 707 22
261 173 17
611 384 37
169 340 25
405 82 39
12 389 41
622 57 2
514 10 23
703 405 44
382 199 5
444 411 8
640 525 36
177 34 17
247 15 26
416 652 4
573 346 1
589 587 42
144 306 29
88 161 16
439 343 30
653 19 36
196 5 13
131 292 10
156 264 9
716 285 32
415 694 17
388 708 33
298 481 24
648 250 22
624 488 40
323 317 24
685 249 5
247 405 23
369 204 5
158 148 22
78 48 6
116 272 24
532 143 13
131 617 1
4 449 44
672 509 10
485 533 43
699 143 16
517 558 37
285 332 14
458 701 16
181 541 34
29 70 40
561 533 41
87 598 6
635 535 30
168 354 25
430 154 22
237 95 9
20 481 18
124 12 36
520 370 39
273 465 14
411 312 32
425 404 19
720 320 45
530 294 24
384 515 34
480 249 30
468 196 30
549 281 45
366 441 2
53 322 20
23 616 21
339 163 40
392 308 9
163 671 27
188 375 11
130 23 42
715 581 42
589 89 15
398 618 27
618 218 22
383 391 10
643 263 41
98 242 8
467 640 44
629 167 44
199 108 24
658 634 2
468 173 40
418 443 30
225 609 36
423 23 2
572 319 28
676 151 30
229 532 25
237 719 30
187 577 40
270 103 20
581 667 21
20 203 26
264 118 13
655 326 45
568 192 17
228 169 25
712 91 16
721 101 28
630 316 17
445 488 40
391 496 34
320 200 39
80 63 28
541 653 5
613 457 39
20 369 9
21 657 16
631 669 28
173 175 21
665 712 15
279 173 41
217 197 38
649 486 17
41 619 31
513 386 6
362 428 33
427 527 34
440 291 14
547 407 1
351 113 3
473 681 9
414 464 43
312 195 28
682 39 45
613 310 24
693 32 15
101 667 14
253 119 13
667 143 43
563 621 1
511 233 32
287 8 20
37 598 18
437 463 45
61 60 31
203 63 13
510 547 42
97 153 23
196 539 41
219 343 37
215 126 4
69 179 9
81 492 13
272 478 15
57 208 2
238 36 20
544 458 40
181 553 9
299 418 6
208 674 5
116 500 6
289 163 32
491 38 17
184 150 9
96 28 45
121 634 29
62 336 41
621 358 18
644 402 9
639 595 27
136 640 26
159 173 43
414 212 9
466 155 35
461 225 13
15 484 5
334 436 14
579 381 37
555 35 2
276 87 19
638 695 35
47 39 35
601 306 19
585 311 42
211 192 11
439 524 28
582 336 33
426 254 1
128 507 29
108 538 22
589 367 35
4 59 12
62 627 3
62 431 44
628 292 36
30 238 33
421 413 3
184 660 11
439 375 12
602 63 32
456 657 2
112 511 14
197 522 30
513 234 5
102 528 43
388 458 10
46 636 5
608 119 19
481 646 25
665 554 6
339 134 28
401 69 28
552 475 22
492 140 30
58 37 6
14 446 5
127 106 17
133 65 24
457 168 23
315 127 45
484 568 28
102 364 21
517 33 11
688 489 33
638 338 1
597 705 22
680 406 24
118 594 23
448 652 29
159 268 3
389 428 27
30 400 4
26 403 24
465 203 8
177 57 36
489 390 23
320 420 20
531 606 32
25 189 10
251 701 26
28 441 31
444 321 26
245 95 2
137 285 22
720 648 12
481 189 33
659 690 5
188 315 28
227 479 11
5 500 38
620 423 36
660 30 6
293 62 12
636 243 6
436 353 31
261 160 21
213 161 5
507 690 5
549 336 17
258 579 8
558 517 29
461 582 7
649 322 32
722 127 37
152 194 20
161 439 42
89 176 32
157 226 42
305 692 15
359 448 4
327 718 27
332 639 6
564 356 32
497 268 40
515 572 37
234 594 27
337 626 15
619 272 45
47 215 1
241 535 36
655 23 31
418 640 29
472 400 42
507 161 19
601 143 19
611 185 7
257 72 15
216 443 16
327 330 19
199 251 22
50 153 13
478 92 42
417 134 24
101 613 14
675 344 27
420 668 3
485 79 19
355 115 15
77 628 29
614 252 9
595 140 42
207 220 39
260 424 22
483 583 38
375 180 40
480 325 21
55 316 22
156 637 22
266 698 8
211 516 18
639 698 12
582 271 36
456 414 2
547 638 10
386 593 1
412 18 41
645 499 42
320 677 40
411 155 6
212 127 37
153 390 26
96 73 44
361 397 29
660 637 16
165 102 38
323 632 8
53 463 7
666 559 23
30 110 19
454 545 5
646 252 32
424 567 44
662 283 8
62 547 43
524 395 12
337 461 2
56 364 30
667 422 40
131 192 27
105 659 41
297 9 11
409 656 29
564 205 28
61 160 38
55 412 13
530 504 27
85 475 41
683 259 34
137 376 37
233 452 11
711 377 41
635 283 17
157 197 26
401 714 12
153 47 44
530 548 20
333 120 1
382 72 3
254 441 8
318 78 39
215 364 32
666 184 1
423 491 4
110 308 12
429 425 21
496 705 2
656 250 23
592 272 1
415 409 16
125 632 35
709 80 7
57 645 38
477 128 15
679 327 40
125 27 25
648 76 34
264 10 14
687 336 30
116 203 31
433 668 40
571 362 36
646 461 14
311 522 15
718 104 8
127 542 23
260 261 26
245 175 18
568 440 17
129 347 9
647 438 13
330 312 38
718 84 45
115 517 14
526 643 37
267 658 34
527 595 27
199 574 32
103 259 36
624 252 36
679 566 14
141 635 23
131 223 24
281 76 23
466 179 35
222 668 1
256 690 6
622 259 23
223 196 22
198 235 33
309 700 24
694 608 42
111 573 18
87 653 35
707 415 40
375 422 11
418 408 19
630 73 5
344 710 27
90 195 16
586 366 34
456 413 40
442 25 29
74 677 27
364 334 21
457 76 37
611 672 1
545 613 25
327 453 14
590 168 39
145 629 14
350 226 36
574 553 31
204 48 44
560 129 7
629 72 30
147 414 9
396 482 8
171 162 5
348 210 33
540 453 44
300 125 16
221 700 25
417 234 32
675 691 28
296 79 24
670 676 10
209 80 5
368 215 18
240 402 43
495 652 41
384 226 41
312 231 26
491 468 8
367 144 14
2 335 20
447 118 5
263 73 9
395 144 5
357 672 15
159 320 37
535 17 33
261 192 7
89 697 34
174 546 26
558 410 36
254 412 32
61 400 17
352 649 24
392 648 8
308 293 38
255 76 1
257 609 23
137 33 33
482 581 41
276 377 28
186 597 20
186 660 8
490 579 26
5 690 17
624 125 23
269 264 24
461 122 38
99 517 2
287 238 33
682 679 22
620 460 44
586 457 17
144 704 5
548 306 27
454 102 1
309 372 39
627 205 45
712 402 21
403 571 19
350 388 28
287 433 35
104 689 20
353 612 24
116 577 24
417 374 16
199 705 40
86 431 28
664 313 3
569 512 17
308 586 24
418 508 18
527 689 37
427 120 39
559 722 27
449 358 26
383 177 20
238 496 22
150 485 11
43 363 33
599 461 2
432 231 24
579 100 34
124 256 21
32 127 18
23 332 23
320 631 42
524 241 42
10 535 26
254 680 13
205 1 11
404 248 7
698 400 17
661 679 34
678 99 1
341 569 25
459 33 41
54 634 15
199 243 41
33 194 6
536 346 38
260 245 36
722 200 31
291 389 3
112 515 25
10 120 35
572 616 15
9 382 20
487 703 3
276 140 21
74 19 11
393 133 35
491 713 44
114 310 8
664 700 14
354 378 39
562 526 34
459 530 14
446 478 35
149 659 23
399 71 43
536 78 1
528 434 40
681 44 13
47 555 41
696 595 4
665 458 14
609 34 30
599 379 41
58 100 8
326 355 8
493 317 24
144 461 7
715 676 9
124 716 45
437 35 21
172 363 35
3 416 15
567 344 45
469 360 16
564 608 37
110 220 6
619 557 24
586 232 37
81 75 12
122 254 18
117 444 15
316 70 2
3 148 17
563 531 10
79 236 15
665 377 28
358 110 21
629 535 25
474 46 36
557 401 16
294 277 5
408 659 20
325 367 37
561 682 15
191 325 5
466 411 27
572 28 1
617 347 30
213 20 18
329 15 9
204 624 41
526 550 37
92 358 23
309 513 39
636 693 40
210 368 14
113 675 25
643 166 34
134 438 17
592 232 6
317 548 14
437 428 21
8 256 23
298 682 35
691 352 30
710 715 26
458 598 20
718 551 25
383 34 3
359 254 9
698 350 10
222 232 21
211 686 41
261 474 21
177 60 22
147 550 18
63 217 14
92 462 45
684 19 20
57 714 25
357 36 30
45 468 3
65 164 33
52 680 9
315 664 27
167 520 20
44 706 40
257 223 6
45 519 32
424 455 31
101 683 2
489 595 26
364 246 17
79 619 38
474 327 35
169 65 45
200 183 14
261 279 36
161 602 11
329 378 15
600 646 36
260 683 38
387 654 43
209 537 35
127 121 27
15 141 31
427 25 6
542 401 19
221 663 43
49 56 43
228 44 13
709 634 35
215 390 36
446 525 23
641 634 30
29 299 40
268 207 30
183 355 29
307 685 1
367 591 36
128 109 11
161 183 3
104 14 32
277 518 16
182 472 7
65 585 6
146 295 28
416 421 7
591 71 43
79 346 30
119 203 43
362 339 18
564 677 23
611 517 10
408 117 10
87 405 33
80 325 32
420 325 9
137 144 29
590 221 34
465 648 25
211 524 40
458 466 12
632 527 44
675 542 6
530 433 3
526 296 1
621 135 23
152 567 18
49 420 26
277 218 11
529 326 31
526 124 28
57 540 26
701 627 26
572 178 17
290 491 32
704 89 31
314 263 14
55 381 31
302 255 31
689 64 30
116 65 25
51 203 7
140 598 37
216 604 23
8 567 40
165 52 15
642 161 34
439 174 7
507 716 38
60 5 43
234 555 24
340 285 15
590 388 25
234 687 37
207 629 23
388 433 7
518 709 22
241 542 30
567 357 19
61 460 40
40 172 32
622 425 19
16 173 8
616 119 35
198 420 26
62 367 28
658 318 27
690 580 45
247 61 27
554 231 2
92 101 31
255 334 9
345 130 42
8 118 9
404 293 24
411 178 41
360 530 1
162 596 37
3 183 21
680 298 13
474 454 1
284 178 1
510 295 21
258 108 3
417 131 15
63 116 17
328 445 16
96 476 37
15 370 23
303 28 28
190 684 9
368 309 17
556 651 19
676 663 29
140 78 10
127 407 2
625 136 40
241 468 25
71 378 20
350 257 35
401 519 32
62 369 11
134 92 40
707 469 25
6 608 38
275 702 29
122 324 35
501 29 30
439 433 27
271 469 12
676 267 36
212 160 21
132 330 12
95 168 26
335 529 19
638 465 3
495 637 35
716 721 17
63 443 28
646 321 34
33 352 7
140 486 15
650 389 16
409 580 36
332 638 25
70 185 6
565 320 35
440 283 12
702 583 11
441 675 14
515 416 20
318 240 11
591 175 44
596 542 20
277 380 30
486 429 45
416 38 15
542 112 33
13 17 21
700 692 11
529 199 29
678 101 23
352 57 3
63 651 34
147 657 16
708 633 44
68 195 5
646 391 35
68 518 4
68 285 21
186 22 44
182 69 19
185 362 13
211 332 35
460 310 18
156 558 35
78 5 14
359 442 4
478 318 14
668 105 9
392 442 2
478 220 25
709 412 12
458 93 21
360 520 35
644 234 38
240 7 3
653 550 29
646 80 43
72 357 32
48 377 42
633 489 17
510 621 32
335 301 12
23 180 3
186 284 2
219 338 27
276 294 6
377 149 10
115 718 34
323 674 16
80 615 6
432 577 5
33 411 44
228 604 39
215 1 8
314 512 11
443 514 29
274 604 21
660 56 8
7 454 15
52 303 31
490 3 43
550 689 29
695 320 31
567 663 25
187 699 26
196 26 30
436 161 7
255 524 12
88 235 36
512 241 8
407 691 38
512 157 25
246 20 13
670 94 1
91 560 24
701 674 41
240 590 12
579 502 27
206 322 25
100 600 27
166 350 14
301 264 40
251 59 14
32 359 17
634 156 19
125 130 24
45 291 21
252 499 41
25 381 32
478 474 28
285 401 43
397 716 5
618 133 16
238 298 30
355 66 28
266 304 18
400 311 42
712 535 27
492 168 41
671 677 1
19 213 44
588 636 22
347 491 24
389 154 18
426 699 24
460 50 44
233 89 4
157 630 13
684 325 21
10 360 10
461 96 6
341 472 20
524 514 2
261 470 36
709 664 6
313 193 11
558 251 6
441 159 7
219 144 35
187 643 14
28 18 38
5 431 38
347 677 6
539 428 4
359 331 15
627 271 42
385 534 13
529 514 23
646 663 38
428 489 34
205 572 24
384 338 36
53 222 45
554 84 29
587 481 8
689 428 45
426 307 44
498 14 17
691 567 10
161 115 37
285 180 15
57 208 32
138 121 4
173 623 24
435 160 28
525 203 36
158 63 17
490 296 41
344 82 22
323 58 19
252 418 15
83 313 24
76 586 27
426 556 17
131 242 41
122 201 33
417 12 25
49 91 28
127 75 16
553 179 29
338 658 1
135 711 29
707 436 44
225 398 39
67 340 43
219 586 43
445 644 21
702 344 19
544 665 19
156 497 27
99 387 43
372 322 42
378 265 24
137 219 27
351 345 36
587 486 41
253 301 38
510 591 27
370 521 1
338 475 3
559 479 40
615 30 43
251 6 32
354 631 42
558 22 34
108 631 1
307 95 28
479 206 40
134 365 24
486 15 1
246 289 45
390 41 29
465 483 28
513 578 7
157 242 10
6 653 26
43 321 37
206 303 45
182 231 41
331 117 33
272 646 36
162 624 38
101 275 11
252 409 4
129 243 29
646 386 25
564 652 9
658 209 34
470 552 17
233 709 5
216 50 6
407 348 4
503 686 39
630 108 13
345 332 44
5 374 18
282 22 32
456 244 20
588 391 4
446 133 45
238 692 19
679 542 10
255 622 24
426 543 14
236 8 10
240 297 30
429 464 39
608 564 1
522 676 42
394 235 18
56 642 17
382 554 10
66 232 36
221 591 27
34 468 12
717 74 30
43 170 13
700 224 39
544 412 6
705 708 21
16 479 33
38 153 45
360 568 1
552 467 19
213 652 21
51 642 41
396 426 2
378 107 6
456 337 12
161 255 13
598 589 44
557 221 14
453 658 43
613 89 16
352 348 25
556 376 41
190 117 39
656 718 11
657 70 1
365 619 37
294 447 12
68 374 21
474 362 23
390 118 33
389 483 45
494 67 11
694 18 36
200 584 28
179 150 23
402 233 22
484 445 27
167 600 37
591 7 14
435 713 4
559 490 20
549 635 20
681 685 32
551 551 12
625 33 36
341 253 24
20 536 9
27 614 15
1 575 28
206 615 14
646 235 32
554 359 1
607 307 3
647 552 36
550 467 3
635 290 22
3 349 17
492 126 17
55 228 13
586 391 9
18 621 17
682 573 11
574 78 7
417 63 18
402 220 38
112 307 39
500 466 36
625 367 22
286 530 44
513 370 38
67 541 6
619 408 42
193 31 5
676 210 35
371 683 35
648 577 15
678 167 11
397 378 11
132 653 41
435 623 11
339 698 5
16 329 15
675 159 44
207 676 4
56 397 9
532 615 13
123 204 7
119 382 6
221 29 20
5 60 27
192 429 26
53 152 38
325 644 20
149 148 21
423 421 6
664 375 15
370 674 25
378 312 16
599 667 32
568 578 3
713 549 18
430 211 16
535 141 12
47 555 17
21 659 17
319 386 3
190 240 2
111 22 5
650 389 7
373 214 22
545 210 32
379 514 17
713 115 35
178 189 34
98 229 6
68 272 22
221 637 36
665 692 16
314 274 23
426 592 12
718 448 42
51 541 45
643 641 39
289 435 42
421 435 30
621 719 10
278 17 4
363 52 6
218 472 4
473 718 11
152 316 25
539 684 24
31 684 11
633 449 43
201 705 14
582 590 5
57 654 11
496 49 36
148 395 22
549 159 5
534 457 23
618 563 13
545 604 24
637 236 20
59 552 35
315 346 14
168 211 27
163 458 31
265 20 9
295 181 7
242 660 4
1 575 35
575 75 3
676 352 2
57 201 35
495 670 44
398 509 28
552 312 40
476 685 15
94 491 10
568 146 16
524 46 33
589 64 10
509 703 21
39 421 38
384 51 43
158 117 15
237 205 10
261 492 38
155 235 28
663 103 11
15 81 32
426 551 13
600 572 43
708 680 15
716 542 31
205 123 40
307 115 38
703 320 36
153 704 2
104 183 4
238 459 12
564 205 12
176 445 14
649 475 33
61 176 5
488 364 16
678 350 33
463 414 23
80 227 30
695 597 26
138 609 21
608 491 38
300 177 6
594 186 22
57 308 17
559 476 30
679 139 40
150 245 22
558 618 19
379 181 22
146 191 3
594 482 19
20 501 28
207 336 28
538 270 5
293 578 32
558 21 33
340 256 27
512 108 6
290 98 41
722 583 10
607 286 36
684 210 39
471 455 7
272 697 32
56 96 42
117 348 33
271 226 36
229 137 23
419 432 29
201 374 6
572 524 23
358 412 24
301 327 32
542 647 20
59 14 18
651 665 18
530 211 34
174 636 4
462 644 11
20 597 35
203 634 10
541 595 18
704 647 28
371 667 10
657 719 38
243 144 18
351 627 21
431 123 39
400 562 14
385 646 43
272 59 28
43 633 23
255 66 41
475 152 22
388 551 12
680 634 18
503 450 35
465 595 3
9 310 1
310 295 34
28 553 24
439 93 8
672 159 2
358 436 30
177 580 36
560 278 3
125 374 29
327 483 36
264 650 19
66 51 21
118 352 8
620 386 10
445 314 40
140 359 13
623 709 24
429 114 38
280 32 36
515 279 15
190 447 26
679 220 15
75 595 19
492 199 23
457 103 34
389 638 18
63 632 11
209 330 21
45 166 2
72 93 31
162 294 38
96 55 6
60 594 24
512 678 23
138 185 26
708 239 14
449 411 27
195 591 43
32 66 37
215 289 6
442 151 12
361 94 43
238 92 25
262 446 32
481 65 17
58 138 15
410 26 27
606 32 33
651 558 9
65 719 10
536 575 27
377 139 28
137 701 24
57 284 43
468 31 34
19 263 6
373 295 11
565 579 21
432 317 42
119 347 12
45 504 22
21 300 25
573 431 34
43 133 38
184 667 42
265 718 8
241 540 20
364 316 36
435 328 14
702 280 19
11 452 39
472 476 13
355 656 39
657 75 45
380 186 33
596 345 35
103 259 12
171 700 17
54 543 42
702 291 30
20 436 38
369 8 18
547 128 40
271 22 36
31 475 22
400 5 34
120 79 42
465 10 2
268 504 8
560 533 14
544 233 24
98 637 18
133 310 2
695 534 23
417 214 45
149 434 18
37 73 29
357 298 35
143 531 29
574 169 2
521 234 12
117 655 16
162 509 29
335 703 41
394 71 9
261 141 23
362 488 23
371 720 5
332 259 21
391 289 7
70 194 36
358 363 44
99 315 6
575 597 22
621 200 37
578 180 10
432 6 3
138 279 34
435 108 7
548 515 1
697 276 8
425 417 2
130 611 35
240 110 41
106 299 4
549 47 45
70 565 43
507 32 42
168 364 44
5 306 33
478 47 36
326 522 3
298 362 43
632 75 43
597 470 11
599 95 8
247 407 32
338 465 3
485 664 2
183 532 23
222 114 41
537 315 27
11 226 27
118 513 42
277 388 26
331 381 35
136 177 26
35 424 21
378 337 28
401 337 6
380 437 14
352 563 3
428 478 12
367 185 36
113 148 30
621 597 43
198 449 31
400 701 2
707 307 44
149 190 39
253 590 27
109 609 16
569 519 8
596 383 7
340 338 4
249 686 35
500 46 45
713 585 19
292 498 26
162 574 18
525 438 27
665 678 14
558 259 3
117 630 16
485 536 45
696 629 26
12 611 2
261 201 23
274 526 29
50 561 25
665 94 19
291 632 8
11 20 18
233 458 28
537 297 5
185 309 31
559 149 33
257 310 7
338 278 38
334 384 12
57 328 29
666 487 18
654 524 25
527 683 45
530 444 4
618 717 40
230 332 6
56 460 7
579 543 10
187 655 16
349 149 26
101 479 18
12 22 2
706 495 34
223 5 5
338 418 44
236 582 40
440 112 9
349 497 33
559 300 18
140 615 1
220 103 38
587 276 38
254 351 2
418 281 12
710 331 13
585 533 32
644 624 15
711 76 32
609 285 14
359 415 36
406 85 37
517 408 43
223 433 2
449 528 24
677 520 27
497 157 19
265 202 20
511 364 19
434 458 12
634 283 37
276 20 43
581 229 12
605 402 7
357 294 16
46 284 3
456 252 36
547 101 9
484 133 11
301 399 20
711 155 27
697 15 3
595 541 38
699 430 37
677 33 32
259 202 18
366 267 39
326 272 36
596 64 37
87 642 41
381 593 28
473 39 15
566 411 33
697 116 20
338 67 7
260 518 17
243 212 10
248 86 5
166 21 14
438 48 15
321 316 10
150 41 22
337 20 37
636 478 43
555 481 15
136 83 17
300 587 5
172 470 41
679 607 32
249 353 41
365 402 18
522 625 7
116 167 22
612 487 40
411 200 24
434 209 44
270 506 24
316 546 26
563 223 34
393 50 23
430 252 3
394 547 20
533 62 21
655 307 40
712 334 12
87 296 5
626 26 5
67 712 39
211 261 33
270 637 42
641 60 3
651 320 32
238 643 43
638 579 12
599 519 14
142 103 27
528 451 27
523 106 30
85 354 2
366 27 1
662 200 6
456 137 31
556 373 3
329 482 25
491 627 39
589 587 45
105 503 12
636 648 25
255 533 12
470 687 24
60 672 31
557 15 25
176 443 45
611 209 10
209 501 16
590 471 7
679 661 21
691 329 17
60 223 25
32 107 37
247 422 26
639 154 2
330 438 41
442 712 3
324 211 13
20 218 9
155 211 20
34 241 16
669 586 34
317 706 25
609 359 14
279 388 5
492 541 41
73 260 33
71 405 28
666 512 28
401 102 10
605 180 33
338 368 30
248 75 44
118 99 33
336 645 18
139 125 13
646 711 4
505 567 43
228 596 19
112 177 33
546 166 26
427 151 8
533 425 1
448 407 13
293 213 6
206 458 33
473 537 27
125 642 15
649 30 19
15 183 29
269 369 28
219 26 27
303 249 40
68 602 18
588 663 28
314 19 15
290 510 33
429 107 17
562 187 22
193 97 20
155 433 39
131 605 10
573 215 4
684 16 39
309 172 7
672 701 18
416 398 31
184 512 29
42 467 21
251 313 1
302 73 5
522 445 16
547 503 27
258 431 14
266 558 7
662 657 18
635 263 32
608 106 8
75 568 30
366 441 8
530 644 40
273 17 4
455 84 7
452 443 13
561 353 11
164 196 39
52 338 21
657 268 24
182 191 1
319 86 6
209 150 33
18 257 30
627 70 44
472 331 7
624 234 40
417 658 35
52 596 9
86 103 22
463 666 30
269 427 9
228 452 28
132 335 31
564 406 19
117 470 11
288 463 7
617 710 30
626 30 20
172 301 17
506 488 24
311 410 16
605 252 10
210 199 6
460 567 7
334 535 18
315 494 37
264 510 32
420 574 39
642 163 44
636 475 16
476 60 43
580 61 12
514 716 28
719 9 26
176 79 43
162 458 22
488 615 21
451 679 1
566 552 34
119 113 31
170 127 6
573 659 2
62 446 1
326 313 17
153 448 5
508 468 13
116 217 29
311 632 21
497 415 12
678 232 17
427 658 26
323 331 37
219 611 3
492 80 11
551 429 43
416 156 10
286 708 25
226 11 44
147 544 10
516 440 5
657 503 43
104 690 30
684 215 21
409 344 34
157 127 4
455 613 16
566 95 4
301 657 25
715 162 26
386 597 37
680 710 44
56 27 43
60 501 34
608 577 33
415 175 15
18 61 17
234 277 17
44 216 19
563 156 20
500 486 15
680 359 30
545 571 18
117 189 4
360 556 17
538 19 15
572 644 9
159 246 8
440 428 29
301 276 30
543 718 6
202 550 7
314 209 13
502 674 27
104 616 27
493 271 31
256 401 39
391 237 13
599 563 41
1 578 7
331 493 30
189 62 8
74 341 7
341 622 17
14 147 8
401 279 14
508 326 43
402 65 39
691 196 29
196 78 9
146 657 37
307 183 37
313 9 44
550 41 39
640 481 34
625 81 21
623 657 10
143 531 31
566 595 16
307 386 38
660 441 10
195 379 37
139 48 41
96 435 10
428 33 21
146 138 6
674 239 32
105 719 43
396 686 30
551 340 7
106 91 44
519 348 12
194 116 14
204 25 6
459 130 45
186 56 10
10 303 3
313 621 45
553 345 18
212 629 4
646 580 37
209 105 33
547 616 18
511 623 1
242 159 38
700 445 7
145 687 11
44 541 1
430 469 22
45 532 32
44 68 5
99 13 8
273 541 26
197 276 28
503 272 1
528 80 8
621 416 31
513 391 5
705 398 1
20 319 18
583 646 8
103 368 22
649 26 14
495 112 37
701 544 33
539 627 25
271 559 23
444 420 28
57 225 16
271 654 32
599 391 39
339 597 36
252 346 5
615 318 15
709 599 32
542 700 9
421 689 40
413 348 39
365 291 42
354 530 40
662 512 28
135 494 38
560 512 42
632 422 25
329 39 1
295 167 26
35 683 19
716 78 21
244 690 45
387 520 26
617 247 24
320 213 8
67 382 38
602 142 43
479 195 8
562 439 21
96 593 4
463 527 44
257 517 38
712 152 37
329 235 36
188 481 39
417 598 45
120 361 30
51 363 38
341 494 28
633 253 25
3 329 15
496 574 10
5 286 31
241 704 26
111 280 45
337 275 10
123 685 26
505 524 34
644 166 44
499 115 31
416 639 40
496 60 13
579 593 41
659 168 6
677 206 34
168 586 37
448 284 38
669 570 29
711 389 24
712 132 28
181 208 14
149 393 29
204 338 44
26 280 2
440 716 19
548 492 44
689 716 13
404 152 37
274 107 42
125 472 12
4 719 8
220 492 7
551 663 28
230 683 42
621 426 44
721 62 35
525 10 36
347 329 3
301 208 9
513 567 4
13 713 41
394 99 34
313 189 13
671 584 32
201 666 9
658 19 19
658 373 22
347 618 14
294 473 8
654 8 8
250 430 22
659 604 33
153 101 32
216 693 23
135 481 43
529 244 10
66 80 39
532 316 39
456 37 27
238 443 44
664 168 31
543 327 5
353 493 34
316 359 26
7 470 35
498 677 1
483 636 23
696 46 18
435 569 8
397 408 23
270 172 36
164 616 6
305 638 25
283 529 6
47 230 18
335 279 35
432 13 33
261 94 17
178 717 22
280 290 14
499 356 30
372 699 15
3 337 43
259 457 11
118 301 24
220 485 20
501 549 27
491 123 18
571 437 22
61 367 7
223 52 38
35 620 10
296 698 33
471 139 10
255 276 22
77 80 23
636 229 37
611 713 20
664 308 37
124 112 38
78 389 42
151 465 11
540 107 44
220 696 9
181 22 2
412 592 3
168 540 25
13 452 34
554 530 27
617 592 23
54 643 34
379 653 37
93 282 42
18 584 9
396 722 10
567 321 40
544 588 9
389 358 29
448 281 8
712 137 33
154 564 37
654 489 18
122 380 24
280 367 17
663 180 19
200 503 5
533 234 5
275 172 39
553 430 41
283 496 16
581 24 31
293 101 42
268 521 27
481 175 31
644 2 22
114 719 36
53 665 23
150 97 10
633 450 35
557 326 2
485 87 34
275 522 16
566 50 39
92 531 9
212 462 3
202 124 35
618 476 34
115 249 27
102 519 35
481 99 21
534 716 14
684 332 6
655 556 42
446 530 8
114 317 44
200 444 20
249 663 13
532 568 25
128 123 5
243 339 7
523 448 6
323 550 3
314 493 18
89 351 8
517 307 7
50 182 10
484 63 33
442 573 11
377 601 14
167 474 16
273 53 37
581 480 28
312 177 16
346 47 15
510 299 44
517 15 10
422 17 9
466 631 9
20 282 20
635 426 4
462 406 24
225 335 7
611 551 31
344 334 24
454 521 15
70 691 40
122 488 4
68 328 19
572 632 7
420 241 27
333 120 14
202 203 13
58 559 43
340 172 3
449 354 11
327 222 29
621 29 3
243 126 42
447 174 5
659 95 8
6 281 23
667 595 41
388 246 20
481 718 30
377 541 23
125 557 7
624 4 18
657 141 15
334 54 21
67 678 4
241 167 45
336 358 35
115 329 28
47 44 27
496 703 44
584 256 26
464 550 15
62 321 30
128 282 20
206 360 11
413 414 43
530 378 20
628 437 32
581 423 15
26 352 21
607 37 31
105 525 8
295 89 43
534 370 41
452 79 32
335 696 8
154 52 26
115 552 40
669 546 2
573 208 11
602 454 41
306 236 26
110 559 31
464 135 36
67 697 30
212 103 14
51 356 28
128 604 19
216 582 36
127 434 42
229 83 16
562 712 35
236 172 33
679 633 1
491 46 1
52 390 7
464 670 21
355 16 33
599 441 28
255 424 7
707 126 18
678 230 40
351 346 2
686 272 31
448 24 21
461 329 31
422 522 33
614 436 34
636 454 7
65 416 27
456 368 17
217 439 5
426 487 20
241 559 43
167 554 22
324 29 8
147 261 1
201 374 11
285 675 22
321 185 6
394 161 20
585 336 34
236 104 25
316 201 12
501 315 39
196 704 24
557 582 8
42 642 23
259 407 4
274 429 18
664 635 13
516 662 7
360 493 45
646 695 31
577 566 40
311 151 31
293 301 27
225 358 25
169 53 17
27 417 27
574 226 23
110 246 42
665 640 3
502 192 19
367 133 37
693 127 12
682 590 40
417 525 10
394 341 36
291 159 8
105 719 45
441 167 40
590 47 41
408 659 28
460 528 1
130 290 9
560 643 28
184 159 34
659 697 4
460 133 35
157 294 15
136 291 7
35 176 45
203 219 22
260 440 18
281 212 39
117 721 40
371 305 29
405 35 3
234 610 35
354 182 26
396 96 33
311 87 7
521 107 32
715 655 35
306 485 45
154 223 33
441 459 33
124 342 15
169 420 42
512 377 7
39 450 45
614 340 20
444 162 3
675 185 37
253 196 41
493 545 40
336 667 7
11 666 22
715 229 45
38 496 16
401 212 20
354 99 16
212 708 34
106 489 5
654 89 28
478 385 14
10 408 8
136 475 8
411 604 26
37 287 45
155 190 31
54 415 2
427 156 19
177 116 13
34 478 27
464 411 15
21 544 29
481 98 34
461 620 3
295 503 11
227 39 6
239 392 31
166 469 14
146 120 11
314 237 12
654 639 33
354 442 33
308 634 39
410 275 12
462 125 34
90 654 21
442 134 34
104 97 32
354 317 34
104 499 27
602 163 9
414 511 27
260 486 8
675 287 45
221 406 1
628 702 11
391 307 40
707 365 36
579 169 26
632 503 13
434 183 18
280 397 43
26 238 16
591 138 43
634 194 2
415 567 22
98 466 7
230 53 27
130 657 21
331 356 34
206 327 39
139 368 44
647 415 17
302 30 18
158 410 18
314 104 24
185 703 13
439 399 13
695 277 24
481 340 11
507 187 18
388 67 21
677 549 15
80 660 15
575 159 18
520 455 3
499 359 29
144 34 29
284 192 7
293 660 4
167 540 18
83 365 28
317 205 22
664 457 42
5 514 41
544 392 24
481 222 3
152 450 44
51 404 14
179 496 14
178 190 26
493 277 27
498 368 31
330 460 37
11 82 38
346 328 9
564 88 25
153 522 7
326 635 41
643 179 31
256 362 3
609 122 16
465 582 18
610 429 1
196 131 4
325 630 17
119 554 28
88 448 5
11 696 15
512 546 11
547 282 31
576 704 32
311 682 27
17 344 23
686 567 13
31 449 30
554 299 19
594 96 22
411 376 10
328 198 43
432 168 13
283 70 13
323 702 32
292 626 23
547 45 42
360 103 43
187 240 2
16 470 1
469 161 4
139 28 4
336 446 43
576 679 2
640 572 33
500 619 45
106 416 19
13 590 26
184 612 31
177 108 2
499 11 13
590 171 41
233 587 35
122 377 19
185 167 39
275 9 39
592 487 32
445 503 30
97 265 27
116 103 2
389 359 22
599 154 14
481 188 16
106 395 29
379 634 34
35 643 40
318 68 30
571 28 30
654 387 19
15 329 22
279 245 37
205 271 9
460 512 35
470 55 14
426 195 19
581 431 19
129 447 11
347 512 20
383 410 9
619 22 45
720 476 40
421 578 23
704 243 41
281 264 30
134 450 37
63 588 33
535 600 5
697 659 37
64 284 32
701 572 31
389 91 13
655 274 30
28 76 25
74 522 27
402 564 40
428 565 41
529 474 42
333 627 43
357 24 38
135 602 3
70 221 41
199 438 8
702 165 2
172 28 22
643 286 9
460 477 3
557 146 23
112 445 29
313 178 18
681 271 8
178 379 19
709 73 3
480 722 18
243 303 30
66 431 30
198 585 26
635 586 16
151 529 10
603 252 11
154 40 24
328 113 21
668 296 33
200 73 44
138 336 33
387 619 37
76 370 14
479 299 41
258 489 20
629 638 24
280 90 6
217 355 24
286 424 22
475 699 42
418 671 43
426 616 35
40 315 24
301 703 26
344 201 22
426 419 36
390 410 8
203 474 45
279 402 14
385 322 7
454 349 39
650 346 29
417 546 22
44 175 19
52 442 45
442 355 20
206 317 4
284 94 36
205 507 25
260 297 7
488 92 24
522 173 44
49 195 2
317 97 7
632 389 1
15 487 23
291 453 1
460 432 36
626 596 14
549 188 35
294 298 32
153 216 45
693 300 12
101 19 14
195 327 28
392 456 44
530 361 24
449 557 27
635 408 25
151 405 39
82 368 32
318 513 14
445 182 3
5 332 11
462 17 7
52 176 36
310 387 35
365 409 32
371 530 18
308 597 1
88 422 31
410 650 18
53 246 23
554 452 20
690 651 1
481 376 18
150 399 39
137 93 28
13 495 43
343 246 31
109 68 45
332 223 1
33 225 31
235 289 12
102 390 8
526 7 26
341 288 17
327 121 19
386 697 40
583 234 45
483 135 1
67 273 1
150 550 22
634 368 17
166 26 40
227 235 43
614 511 28
13 330 19
331 254 45
679 682 3
131 683 26
240 712 36
683 19 42
565 33 15
245 575 30
107 396 26
453 25 27
218 585 25
689 224 6
202 211 4
364 380 24
430 138 29
571 436 27
257 653 37
297 19 33
708 492 13
67 193 21
673 393 18
493 375 35
618 700 32
273 120 5
494 605 45
184 640 44
432 366 3
79 465 7
478 141 30
308 468 20
383 105 29
143 707 35
385 662 20
543 546 33
441 562 23
596 598 1
607 530 42
135 399 38
312 689 25
459 637 27
672 62 19
628 432 26
546 705 37
195 550 42
490 371 3
508 328 31
342 204 17
386 561 4
10 51 19
417 230 38
220 662 1
606 418 7
308 42 36
558 314 13
682 222 24
621 503 17
427 537 1
124 222 23
449 654 29
76 687 28
644 439 17
7 569 9
611 127 25
48 532 34
57 481 20
682 516 23
381 611 6
599 625 14
568 629 36
346 654 30
396 194 28
481 51 2
357 534 14
575 410 44
544 470 40
558 660 23
647 166 30
319 527 30
276 165 12
397 213 41
386 261 44
225 104 43
405 97 23
35 366 42
698 424 8
672 711 27
323 302 14
490 508 12
619 430 4
709 408 44
278 181 1
80 539 15
635 413 21
37 217 18
714 13 22
619 400 2
287 225 41
507 6 8
98 667 3
588 492 8
144 75 3
688 332 43
372 298 21
127 369 26
232 459 42
24 699 22
213 558 34
37 391 32
46 210 43
450 437 2
88 97 22
706 133 35
4 410 44
263 452 21
389 413 36
471 240 6
301 15 2
410 111 38
166 23 42
214 295 2
630 306 13
711 424 2
616 552 24
199 702 10
512 642 25
437 306 37
459 372 18
388 68 39
400 706 44
316 379 27
87 263 8
123 669 22
344 474 23
607 489 45
241 81 36
54 386 40
182 359 31
617 385 24
377 564 34
629 643 38
659 351 44
706 667 13
546 52 23
236 276 36
474 311 21
585 131 4
325 194 23
32 385 19
450 606 40
46 189 19
544 176 37
624 716 16
310 586 24
549 671 26
353 149 29
255 459 7
310 341 25
80 103 20
551 41 41
308 171 17
166 159 27
507 190 1
166 259 18
465 174 38
39 100 45
598 38 40
204 684 23
153 395 22
564 354 45
499 700 19
219 342 10
65 604 45
330 271 7
571 419 14
279 111 1
281 543 23
251 379 38
352 111 1
611 607 32
348 364 3
8 445 22
356 522 33
221 225 4
97 376 5
179 101 10
541 215 2
335 443 40
228 36 21
441 428 37
704 179 8
173 544 33
393 509 23
464 416 22
680 137 38
426 53 24
582 698 4
181 506 37
189 603 16
28 319 22
721 94 7
448 606 16
53 523 4
546 115 24
235 72 33
445 573 16
460 20 42
326 494 45
294 324 39
162 658 3
477 566 20
555 675 25
617 270 5
117 657 15
561 241 25
668 163 27
589 645 4
81 59 28
142 624 32
104 410 19
488 106 41
225 472 1
455 616 45
70 458 43
125 291 19
641 22 26
5 116 11
282 137 18
700 232 25
381 548 7
679 347 18
622 525 44
297 127 16
180 216 19
553 636 28
337 488 14
63 428 23
175 283 16
205 207 10
283 79 43
42 170 9
275 260 33
152 299 6
507 109 2
297 614 45
381 462 33
213 176 27
646 671 18
244 603 13
612 664 36
397 119 18
498 618 39
506 496 4
504 104 38
319 310 16
117 109 18
540 80 36
306 262 22
636 405 42
615 483 10
92 533 15
653 570 35
546 316 5
34 32 41
639 546 39
339 638 34
88 433 31
236 569 18
340 426 15
80 17 14
555 159 14
561 553 1
240 465 6
301 474 43
465 635 11
94 95 23
50 11 33
385 346 45
272 357 19
560 616 34
102 694 37
304 498 6
115 590 11
488 449 42
706 603 18
273 30 20
526 121 42
539 537 7
508 325 32
98 545 39
168 626 30
385 394 13
157 577 19
368 154 10
607 569 9
687 248 10
565 40 16
166 235 43
301 309 4
79 610 28
626 487 32
134 150 37
5 555 43
362 548 36
605 107 2
260 595 44
199 99 27
399 396 33
519 433 32
583 615 32
255 547 4
356 381 43
85 301 44
5 471 41
480 90 21
647 274 39
570 386 43
347 437 5
385 34 4
408 120 37
254 486 13
10 571 14
413 506 16
5 50 3
199 330 41
175 305 14
6 548 22
430 442 33
30 67 42
648 535 23
289 583 34
477 578 6
714 437 29
47 348 24
95 211 22
666 256 4
299 565 16
634 509 9
16 254 37
97 273 24
453 615 20
427 217 43
161 266 10
302 671 5
319 326 40
390 484 28
211 704 36
485 278 38
121 474 9
704 609 1
447 521 1
495 328 35
588 523 36
114 489 34
277 77 34
588 567 20
569 122 15
582 107 1
499 481 13
261 209 45
679 558 10
142 264 27
357 665 9
167 74 17
318 31 32
716 549 2
608 288 1
322 137 18
265 361 13
694 281 20
398 272 11
352 442 39
182 599 37
276 277 23
41 444 15
375 605 18
336 683 26
309 344 8
253 688 21
6 103 9
593 701 32
160 169 24
318 581 25
170 65 4
589 547 33
593 713 10
259 480 37
465 636 10
610 708 6
87 34 5
198 486 29
384 710 24
391 597 37
360 634 20
263 606 1
522 4 37
18 483 5
346 219 14
431 531 13
623 319 22
524 616 45
251 495 32
438 697 27
508 461 1
76 631 3
508 697 40
196 420 19
627 670 1
598 281 6
495 526 18
641 19 37
485 206 36
669 232 22
584 142 38
535 108 16
334 163 38
453 627 41
528 335 20
563 158 5
711 93 6
115 482 38
593 149 24
467 16 19
720 418 39
152 655 8
604 410 22
243 364 9
292 311 22
330 582 17
338 434 22
390 6 39
605 130 43
383 256 16
316 115 39
711 69 30
37 218 10
492 183 17
252 205 32
316 367 29
353 54 29
573 393 37
654 193 18
554 407 21
284 671 20
65 467 5
268 572 13
346 47 5
382 168 1
196 71 37
464 359 32
270 671 2
444 360 32
192 532 5
40 175 30
156 530 30
202 238 23
284 287 23
252 305 5
380 162 26
323 97 23
246 385 13
587 179 29
101 541 21
596 38 24
431 319 39
574 54 41
643 362 14
513 24 28
660 586 11
354 296 30
362 193 25
689 305 3
533 79 19
416 203 32
411 594 11
189 14 6
472 328 20
592 697 11
590 52 10
227 483 6
254 28 35
720 20 30
111 165 15
345 124 44
496 663 35
39 49 41
524 574 21
137 445 26
626 399 12
585 713 14
232 170 31
194 253 23
425 318 18
114 397 9
722 514 43
629 88 4
703 185 21
618 31 25
581 66 31
466 404 40
21 136 26
175 721 23
402 462 17
530 81 4
622 266 11
606 542 34
71 442 6
253 720 39
207 663 42
39 680 12
248 711 31
344 63 19
320 656 6
320 642 31
380 618 39
165 690 7
78 380 34
80 631 1
354 478 12
522 496 11
61 704 43
450 149 21
322 123 33
520 37 4
659 167 16
615 616 14
397 233 29
671 500 31
185 474 17
639 79 12
158 175 36
200 17 32
284 525 14
157 243 21
501 702 37
307 542 20
702 430 23
224 405 25
441 487 19
695 56 11
226 533 41
456 90 18
183 369 32
408 222 40
475 327 30
395 214 30
258 656 20
651 65 25
650 114 8
58 73 20
607 631 45
620 569 33
377 445 6
439 697 10
23 441 20
273 320 37
223 257 38
372 275 24
707 348 28
179 367 13
311 256 43
632 645 30
365 84 34
587 490 35
306 198 12
280 556 36
15 29 13
614 627 27
451 257 26
89 356 15
340 314 42
414 390 17
348 634 7
149 9 6
452 429 27
317 642 37
428 90 3
542 75 7
222 13 15
5 491 11
475 293 14
547 679 20
10 53 29
526 180 43
576 200 16
21 530 30
317 438 32
568 384 11
610 95 4
586 107 41
160 630 2
290 227 34
381 257 38
553 107 10
545 684 16
368 283 28
248 575 7
433 526 7
68 526 24
335 183 5
276 618 24
146 21 9
647 298 15
1 639 7
401 563 17
646 577 40
376 427 9
458 226 32
27 451 18
492 245 26
518 441 37
599 500 5
669 334 21
110 119 40
482 612 8
628 395 34
286 88 32
278 519 27
553 253 35
360 672 10
572 616 42
47 311 2
651 3 21
718 548 41
701 632 33
47 683 24
647 531 36
78 111 18
221 576 22
373 312 40
274 716 30
183 280 41
23 431 9
627 691 37
328 477 32
660 245 9
25 287 21
553 59 44
91 369 35
496 402 1
366 440 33
57 252 9
67 614 38
266 673 37
131 104 31
304 199 29
28 165 12
321 534 1
680 133 4
213 222 2
447 152 31
332 482 15
522 428 10
440 242 11
617 311 39
215 458 36
292 362 42
306 16 37
147 607 35
544 170 33
673 171 19
334 652 14
28 406 45
653 506 41
627 378 30
435 80 23
399 562 11
326 295 19
642 243 25
678 337 5
255 362 38
68 201 30
325 179 3
332 518 19
284 330 43
542 510 33
709 42 16
688 679 6
581 270 16
512 48 4
254 600 1
578 422 10
13 663 24
24 18 24
310 336 26
623 370 20
485 472 43
115 406 10
59 351 25
372 195 29
62 323 20
314 513 20
275 435 36
621 199 21
96 80 42
599 234 28
318 53 37
547 39 33
269 124 22
520 619 34
708 230 3
318 391 21
712 709 18
347 537 34
582 343 29
687 124 20
29 186 31
716 667 28
270 547 7
69 150 33
227 412 13
626 91 9
491 4 3
493 186 26
690 346 4
571 464 25
174 173 27
145 554 2
688 621 14
362 352 37
99 482 18
464 134 28
587 210 11
88 549 39
608 473 6
240 486 17
371 656 41
75 46 14
247 342 9
561 181 33
687 232 15
62 81 6
205 406 26
636 315 34
309 676 31
336 650 36
84 160 33
627 138 24
332 583 26
475 543 15
387 44 15
697 113 38
540 117 19
516 606 36
64 87 16
467 178 15
46 285 8
411 494 10
177 712 40
680 428 36
53 131 38
123 629 14
10 623 22
710 198 31
650 372 5
403 116 12
646 287 45
692 213 28
539 627 33
720 120 6
688 199 4
331 646 12
100 295 32
470 67 45
166 198 33
60 588 19
495 230 13
297 570 4
120 458 25
194 383 18
269 501 40
51 551 5
609 449 31
555 216 19
218 346 13
600 720 7
491 91 6
249 26 37
190 289 41
487 20 33
135 578 24
224 655 28
50 579 39
29 115 39
689 142 15
78 236 22
641 82 1
21 495 4
381 561 4
187 77 34
280 509 23
173 441 40
82 41 19
153 628 19
309 34 10
170 126 39
477 326 26
307 564 40
193 559 39
469 657 29
408 301 15
219 605 14
568 255 28
400 327 3
297 167 20
356 520 26
126 639 28
694 541 2
481 33 8
266 477 8
93 339 44
702 202 28
198 469 22
231 78 33
485 155 12
351 334 21
646 69 41
113 475 42
310 191 23
495 244 11
417 87 22
142 631 7
260 721 24
533 175 38
251 122 16
215 405 3
668 396 40
513 672 25
540 159 45
93 378 15
440 675 9
356 608 7
573 491 2
589 706 42
419 670 8
609 13 34
270 138 34
435 108 24
324 451 6
374 565 31
291 605 39
20 203 31
359 330 8
363 555 7
261 522 40
312 393 14
287 41 19
387 319 43
250 87 38
361 683 3
456 327 42
679 325 8
626 658 20
2 246 26
247 523 39
147 548 9
610 269 45
455 262 19
42 207 30
77 436 24
337 385 29
425 28 1
689 649 11
596 15 32
706 715 14
563 374 25
396 553 38
669 622 1
547 624 5
681 187 22
407 88 31
639 111 3
604 262 9
45 430 6
80 307 4
507 290 43
307 265 34
203 496 24
157 531 6
275 450 31
118 74 23
164 315 34
6 604 3
366 197 1
680 289 30
283 79 39
516 102 2
203 408 20
553 106 31
479 235 8
588 266 25
701 594 38
190 183 32
574 298 31
16 357 22
478 239 22
619 314 17
38 253 28
462 264 29
453 87 27
637 563 19
679 443 3
23 694 10
374 645 22
102 633 43
635 13 25
321 359 31
478 121 15
595 546 41
377 290 40
152 74 24
453 346 4
170 717 30
377 79 23
280 67 4
267 685 15
81 83 29
186 670 17
632 86 3
155 621 45
14 50 27
418 682 7
173 218 8
526 177 3
627 188 39
212 558 7
509 703 17
418 454 8
631 704 44
380 501 6
243 633 10
435 293 27
143 392 21
87 193 43
650 698 13
357 25 1
583 456 28
355 194 27
420 520 22
396 319 33
188 471 28
235 569 31
172 703 7
517 465 10
512 337 21
599 652 41
451 641 17
87 721 35
589 453 23
463 600 15
690 492 45
491 157 43
721 68 24
22 91 45
30 106 21
159 250 13
8 242 41
406 284 29
534 470 23
348 323 19
491 681 10
351 389 28
694 607 13
49 679 18
291 574 11
566 532 19
534 388 9
712 521 28
332 610 44
578 93 17
630 559 42
374 393 45
702 501 8
375 385 44
642 78 42
85 582 23
568 96 17
417 608 23
398 270 12
136 603 29
232 481 40
628 279 37
68 88 38
76 535 33
511 167 31
477 205 17
103 664 38
150 706 34
537 185 1
654 495 22
654 643 31
463 708 33
522 514 9
457 517 29
600 356 34
469 15 38
236 588 2
113 368 24
139 263 38
450 516 39
269 395 9
148 320 10
220 287 11
217 552 6
226 160 26
644 336 38
441 275 30
251 371 4
659 220 23
307 312 29
279 515 26
82 390 35
312 721 42
500 266 26
322 551 1
531 451 6
134 561 12
2 10 4
693 489 45
178 43 10
217 682 2
675 623 20
438 285 20
286 461 10
288 18 36
91 386 25
710 397 23
310 568 7
661 591 28
190 153 24
509 272 2
635 297 25
398 171 38
512 127 20
377 228 34
421 172 9
237 16 31
526 242 26
261 382 22
255 35 4
383 61 9
711 540 3
560 676 16
130 629 29
83 473 33
574 589 19
244 392 43
631 400 28
251 504 29
182 104 2
635 26 3
489 365 41
282 360 41
92 370 26
322 366 21
589 326 4
294 708 20
187 290 36
86 95 28
208 674 23
282 471 30
6 313 24
415 319 36
464 578 24
434 652 38
368 408 6
378 110 15
245 2 16
417 330 29
360 520 16
659 40 16
501 386 16
280 177 34
625 614 34
103 672 15
268 193 26
71 718 29
169 37 43
611 352 32
712 97 25
135 249 42
171 562 2
661 553 31
154 448 39
649 406 3
64 177 44
583 593 3
34 354 18
363 52 25
473 360 14
541 575 15
603 592 1
249 691 31
417 275 32
69 88 2
194 17 14
255 291 42
172 594 6
41 448 22
319 132 41
268 615 39
143 656 18
586 129 15
337 634 23
640 665 26
32 199 42
22 416 32
522 690 35
331 473 36
442 180 24
275 311 28
428 270 28
528 134 20
107 90 37
47 138 7
640 692 27
685 445 24
535 50 9
346 281 27
354 524 40
328 373 12
610 420 6
645 536 15
570 389 30
426 124 31
346 406 29
192 218 28
171 617 11
380 648 3
466 16 19
173 164 26
561 444 30
62 528 1
94 594 27
42 186 40
250 660 44
53 260 44
330 438 45
292 290 6
167 645 22
112 137 7
204 38 11
486 222 41
16 387 10
317 329 16
120 717 31
624 225 15
452 575 30
619 324 40
23 410 37
421 126 37
585 282 19
85 197 25
649 371 11
531 123 32
574 81 20
403 372 6
477 330 34
190 660 6
598 38 3
98 77 43
550 45 22
116 702 16
74 317 1
476 404 29
365 657 3
439 219 2
124 83 22
115 685 39
248 215 32
508 181 11
82 464 28
675 154 13
605 80 45
198 656 1
92 594 13
196 399 18
256 103 11
479 464 11
424 191 23
230 207 39
219 371 16
346 251 35
374 95 27
580 544 5
496 408 41
330 155 2
395 13 25
277 406 30
126 416 4
410 677 31
37 424 7
388 539 30
298 112 40
335 16 35
218 478 17
16 69 44
515 402 14
9 497 24
445 605 39
233 415 5
322 128 9
483 630 45
344 598 42
296 525 22
463 94 14
10 353 33
639 271 15
218 434 7
550 143 43
254 193 34
585 178 40
292 606 32
208 245 5
121 489 23
506 241 25
603 12 30
577 178 28
717 435 25
365 111 44
449 345 7
32 558 10
222 689 42
70 683 38
289 444 20
27 712 28
129 358 15
135 295 9
502 465 7
609 164 41
329 685 30
96 207 29
269 444 26
362 181 6
133 698 22
122 547 13
472 391 14
286 103 44
371 138 45
571 357 18
546 41 8
443 656 35
629 694 3
327 630 45
610 375 15
461 296 33
621 512 30
225 700 4
290 215 26
541 644 13
144 49 4
25 355 21
630 3 23
446 371 40
51 58 4
278 347 15
158 370 12
593 216 27
324 420 44
154 653 22
327 235 37
559 611 8
353 436 11
626 106 38
639 474 9
151 601 20
331 388 3
510 583 23
427 33 36
109 109 22
201 494 41
411 417 28
654 137 16
119 377 19
494 716 18
14 286 20
304 498 3
239 291 5
431 566 9
602 438 18
658 54 3
699 60 29
463 121 28
674 343 43
265 36 22
453 696 33
276 146 2
344 692 2
321 392 37
438 611 16
539 267 9
417 686 28
260 368 1
602 431 29
557 719 37
18 397 11
88 653 21
150 129 16
138 57 36
429 476 34
395 702 44
177 113 20
339 293 5
601 332 44
153 670 3
22 250 28
59 605 21
135 152 15
494 667 12
254 500 7
179 123 13
526 657 35
290 470 26
59 383 5
150 328 27
701 148 36
474 477 22
201 292 33
108 702 44
407 711 20
186 146 7
531 479 7
48 23 17
626 714 25
536 436 8
710 313 45
570 72 15
295 506 44
282 678 35
11 380 3
595 112 1
507 578 29
620 285 38
173 310 41
322 48 40
200 624 11
360 438 35
671 4 20
650 286 6
697 119 17
194 327 12
377 704 19
704 149 18
133 245 17
218 64 38
358 590 14
85 528 6
276 391 5
576 383 21
523 362 23
640 462 15
238 268 30
413 219 1
86 299 1
335 131 24
439 656 9
285 86 26
606 378 7
51 721 2
410 132 26
115 63 37
543 587 31
519 14 12
25 580 10
623 346 7
306 401 27
49 430 25
366 100 26
388 422 37
143 193 28
360 536 33
275 442 36
494 25 15
500 216 3
604 632 31
285 389 27
676 280 14
125 612 5
499 92 29
190 392 41
567 581 10
505 573 18
278 366 15
547 512 14
25 275 44
546 518 14
469 463 26
248 346 45
627 631 39
574 108 37
229 636 39
706 661 41
433 520 38
393 678 5
101 271 44
124 59 23
414 9 36
499 202 30
149 262 38
78 52 6
549 506 24
220 48 22
242 70 9
185 80 45
423 476 16
262 616 23
197 561 25
499 392 20
108 263 13
702 365 44
115 158 35
59 536 28
483 670 14
498 338 32
709 542 35
161 477 26
624 553 2
83 440 24
457 272 14
316 69 1
383 19 14
184 485 15
253 179 4
222 635 13
224 702 1
163 278 13
695 546 34
606 450 11
250 367 34
509 458 7
673 575 20
397 654 44
374 556 32
691 70 31
631 248 9
662 231 12
609 675 23
496 497 17
466 43 31
73 597 9
75 106 31
268 91 2
1 348 45
130 232 23
674 80 17
163 328 40
580 408 43
300 592 33
709 604 17
501 349 15
367 316 31
236 623 38
234 675 9
69 85 13
131 19 38
384 419 2
54 460 6
178 352 19
4 53 11
270 96 45
720 396 14
22 173 6
280 245 12
596 652 33
600 695 34
11 206 28
379 377 37
244 277 17
522 716 1
168 28 26
643 699 28
301 238 35
454 636 12
647 433 15
589 133 1
431 506 24
350 1 15
180 396 7
478 701 31
341 699 32
295 691 27
695 285 20
266 351 5
622 122 26
699 640 9
542 120 31
227 247 5
579 134 4
443 538 13
391 360 15
91 702 1
701 694 20
716 605 15
453 129 18
587 232 31
647 685 32
480 504 34
709 465 32
18 366 21
394 275 12
298 717 7
717 567 5
241 426 5
322 687 1
582 525 39
713 271 44
423 520 20
256 331 35
718 198 2
485 533 25
7 41 6
582 707 33
465 147 2
349 68 13
122 28 25
354 649 11
5 68 40
424 702 5
357 569 41
143 531 19
518 429 18
689 249 4
648 579 3
570 181 31
399 331 18
705 645 23
464 683 2
704 530 7
433 118 32
97 434 25
146 518 37
523 466 43
152 389 27
146 31 12
720 560 39
27 93 42
414 600 25
329 711 12
531 223 2
552 306 4
680 246 34
340 666 35
218 102 17
320 93 37
538 244 37
168 642 26
239 127 14
572 514 7
584 623 23
93 15 30
508 684 11
299 150 30
722 408 11
562 113 44
9 126 36
107 463 40
257 286 31
100 620 13
642 7 36
307 418 19
48 531 40
353 474 1
85 430 37
61 676 24
492 370 40
620 175 20
147 43 4
132 177 19
289 183 35
535 678 38
599 529 14
189 434 21
708 468 37
187 395 23
385 427 15
352 573 43
87 318 27
153 696 3
2 219 1
65 568 42
208 354 2
257 197 24
165 275 40
240 64 7
478 41 17
298 339 34
580 505 10
697 516 10
575 513 17
27 633 31
359 500 39
221 311 30
656 423 22
173 489 34
456 523 43
475 63 36
82 47 24
362 69 31
414 670 7
86 415 28
23 394 10
226 602 4
419 472 39
103 404 9
495 125 22
161 66 40
353 533 36
96 505 2
80 383 35
263 135 12
475 445 10
195 285 2
332 109 12
455 412 6
231 425 35
389 354 1
611 574 42
498 116 36
388 712 26
262 234 37
358 678 4
720 93 23
230 70 3
214 84 35
448 421 26
29 594 30
482 482 24
227 649 34
461 550 6
70 258 22
83 378 19
506 587 34
703 589 37
651 615 3
535 626 34
671 672 37
199 72 31
56 346 33
174 429 9
229 381 33
414 269 14
263 669 44
663 205 40
635 436 35
109 571 30
562 638 25
76 697 28
296 487 16
189 418 34
45 520 20
597 623 16
91 509 31
293 135 13
148 203 13
677 410 5
156 493 9
339 245 28
483 143 6
21 544 14
536 540 14
488 460 25
469 708 17
412 223 43
122 444 44
670 318 22
44 348 43
98 497 14
5 654 22
603 206 45
235 561 15
162 270 37
617 474 18
410 381 45
283 369 1
114 165 41
576 144 3
696 598 13
386 492 43
152 80 2
399 327 20
641 76 25
509 302 23
234 716 17
681 125 26
88 215 25
607 548 3
535 427 11
12 522 45
220 308 15
366 73 27
204 385 45
412 528 13
153 402 3
234 696 3
476 648 2
166 540 29
238 44 1
687 715 42
596 454 37
593 295 42
688 126 28
524 601 40
706 92 24
401 382 31
428 77 7
296 86 34
658 373 31
691 290 22
294 73 17
273 95 21
716 283 7
217 216 40
251 469 26
44 56 27
382 81 15
458 658 37
510 697 22
623 179 33
475 217 22
26 382 7
601 305 41
384 342 21
394 103 12
645 653 16
90 7 44
145 65 29
442 128 25
679 48 43
217 269 2
442 594 12
484 286 40
519 649 1
487 568 11
241 258 7
697 668 3
413 543 22
482 421 34
534 428 26
45 199 41
369 34 11
248 290 39
436 396 42
569 173 35
329 279 23
370 595 28
158 485 33
39 339 39
241 236 35
7 161 42
86 367 16
283 201 36
171 658 14
614 129 19
548 599 22
34 167 3
290 478 15
623 368 5
40 109 18
445 650 14
72 582 40
666 707 3
22 475 4
465 534 1
179 709 36
331 494 40
610 483 19
553 177 38
620 543 45
261 441 18
474 167 43
114 596 3
491 575 6
375 659 14
507 193 33
487 66 13
596 15 45
443 254 41
144 283 42
249 162 25
214 282 24
379 710 5
270 29 18
177 74 21
425 607 8
487 352 25
153 290 39
418 395 1
689 150 18
612 379 13
451 391 31
13 715 25
285 385 41
537 364 17
678 590 7
23 180 16
475 183 30
315 115 33
240 75 4
219 412 9
621 95 33
505 722 43
348 137 7
703 598 38
299 662 3
249 516 28
296 28 43
649 326 21
500 261 31
13 421 12
375 90 22
101 31 4
616 698 22
64 648 4
535 560 21
429 402 23
140 6 41
481 21 4
206 649 18
389 147 24
418 432 31
118 380 15
18 100 12
477 21 24
612 38 15
239 364 2
540 314 39
332 273 36
583 699 3
633 587 9
173 367 5
458 110 3
350 703 13
650 192 20
92 119 20
703 132 14
415 71 22
576 520 28
575 622 27
144 110 20
717 538 33
414 39 37
329 584 1
230 239 40
541 55 3
140 229 40
121 268 12
171 292 5
169 113 4
81 334 23
291 464 2
394 704 12
173 667 8
43 526 36
122 441 36
41 307 10
371 428 45
720 656 42
412 573 45
240 411 45
276 112 7
197 417 34
335 666 27
632 646 35
362 126 44
163 29 21
36 282 20
236 597 15
609 309 43
299 179 41
150 578 10
690 509 10
468 581 43
245 282 37
496 245 27
711 255 36
380 569 34
55 713 20
291 459 10
661 171 29
393 561 11
379 159 35
83 645 1
498 150 31
558 475 26
101 266 5
474 62 2
689 247 37
418 626 16
507 656 18
161 244 4
372 304 28
712 158 2
65 18 14
422 208 42
569 152 30
642 690 31
465 513 18
457 676 41
286 423 5
674 313 2
135 539 43
200 433 11
514 214 7
346 377 11
419 674 11
407 506 8
552 644 37
307 664 23
343 582 5
191 525 1
278 212 33
537 373 17
237 353 6
423 555 39
462 80 37
170 568 30
33 641 20
128 482 12
672 641 40
20 292 2
139 187 16
36 146 31
144 636 33
691 670 17
637 132 41
494 454 45
213 654 15
377 442 17
431 198 14
321 321 44
694 78 3
367 317 4
461 479 44
352 44 5
90 329 40
252 477 23
187 632 18
705 23 1
376 217 16
627 454 5
303 161 28
389 392 11
61 12 34
38 450 44
401 279 14
622 526 10
660 700 35
80 236 43
367 542 44
279 287 38
418 705 38
637 48 31
110 325 30
674 635 28
605 685 6
159 301 12
234 18 9
74 543 40
398 355 35
191 389 30
139 176 35
685 83 17
368 120 34
466 456 41
671 335 16
442 694 6
477 427 43
446 608 45
564 606 12
104 525 6
406 430 11
691 570 18
604 633 43
370 427 35
168 230 5
152 284 44
612 394 9
484 118 29
379 360 27
639 99 15
252 177 18
555 554 42
238 634 14
548 251 32
594 145 33
178 559 43
273 145 34
706 428 11
576 661 5
392 406 45
304 410 16
121 58 45
230 650 8
19 269 11
616 191 23
305 21 25
50 213 2
297 90 23
596 559 45
317 5 22
461 290 30
693 442 37
48 239 42
231 425 41
335 219 10
615 95 6
616 601 3
272 111 20
424 500 44
289 722 42
53 406 31
377 54 9
307 372 36
260 517 8
60 342 3
286 609 39
561 112 20
160 122 17
553 618 32
622 56 25
99 99 13
360 606 36
451 85 23
484 712 12
215 242 24
258 309 27
116 186 26
385 528 33
215 249 41
510 403 26
47 570 25
583 69 32
260 413 5
262 76 20
119 180 16
386 115 14
269 653 9
198 284 4
284 23 12
17 140 42
417 443 19
630 221 2
612 174 30
124 168 37
381 202 8
361 277 31
236 472 40
185 579 9
220 149 23
37 375 11
186 496 31
603 139 45
61 233 19
278 596 14
224 124 22
520 207 13
170 145 14
218 455 43
68 414 8
511 128 45
49 525 10
549 706 15
116 527 37
619 26 29
450 644 11
589 347 2
611 259 23
616 468 39
327 40 6
436 428 44
657 559 37
373 420 20
586 707 30
518 543 11
539 393 20
286 273 21
418 685 14
107 91 20
482 409 25
146 648 30
443 178 27
590 698 38
397 199 1
691 506 3
279 282 37
160 445 44
481 55 36
164 262 9
128 189 8
708 237 22
710 5 21
613 629 36
185 102 42
416 398 24
364 321 26
716 455 21
126 201 7
223 360 41
237 108 38
170 641 4
664 208 18
708 53 20
568 494 45
32 21 38
680 78 41
555 655 2
610 96 7
276 349 2
455 629 42
647 465 28
406 132 33
114 575 16
71 714 4
704 274 31
27 44 37
60 598 20
100 630 24
297 541 29
188 579 20
461 508 28
361 308 4
696 662 35
273 573 9
517 289 44
582 632 2
505 281 42
302 554 28
342 240 44
330 3 41
404 667 24
272 335 39
123 443 8
162 40 25
304 388 16
524 602 2
217 678 16
293 70 41
561 65 10
556 345 30
669 359 21
15 244 2
424 371 16
198 658 17
594 571 19
207 425 33
171 615 39
597 643 32
617 6 37
446 238 5
112 19 4
565 248 1
532 221 2
163 256 12
30 635 26
180 122 45
358 549 39
649 564 35
204 362 33
33 105 34
325 591 30
398 331 27
292 586 26
606 24 13
189 80 14
214 621 31
273 115 15
403 429 7
170 163 26
678 104 25
280 611 3
445 145 4
382 343 40
677 418 22
677 626 2
23 435 25
685 588 26
481 595 2
102 103 26
247 349 36
249 49 25
110 636 11
338 715 43
40 621 23
583 449 9
457 396 31
670 279 12
468 594 20
683 146 27
594 547 18
437 584 39
645 410 38
474 611 18
61 390 28
354 675 16
469 175 6
309 348 16
497 349 5
705 340 36
7 185 5
74 95 10
383 376 2
326 96 35
44 386 10
676 113 7
49 319 14
102 462 45
79 719 3
429 331 29
128 524 37
147 19 4
655 425 42
219 632 4
115 61 4
171 558 31
208 136 26
195 639 24
95 312 26
276 79 6
104 221 15
389 720 29
382 50 17
448 532 29
608 455 27
319 502 3
25 590 33
693 176 37
57 338 14
217 541 20
215 266 25
635 374 5
544 73 37
338 120 20
398 455 22
153 43 35
341 42 22
600 312 1
719 324 25
582 692 27
411 240 9
294 380 31
76 340 39
515 334 16
333 124 42
426 141 22
656 666 7
594 429 27
206 275 3
115 472 27
285 663 6
460 659 7
102 688 21
323 640 24
113 381 41
253 338 5
421 509 42
120 442 10
573 310 5
645 430 15
363 453 2
687 52 41
468 672 9
206 359 36
347 670 43
517 244 39
546 272 26
641 432 26
119 236 13
205 208 13
571 545 13
310 703 43
572 695 41
510 138 19
500 341 34
711 187 40
625 102 40
382 557 19
533 362 11
603 323 19
525 662 17
378 177 24
175 501 44
259 579 37
119 99 27
545 609 38
125 625 7
271 274 43
442 451 10
425 534 12
707 91 17
278 502 21
603 496 33
2 598 7
550 489 23
42 426 32
549 192 25
46 608 16
198 186 15
594 2 4
623 514 3
299 153 28
512 244 42
434 706 32
102 505 22
484 601 10
706 257 17
596 398 6
653 651 19
390 466 11
644 256 7
470 204 25
237 77 30
481 134 11
350 641 4
57 425 27
302 203 8
220 665 12
25 511 22
683 19 31
287 348 35
16 643 12
575 371 24
166 588 4
545 282 8
634 44 9
260 510 19
597 285 6
391 194 45
425 632 26
367 697 1
579 452 25
253 447 25
519 616 19
168 356 1
222 235 40
603 452 21
88 309 44
370 40 15
76 352 5
476 287 33
76 250 13
429 300 13
104 105 35
571 664 21
426 573 16
44 717 6
392 651 33
153 694 31
706 451 1
284 326 27
5 244 33
461 635 13
25 377 17
56 62 36
189 99 35
456 669 35
36 651 26
217 310 15
183 422 14
168 469 6
251 389 44
460 56 30
140 187 13
523 638 8
629 217 44
310 141 29
256 275 10
524 351 8
430 360 42
484 591 4
363 169 29
678 18 4
393 277 11
623 430 45
273 661 7
151 371 44
619 594 35
223 203 4
178 687 10
186 636 3
274 44 15
141 215 4
158 171 42
320 88 39
112 652 33
209 242 10
262 398 18
535 495 39
382 295 16
190 495 7
335 627 44
524 364 15
390 104 45
486 209 35
397 232 39
115 413 38
16 320 8
55 209 8
445 208 39
262 80 7
51 458 34
508 399 1
102 136 2
485 269 22
165 1 4
299 38 43
554 447 37
704 393 28
327 195 25
129 513 32
717 709 7
67 604 16
129 90 37
578 564 6
216 127 27
52 491 39
550 584 35
708 609 42
238 115 41
486 491 27
265 29 4
517 573 26
380 179 37
355 183 40
684 40 18
478 260 29
535 259 30
352 528 2
95 17 12
263 259 13
309 180 38
58 656 15
493 385 5
426 68 9
133 206 43
69 407 11
717 10 25
388 481 41
368 8 23
272 357 20
667 280 33
623 632 43
706 326 13
88 463 38
229 652 35
563 669 43
269 502 22
562 445 1
558 691 28
55 194 18
53 565 39
617 131 27
241 435 42
516 364 8
386 288 7
242 156 15
617 404 35
689 690 45
337 657 27
168 390 35
443 578 1
381 636 44
44 166 35
128 222 36
713 442 6
144 403 13
144 675 26
60 627 14
614 466 1
604 630 43
200 348 21
342 388 4
150 269 34
675 416 33
216 660 15
281 236 12
478 696 16
518 141 41
422 553 1
647 498 9
297 385 28
277 686 22
722 678 40
142 407 45
285 159 41
271 302 33
24 500 13
193 99 23
471 251 31
497 323 9
203 534 32
318 294 32
507 390 4
428 257 39
321 315 30
513 6 16
110 685 8
534 292 11
534 179 2
26 34 1
360 38 23
216 612 13
321 490 7
343 518 8
63 537 14
20 702 18
257 226 45
90 79 28
89 244 25
676 398 34
401 290 2
367 82 7
535 423 32
13 97 23
661 596 11
134 130 41
145 43 26
570 718 35
385 700 5
653 233 16
666 705 17
228 46 25
628 25 12
631 298 35
262 525 36
41 69 7
297 304 30
242 638 24
16 63 1
260 633 23
325 671 32
338 627 45
137 514 38
680 612 8
458 153 1
487 186 20
604 662 18
676 41 35
233 509 4
691 165 43
616 386 6
589 157 40
357 498 14
350 173 9
713 198 12
561 533 39
108 152 24
369 300 9
281 68 3
563 201 26
636 170 30
104 69 7
611 376 31
199 540 30
535 337 16
375 684 34
604 196 32
534 367 9
83 397 21
429 522 22
605 505 15
72 107 35
703 377 16
697 568 6
541 321 4
315 32 24
15 511 17
722 55 18
693 209 12
355 590 4
97 92 45
192 304 31
344 479 5
691 705 4
67 387 43
348 188 32
117 673 13
460 590 13
30 149 3
511 289 1
454 145 1
318 348 10
538 346 11
16 250 26
333 236 24
185 675 26
571 285 30
385 499 32
428 370 11
75 561 30
160 94 1
456 257 8
268 604 18
561 660 4
59 584 31
26 25 10
68 606 40
246 603 15
318 468 1
341 418 11
137 87 10
544 479 24
90 471 36
564 588 9
169 334 19
708 431 12
17 335 10
389 410 18
532 280 13
439 280 34
671 312 42
322 85 16
442 11 9
373 211 27
452 700 38
562 670 39
393 558 25
55 187 8
26 666 10
665 61 6
362 396 33
607 115 11
319 207 19
666 534 8
200 309 16
693 468 20
364 433 14
290 357 19
414 452 26
437 206 4
91 618 32
552 241 12
481 16 21
290 598 30
426 196 11
608 175 44
658 60 17
91 662 15
257 621 34
102 16 29
498 454 8
305 263 28
661 623 1
4 692 29
105 329 44
488 135 37
649 17 39
143 209 19
297 192 27
70 328 38
530 176 6
379 190 32
402 208 8
540 411 43
63 487 25
193 176 24
367 133 43
153 510 36
272 694 20
26 316 41
102 280 29
591 305 43
436 122 42
10 629 3
682 625 35
563 262 42
340 570 22
505 325 23
341 414 26
35 449 37
441 638 7
309 77 2
423 613 30
637 134 29
675 342 35
289 347 34
647 99 27
668 373 25
383 2 27
195 185 34
647 9 11
94 195 32
493 214 2
318 363 23
375 171 8
524 593 37
397 456 16
461 628 8
165 708 42
5 656 2
317 232 44
132 310 25
218 561 42
383 73 45
503 489 8
589 78 28
409 280 41
390 1 6
580 275 44
145 610 26
521 545 35
304 185 7
200 158 23
344 29 9
33 443 29
218 247 35
14 644 3
154 243 38
603 692 28
564 91 18
25 203 14
90 471 5
676 595 45
536 131 6
522 431 27
556 289 40
128 8 19
540 582 37
700 682 13
144 646 25
132 87 29
541 356 32
420 427 22
88 194 1
557 42 26
457 125 25
142 248 17
15 547 17
720 369 23
435 173 4
477 35 38
445 159 12
471 689 19
438 504 8
159 295 40
256 580 45
53 163 20
623 677 35
560 136 26
698 208 20
160 181 27
402 497 3
661 661 5
659 496 1
95 68 35
614 86 6
722 454 42
494 582 40
428 3 21
57 143 27
75 553 23
699 29 43
466 415 12
82 642 14
60 374 34
122 531 29
308 707 43
77 54 41
449 119 16
10 368 3
468 497 25
62 359 7
707 455 29
83 225 6
548 13 37
527 135 25
41 536 11
204 533 22
614 570 24
416 456 35
459 393 43
691 577 37
702 175 28
85 406 39
446 196 14
217 192 26
66 203 15
648 507 18
672 226 8
429 200 43
125 489 34
60 111 26
343 359 38
415 489 8
248 701 24
494 456 45
322 239 29
503 69 8
161 307 6
23 414 39
613 496 11
35 719 17
576 675 43
311 437 34
222 170 33
478 201 9
259 286 43
276 397 39
154 329 16
266 80 15
563 486 40
616 288 9
553 343 25
295 304 4
65 295 42
560 506 39
370 573 16
222 12 27
546 628 25
277 601 11
619 379 34
449 563 44
607 107 42
486 612 8
176 349 17
125 18 30
71 263 20
612 436 13
462 659 36
589 371 42
451 70 12
569 667 33
80 291 3
628 20 28
436 448 29
201 657 44
499 720 13
570 614 45
326 75 5
675 1 4
382 166 14
453 462 17
29 397 14
560 133 42
197 479 45
100 244 43
419 83 9
510 666 31
361 212 37
542 298 14
621 372 5
544 657 28
60 497 17
416 226 44
573 35 13
193 360 5
102 675 10
45 501 29
68 282 15
577 375 25
622 386 44
148 705 2
443 341 19
672 497 12
702 495 5
116 319 32
312 256 43
312 228 36
384 719 23
682 168 12
484 653 12
197 460 36
327 263 36
45 268 39
594 394 23
23 296 27
378 170 31
621 609 5
196 127 30
403 440 30
104 488 16
505 593 35
170 495 32
711 352 2
576 86 45
105 222 30
719 351 9
402 656 23
201 184 42
311 167 20
419 437 1
401 234 20
520 445 10
102 96 32
185 196 40
413 690 26
83 115 42
251 239 19
450 574 12
428 260 28
145 310 13
228 200 37
572 531 32
380 449 3
400 556 17
670 529 25
684 112 41
601 617 34
519 188 42
23 518 6
314 309 30
282 294 2
707 40 45
647 497 45
486 115 9
414 245 23
145 118 20
228 337 35
81 630 36
549 14 1
510 547 34
610 375 24
625 343 35
210 184 14
452 710 39
445 123 14
547 239 23
233 456 11
439 105 10
678 388 20
252 247 18
599 154 1
57 107 3
212 301 16
394 678 29
451 180 6
27 646 6
9 686 25
23 372 45
421 284 33
512 481 1
121 653 18
312 331 9
183 648 17
386 607 45
597 607 13
98 495 42
203 166 9
696 11 20
425 232 34
322 161 13
66 294 15
127 166 7
510 127 16
551 252 20
702 101 45
287 547 1
524 439 36
159 690 3
604 117 11
672 352 23
64 557 1
481 125 17
659 402 31
695 259 28
372 247 32
341 341 25
145 622 17
28 5 2
481 125 11
492 265 24
494 621 27
587 48 42
97 602 44
449 718 3
392 205 34
163 252 33
2 287 30
201 561 38
481 168 15
380 150 39
68 583 39
221 124 36
511 605 23
96 675 14
276 383 32
570 443 37
377 444 24
488 551 18
97 31 43
128 400 31
654 148 23
28 47 1
411 553 11
708 247 34
461 385 5
122 472 33
553 74 11
404 526 44
327 326 39
167 551 4
34 297 21
679 571 15
626 190 31
540 654 6
433 177 2
69 245 19
89 535 27
711 34 19
322 265 40
21 344 29
84 671 28
131 696 31
246 446 16
677 536 27
614 708 16
532 711 45
280 311 36
495 361 45
352 597 24
712 522 45
722 587 19
549 40 23
712 220 43
469 443 25
23 392 11
407 405 2
27 593 32
44 407 36
644 234 2
417 613 1
389 619 30
196 97 10
124 595 24
41 676 6
442 220 40
266 158 34
346 124 6
167 573 41
370 255 17
416 507 15
45 263 40
299 8 12
160 576 22
637 496 37
511 514 36
567 653 28
96 79 37
311 495 19
690 703 14
114 183 42
396 697 15
81 674 28
247 169 20
498 641 29
371 273 28
204 362 19
54 687 9
334 126 21
121 394 19
390 606 2
446 190 45
246 671 26
580 584 18
639 202 40
56 276 33
646 144 9
96 234 38
147 6 44
82 308 4
159 707 24
647 705 39
525 143 21
64 591 6
598 540 33
610 50 40
417 177 9
397 179 23
222 431 1
98 546 9
207 631 6
29 451 12
1 22 37
354 118 44
322 236 23
521 72 8
300 587 33
50 368 16
368 513 8
332 623 13
11 631 45
134 680 29
127 22 42
182 459 31
316 163 31
47 647 13
214 394 32
360 643 13
304 606 29
518 388 19
301 647 20
593 30 44
35 137 17
63 404 17
623 488 33
386 22 40
252 507 13
499 117 45
48 401 18
592 649 2
19 658 32
700 611 13
493 59 45
651 27 22
467 276 18
210 638 7
587 524 15
6 648 10
492 44 10
689 497 29
393 522 16
479 137 10
456 99 23
433 316 22
424 208 12
575 191 40
603 70 22
572 132 40
26 542 24
246 359 11
702 189 10
224 260 29
573 77 28
183 525 41
268 524 37
178 399 32
32 12 39
516 570 21
536 182 39
405 163 40
592 341 16
272 552 26
676 489 41
3 224 30
694 132 26
8 8 37
37 483 14
383 139 5
393 676 36
561 23 21
623 609 4
414 224 36
575 185 38
213 490 3
33 185 6
222 559 5
143 529 17
631 153 37
607 501 13
344 293 45
333 616 33
94 460 11
282 178 1
342 433 38
88 146 24
239 66 17
67 420 1
215 274 30
149 700 7
448 270 44
67 508 42
661 639 28
562 702 29
50 130 11
584 140 45
369 63 24
144 301 13
3 388 32
131 380 11
174 290 35
301 62 31
20 395 13
251 370 41
239 259 12
363 359 43
464 461 27
191 89 27
214 23 8
77 6 2
267 140 3
154 442 6
660 216 12
54 455 34
681 557 33
146 441 13
142 7 40
636 249 16
387 8 1
523 272 40
92 344 9
633 672 33
534 663 13
255 100 36
600 657 28
97 157 28
640 175 20
415 441 16
706 13 16
243 602 15
109 247 11
76 160 8
5 46 17
402 419 35
58 487 44
294 134 21
148 433 2
534 458 5
418 280 35
587 105 17
170 705 11
211 311 45
369 675 17
441 569 10
320 555 21
131 557 27
590 366 20
318 161 15
648 677 31
147 99 5
295 604 29
93 181 1
336 679 5
721 397 12
47 511 34
632 701 35
251 64 29
106 116 5
471 198 42
46 53 10
582 429 10
523 396 4
575 361 15
684 541 9
701 315 5
538 43 20
62 83 8
7 214 7
547 246 12
364 387 37
375 292 14
684 684 32
453 309 9
30 138 24
498 502 43
380 706 5
323 201 19
102 101 30
61 651 38
218 358 41
696 693 32
446 335 11
543 47 10
496 353 6
166 191 11
483 224 38
246 151 31
437 30 9
223 539 15
419 147 6
87 426 20
335 604 19
52 402 27
615 100 34
533 522 43
495 441 8
13 548 11
70 402 18
164 216 30
195 142 18
49 2 18
248 187 27
710 399 27
580 473 22
672 99 26
330 640 25
461 233 30
464 566 37
460 606 27
382 333 29
187 593 40
96 487 13
114 489 12
292 37 9
387 31 2
24 541 28
488 282 39
519 26 12
195 557 39
564 624 20
658 374 27
298 609 20
366 608 8
176 456 36
15 225 20
11 319 32
565 386 37
498 507 11
155 607 14
77 236 14
573 547 39
204 631 24
226 554 32
272 114 17
461 637 32
445 540 45
688 170 6
444 499 32
594 300 29
429 204 43
117 332 18
95 720 29
586 301 29
551 85 11
260 278 21
551 293 24
477 574 33
140 690 38
698 216 12
589 672 19
513 257 35
515 506 18
183 297 21
209 345 11
567 228 15
32 122 27
142 126 29
57 675 24
354 124 42
350 91 38
678 344 21
652 317 37
366 283 35
186 61 40
324 173 18
640 13 35
160 570 38
80 439 38
360 430 10
555 679 5
471 369 3
345 709 40
477 453 9
4 358 13
243 470 8
118 476 40
261 13 14
223 101 3
68 6 43
465 77 39
131 694 15
22 702 12
112 706 36
260 316 34
568 687 3
180 720 10
668 654 11
618 709 14
497 180 16
462 18 12
522 233 18
44 176 18
588 394 22
420 462 14
339 607 7
634 94 32
534 464 26
315 693 39
668 156 42
174 434 32
701 495 29
133 635 14
647 326 7
516 381 45
78 633 29
429 456 39
695 402 20
700 636 23
572 5 15
531 379 25
685 652 19
417 623 22
520 444 20
244 131 9
499 550 45
507 383 22
66 453 6
315 518 4
644 216 34
531 228 42
204 476 43
462 288 15
535 541 36
689 88 34
588 399 44
527 697 29
344 335 23
609 272 2
514 403 6
412 682 2
328 714 36
619 486 4
702 274 33
62 315 15
23 230 29
294 479 19
229 226 2
529 703 20
10 73 38
371 233 6
472 338 36
656 101 8
435 497 41
291 467 42
545 152 30
697 499 10
407 5 3
370 200 38
539 571 35
299 556 17
301 126 38
101 625 35
27 39 18
352 612 31
242 16 32
696 511 40
428 64 1
218 457 29
650 104 34
94 460 38
225 334 37
591 178 35
296 591 2
146 453 35
270 388 35
72 140 13
644 717 20
65 582 45
113 626 45
197 613 6
661 141 41
402 218 6
555 219 42
551 199 44
334 601 23
691 423 8
661 337 37
716 133 17
407 414 10
365 161 41
685 631 33
630 212 31
329 83 41
139 262 18
627 455 42
174 600 1
113 549 32
263 407 33
100 208 7
663 501 4
247 133 44
708 674 11
365 685 13
664 232 14
401 684 18
566 273 27
617 445 5
475 286 29
674 237 38
394 332 14
282 54 23
114 285 44
624 64 18
571 439 34
197 476 9
702 306 17
398 280 14
348 526 20
504 193 23
535 172 5
38 182 12
109 17 24
141 101 37
552 2 21
188 83 28
185 332 26
588 253 28
409 626 22
513 669 24
564 518 30
531 190 22
318 650 9
42 679 18
252 722 40
708 235 42
188 321 8
461 409 20
680 209 29
184 612 20
311 544 21
61 635 29
509 511 41
528 202 43
627 415 43
105 458 24
270 358 25
528 696 27
254 186 44
667 137 12
641 28 28
505 256 30
581 535 6
114 123 43
609 42 41
475 251 18
204 320 39
213 78 27
243 324 19
125 476 31
157 294 17
229 471 10
73 611 28
710 167 31
39 52 11
679 577 30
637 81 4
381 225 17
612 154 26
591 211 45
595 722 11
17 393 32
659 514 6
522 15 15
497 255 3
419 595 20
199 69 17
496 629 24
475 397 10
414 309 41
256 27 1
63 680 41
577 430 30
371 290 11
68 689 22
12 229 11
215 154 41
527 397 26
629 630 37
640 560 33
201 681 23
27 510 34
579 579 19
641 136 1
365 450 2
250 529 16
213 460 38
696 304 12
491 382 23
326 216 42
370 584 26
313 37 31
426 84 2
482 501 2
195 55 38
668 674 44
512 126 10
81 537 1
154 501 14
329 501 10
464 348 26
529 239 16
499 258 18
691 487 7
632 160 2
434 467 11
23 302 25
551 250 1
193 252 43
137 578 1
494 435 5
526 138 27
434 15 41
408 108 18
635 530 10
678 627 15
423 103 25
438 67 32
660 577 44
246 371 31
636 288 38
92 536 28
36 559 24
643 589 6
311 717 22
664 564 36
238 555 42
348 643 37
421 136 37
275 451 9
543 616 24
360 37 9
666 367 25
151 313 13
704 178 39
71 225 30
639 475 41
606 81 42
46 297 26
367 271 6
590 479 30
588 350 27
663 120 25
603 178 43
412 69 43
480 565 31
455 393 30
2 558 8
123 33 9
145 694 4
552 600 26
653 180 43
105 108 33
42 707 19
429 194 42
311 435 5
693 142 14
327 478 5
206 706 39
237 326 13
276 45 42
25 22 38
218 207 32
234 685 7
670 449 19
287 181 28
557 495 39
719 489 16
539 436 3
458 399 44
347 644 43
287 413 41
124 295 21
113 220 1
12 440 17
501 69 38
58 94 22
91 552 37
23 683 20
677 487 28
584 491 16
578 336 8
244 683 24
260 456 33
178 398 9
441 435 34
22 523 44
608 88 6
466 581 39
146 282 39
498 61 2
683 697 19
678 688 6
659 348 5
593 114 4
504 263 3
217 141 9
78 702 3
627 216 9
525 350 38
444 354 11
107 677 26
515 223 33
261 578 15
260 555 44
109 281 42
591 364 18
207 468 25
569 616 29
653 404 7
192 173 45
230 654 16
195 415 8
700 198 25
334 562 29
236 179 39
66 453 29
22 290 11
197 533 28
349 652 19
497 101 39
718 246 1
131 589 15
461 368 1
700 459 40
393 462 35
334 420 33
45 152 25
539 278 3
617 444 36
52 170 34
581 169 40
444 297 9
681 122 26
335 590 1
403 112 28
246 155 7
245 368 39
16 3 5
501 450 38
349 182 31
526 66 3
484 223 16
327 477 32
255 644 40
32 495 29
528 634 40
127 417 45
671 603 12
51 173 41
227 705 19
346 513 35
589 180 7
162 12 29
301 156 30
517 218 3
472 552 6
195 677 3
185 22 37
316 541 8
29 504 28
608 545 16
542 223 45
147 495 29
329 720 33
60 676 43
162 269 20
645 410 36
581 463 42
20 603 20
700 662 24
261 284 36
634 247 41
163 702 24
179 165 24
225 80 12
600 454 2
384 188 32
707 536 14
637 122 12
89 394 42
713 138 25
257 594 13
385 611 20
269 40 29
142 136 33
659 572 16
243 204 36
680 19 12
48 417 21
604 156 14
523 110 15
77 618 24
120 207 20
490 632 27
577 288 18
547 660 5
284 56 26
343 519 37
558 122 22
180 592 11
279 700 4
399 650 13
607 492 42
393 603 18
50 693 14
476 190 12
255 453 21
122 290 18
97 313 36
163 696 14
667 3 45
35 584 11
333 267 19
124 46 12
471 531 2
505 36 5
406 281 33
344 539 30
503 680 30
451 556 23
487 695 28
163 518 16
379 274 42
433 505 44
620 538 44
653 289 25
355 97 4
233 563 8
679 324 25
590 243 27
168 645 34
361 544 41
710 138 3
620 661 34
691 261 27
445 53 24
54 357 17
705 355 36
529 41 12
218 722 39
436 575 25
200 121 28
256 292 44
285 72 45
525 515 11
387 502 36
293 233 38
718 576 38
449 609 17
329 315 34
520 10 6
413 493 2
631 528 24
438 429 13
55 248 6
709 12 11
101 428 8
317 187 2
448 151 2
651 698 25
572 320 20
5 503 5
709 183 16
383 544 22
260 703 4
46 562 2
536 78 38
281 695 30
700 41 16
119 594 8
189 394 1
480 655 45
319 318 40
22 287 20
134 672 36
266 36 32
186 97 9
228 622 22
463 396 28
157 22 26
300 258 38
661 467 2
70 434 33
639 433 5
707 412 25
308 28 37
224 704 40
300 94 10
230 345 29
271 562 24
8 154 34
189 711 1
384 487 32
612 241 5
249 546 16
637 292 8
388 184 20
87 693 13
370 257 20
320 501 41
579 382 33
261 420 38
239 83 10
663 19 12
636 565 5
169 464 9
241 333 21
409 501 19
382 479 27
215 663 3
150 239 13
269 712 21
136 23 11
156 73 1
192 573 35
627 586 28
256 475 42
719 635 23
652 149 13
142 477 26
535 167 26
322 402 25
22 465 24
285 345 34
226 453 32
412 323 23
76 2 19
127 673 36
105 412 2
413 110 18
61 23 11
663 109 41
513 284 33
680 162 31
97 687 5
47 648 40
702 145 15
149 554 3
266 710 35
695 25 42
225 266 41
579 199 15
73 522 29
659 701 22
684 605 24
711 592 3
373 66 4
537 114 9
154 424 22
459 319 7
485 612 37
642 617 30
265 19 44
268 496 6
480 655 44
141 93 20
444 67 25
464 143 27
642 72 20
522 400 16
180 694 17
423 600 12
673 476 2
214 545 20
102 119 16
441 480 36
319 105 43
565 455 27
195 508 27
4 388 34
564 493 19
630 419 24
645 234 17
620 616 5
329 415 39
292 568 26
427 172 33
556 302 18
656 64 13
92 309 40
176 415 18
289 360 45
305 148 37
196 106 11
349 40 2
505 421 23
396 650 36
72 257 42
568 68 33
654 647 12
114 450 28
553 681 35
68 629 32
179 518 7
445 184 9
394 117 5
268 601 41
683 328 41
118 327 30
543 310 32
243 322 30
232 557 13
679 700 43
49 151 1
681 117 44
162 566 14
479 394 27
175 527 4
418 564 5
24 93 40
118 566 30
336 524 30
212 675 15
235 710 19
254 430 34
227 402 43
705 237 2
130 441 45
83 141 19
722 106 17
298 11 17
371 591 32
105 143 38
267 39 35
628 253 3
193 718 12
680 708 22
133 611 33
608 547 19
97 3 23
113 401 3
342 345 11
223 176 45
532 403 30
78 142 27
442 623 12
575 460 18
640 132 10
449 580 21
181 509 28
416 610 39
327 654 13
468 315 30
43 14 23
420 274 44
681 98 24
13 200 20
544 557 3
671 7 16
363 533 32
269 661 6
358 620 11
109 289 3
2 330 25
548 31 43
394 120 20
509 263 21
507 465 10
283 403 37
152 101 15
124 640 22
490 460 24
63 281 22
620 78 20
719 350 19
49 152 10
207 176 1
643 118 1
562 682 23
370 262 17
399 675 43
299 163 45
514 710 25
625 351 39
482 535 16
634 103 22
154 722 20
203 363 32
385 578 6
599 98 27
5 545 10
152 246 11
515 519 20
600 268 41
291 538 13
569 469 16
438 504 44
495 491 5
458 621 8
43 476 43
347 54 10
474 322 39
344 515 9
473 136 22
401 207 10
217 599 3
427 388 34
179 154 37
263 453 32
211 34 30
720 295 34
98 411 38
422 717 41
53 377 37
667 624 38
638 148 1
41 125 20
333 542 27
217 389 27
102 701 32
230 671 36
662 319 5
461 593 41
650 26 40
143 127 37
474 25 14
661 462 6
205 354 35
205 697 44
616 483 38
608 43 23
4 258 21
59 389 19
448 540 13
340 692 24
220 708 44
344 334 26
543 520 30
619 63 37
193 359 3
116 511 21
712 525 20
673 519 25
253 464 9
714 546 3
641 67 11
138 232 39
104 218 5
535 535 14
652 304 6
513 329 13
513 107 9
55 210 31
264 501 35
717 464 14
532 381 28
499 294 44
232 566 18
705 304 45
274 98 41
355 97 43
634 181 45
537 630 18
292 78 13
701 126 42
130 161 2
710 89 41
52 622 20
41 448 11
662 395 28
28 694 37
621 346 15
501 248 8
174 686 5
669 452 45
578 608 35
585 104 19
402 517 14
289 441 1
121 224 27
292 153 16
647 244 11
181 603 16
98 411 15
216 415 18
441 56 10
144 211 28
566 378 11
422 625 19
558 419 14
205 490 6
191 613 27
623 262 8
86 470 34
265 90 17
596 636 1
390 137 18
426 664 29
85 352 5
151 396 41
522 141 31
471 385 7
450 648 2
655 679 28
170 289 25
58 644 21
675 615 22
677 218 40
524 202 2
587 222 23
254 341 9
330 33 38
264 510 8
673 437 42
718 270 3
530 43 27
448 663 28
317 280 9
701 489 7
3 664 40
74 36 36
296 307 38
38 570 45
507 485 18
29 332 20
594 405 26
518 59 35
516 74 5
237 719 36
62 263 15
479 459 8
695 491 38
679 499 33
293 669 32
213 302 10
78 577 37
605 665 14
657 444 8
378 566 9
336 684 25
275 677 8
302 13 27
688 232 22
456 271 22
118 665 29
483 437 37
390 695 39
572 669 36
107 559 1
347 362 44
245 43 37
699 562 18
362 162 25
639 215 43
332 548 26
228 190 8
671 3 20
300 135 43
178 560 10
190 623 1
441 42 35
47 128 24
467 507 12
502 672 2
456 686 21
411 311 43
56 456 14
502 550 19
620 630 16
526 703 20
103 397 5
599 405 11
348 582 26
500 626 36
374 11 30
293 394 23
665 592 1
93 536 7
121 138 8
48 33 27
183 610 5
189 107 6
131 564 28
465 379 9
169 706 30
432 100 27
177 607 35
570 116 4
363 325 21
482 289 11
100 556 31
708 126 34
666 454 5
517 720 38
600 448 31
715 35 18
707 423 28
29 459 31
470 539 14
381 713 13
224 536 26
132 329 28
560 275 39
670 618 38
450 2 23
72 403 31
267 252 14
398 473 7
622 116 14
71 687 22
703 591 9
718 124 12
219 129 13
626 351 36
160 503 26
487 437 38
536 714 21
151 302 29
18 494 37
326 439 43
212 613 44
274 252 19
457 605 18
591 509 20
201 418 30
36 609 16
150 657 34
44 258 38
413 527 10
184 202 38
476 415 15
5 162 29
34 573 24
616 430 39
84 301 7
458 704 41
644 220 8
73 695 26
557 277 11
482 712 2
278 86 15
497 374 25
276 338 39
94 548 13
333 666 2
450 607 4
27 73 41
302 161 7
48 287 32
155 170 2
115 529 39
466 323 20
146 308 5
430 563 11
485 256 16
369 70 23
672 519 27
81 447 44
203 253 25
18 22 30
547 410 44
498 714 32
249 704 4
694 67 13
193 480 25
273 152 5
86 388 3
146 65 3
367 427 9
610 137 34
661 355 8
249 470 11
582 584 16
437 274 34
438 518 36
249 343 36
238 259 13
18 695 30
78 87 3
147 252 18
16 670 34
278 262 36
471 231 32
432 102 22
238 123 39
617 480 45
474 7 39
530 568 35
307 85 9
659 615 24
710 444 15
259 356 15
573 525 25
224 576 20
536 60 4
600 260 38
185 487 14
666 332 8
328 200 38
174 27 39
365 344 37
636 286 41
147 321 8
551 66 20
437 291 37
18 706 31
375 124 12
219 151 19
635 611 17
223 71 34
337 687 32
654 89 4
427 314 11
634 445 31
127 160 27
109 268 44
549 686 42
204 384 10
683 229 39
637 225 10
298 613 40
200 642 33
168 114 33
245 623 44
611 458 41
638 620 7
271 119 6
638 223 42
283 10 2
27 363 31
721 252 33
157 90 16
625 654 40
671 249 45
136 28 3
219 429 44
69 316 9
106 400 31
145 620 20
464 307 20
441 463 14
262 658 4
438 92 1
389 576 22
387 219 13
111 37 22
705 694 10
689 167 19
550 549 35
460 423 32
228 604 26
562 367 37
683 649 7
557 187 19
262 177 2
236 138 42
460 202 25
110 643 7
65 311 8
575 190 18
626 233 29
174 539 39
102 550 13
414 378 7
555 59 41
130 94 2
689 638 22
641 434 10
593 358 40
284 644 5
55 224 21
197 270 28
393 184 5
46 461 5
690 540 12
641 439 44
152 572 17
710 455 36
268 715 34
648 254 5
644 48 41
162 384 38
543 155 30
184 561 17
553 609 41
27 483 39
262 373 40
408 519 11
575 699 35
488 510 4
49 419 33
147 674 45
463 177 28
199 635 38
288 706 22
131 444 2
118 23 8
325 178 33
352 140 29
541 92 25
28 263 30
72 291 9
504 209 27
366 698 6
278 34 32
551 29 17
559 161 44
656 100 41
104 336 28
334 72 28
275 104 41
434 588 40
349 619 12
156 103 1
611 668 35
125 488 32
62 333 10
262 558 43
204 478 18
60 686 40
269 92 7
257 53 23
280 35 18
125 556 38
619 281 2
600 74 41
495 137 28
619 472 44
260 605 43
191 631 45
294 52 13
136 85 43
601 184 1
693 105 3
56 554 45
486 543 11
340 263 30
673 166 14
185 404 19
299 592 6
3 28 44
686 41 26
512 179 24
114 668 30
452 589 19
668 255 40
469 487 30
373 127 37
317 171 16
230 301 38
592 153 29
162 14 43
298 16 7
107 464 6
485 388 31
363 170 2
